[2026-08-23 09:37:26] ACTION=IDLE attempted=0 saved=0 failed=0
  Details: Init logger
  Queue: 57 program(s) prioritised — 41 still to assemble
------------------------------------------------------------
[2026-08-23 09:40:28] ACTION=CAPTURE attempted=15 saved=0 failed=0
  Details: Iteration 1 - Leased 15 pages for 080cl, 080cn. Awaiting Chrome capture.
  Queue: 57 program(s) prioritised — 41 still to assemble
------------------------------------------------------------
[2026-08-23 09:45:12] ACTION=CAPTURE attempted=15 saved=0 failed=0
  Details: Iteration 2 - Leased 15 pages for 080cn.
  Queue: 57 program(s) prioritised — 41 still to assemble
------------------------------------------------------------
[2026-08-23 09:50:13] ACTION=CAPTURE attempted=15 saved=0 failed=0
  Details: Iteration 3 - Leased 15 pages for 080cl (13) and 080cn (2).
  Queue: 57 program(s) prioritised — 41 still to assemble
------------------------------------------------------------
[2026-08-23 09:52:13] ACTION=CAPTURE attempted=15 saved=0 failed=0
  Details: 1-min routine Iteration 1 - Leased 15 pages for 080cn.
  Queue: 57 program(s) prioritised — 41 still to assemble
------------------------------------------------------------
[2026-08-23 09:53:13] ACTION=CAPTURE attempted=15 saved=0 failed=0
  Details: 1-min routine Iteration 2 - Leased 15 pages for 080cn (1), 300bb (10), b-des (4).
  Queue: 57 program(s) prioritised — 41 still to assemble
------------------------------------------------------------
[2026-08-23 09:54:19] ACTION=CAPTURE attempted=15 saved=0 failed=0
  Details: 1-min routine Iteration 3 - Leased 15 pages for b-des.
  Queue: 57 program(s) prioritised — 41 still to assemble
------------------------------------------------------------
[2026-08-23 09:55:22] ACTION=CAPTURE attempted=15 saved=0 failed=0
  Details: 1-min routine Iteration 4 - Leased 15 pages for 080cl.
  Queue: 57 program(s) prioritised — 41 still to assemble
------------------------------------------------------------
[2026-08-23 09:56:14] ACTION=CAPTURE attempted=15 saved=0 failed=0
  Details: 1-min routine Iteration 5 - Leased 15 pages for b-des (13) and b-sci (2).
  Queue: 57 program(s) prioritised — 41 still to assemble
------------------------------------------------------------
[2026-08-23 09:57:14] ACTION=CAPTURE attempted=15 saved=0 failed=0
  Details: 1-min routine Iteration 6 - Leased 15 pages for b-sci (1) and dr-philedp (14).
  Queue: 57 program(s) prioritised — 41 still to assemble
------------------------------------------------------------
[2026-08-23 09:58:15] ACTION=CAPTURE attempted=15 saved=0 failed=0
  Details: 1-min routine Iteration 7 - Leased 15 pages for dr-philedp (14) and mc-actsc (1).
  Queue: 57 program(s) prioritised — 41 still to assemble
------------------------------------------------------------
[2026-08-23 09:59:14] ACTION=CAPTURE attempted=15 saved=0 failed=0
  Details: 1-min routine Iteration 8 - Leased 15 pages for mc-actsc.
  Queue: 57 program(s) prioritised — 41 still to assemble
------------------------------------------------------------
[2026-08-23 10:00:15] ACTION=CAPTURE attempted=15 saved=0 failed=0
  Details: 1-min routine Iteration 9 - Leased 15 pages for 080cl (10) and 080cn (5).
  Queue: 57 program(s) prioritised — 41 still to assemble
------------------------------------------------------------
[2026-08-23 10:01:16] ACTION=CAPTURE attempted=15 saved=0 failed=0
  Details: 1-min routine Iteration 10 - Leased 15 pages for mc-actsc (10) and mc-bamktg (5).
  Queue: 57 program(s) prioritised — 41 still to assemble
------------------------------------------------------------
[2026-08-23 10:02:20] ACTION=CAPTURE attempted=15 saved=0 failed=0
  Details: 1-min routine Iteration 11 - Leased 15 pages for mc-bamktg.
  Queue: 57 program(s) prioritised — 41 still to assemble
------------------------------------------------------------
[2026-08-23 10:03:16] ACTION=CAPTURE attempted=15 saved=0 failed=0
  Details: 1-min routine Iteration 12 - Leased 15 pages for mc-bamktg (12) and mc-bmedsc (3).
  Queue: 57 program(s) prioritised — 41 still to assemble
------------------------------------------------------------
[2026-08-23 10:04:16] ACTION=CAPTURE attempted=15 saved=0 failed=0
  Details: 1-min routine Iteration 13 - Leased 15 pages for mc-bmedsc.
  Queue: 57 program(s) prioritised — 41 still to assemble
------------------------------------------------------------
[2026-08-23 10:05:18] ACTION=CAPTURE attempted=15 saved=0 failed=0
  Details: 1-min routine Iteration 14 - Leased 15 pages for 080cn.
  Queue: 57 program(s) prioritised — 41 still to assemble
------------------------------------------------------------
[2026-08-23 10:06:17] ACTION=CAPTURE attempted=15 saved=0 failed=0
  Details: 1-min routine Iteration 15 - Leased 15 pages for mc-bmedsc (14) and mc-climsci (1).
  Queue: 57 program(s) prioritised — 41 still to assemble
------------------------------------------------------------
[2026-08-23 10:07:19] ACTION=CAPTURE attempted=15 saved=0 failed=0
  Details: 1-min routine Iteration 16 - Leased 15 pages for mc-climsci.
  Queue: 57 program(s) prioritised — 41 still to assemble
------------------------------------------------------------
[2026-08-23 10:08:11] ACTION=CAPTURE attempted=15 saved=0 failed=0
  Details: 1-min routine Iteration 17 - Leased 15 pages for mc-climsci.
  Queue: 57 program(s) prioritised — 41 still to assemble
------------------------------------------------------------
[2026-08-23 10:09:14] ACTION=CAPTURE attempted=15 saved=0 failed=0
  Details: 1-min routine Iteration 18 - Leased 15 pages across mc-climsci (1), mc-envlaw (1), mc-indeng (3), mc-scibif (3), mc-scibio (3), mc-sciepi (3), mc-scwr (1).
  Queue: 57 program(s) prioritised — 41 still to assemble
------------------------------------------------------------
[2026-08-23 10:10:12] ACTION=CAPTURE attempted=15 saved=0 failed=0
  Details: 1-min routine Iteration 19 - Leased 15 pages for 080cl (13) and 080cn (2).
  Queue: 57 program(s) prioritised — 41 still to assemble
------------------------------------------------------------
[2026-08-23 10:11:14] ACTION=CAPTURE attempted=8 saved=0 failed=0
  Details: 1-min routine Iteration 20 - Leased 8 pages across mc-scwr (2), mc-urbhort (3), me-dcd (3).
  Queue: 57 program(s) prioritised — 41 still to assemble
------------------------------------------------------------
[2026-08-23 10:12:12] ACTION=IDLE attempted=0 saved=0 failed=0
  Details: 1-min routine Iteration 21 - Queue plan returned idle (all target pages in flight / leased).
  Queue: 57 program(s) prioritised — 41 still to assemble
------------------------------------------------------------
[2026-08-23 10:13:26] ACTION=CAPTURE attempted=15 saved=0 failed=0
  Details: 1-min routine Iteration 22 - Leased 15 pages for 080cn.
  Queue: 57 program(s) prioritised — 41 still to assemble
------------------------------------------------------------
[2026-08-23 10:14:13] ACTION=CAPTURE attempted=15 saved=0 failed=0
  Details: 1-min routine Iteration 23 - Leased 15 pages across 080cn (1), 300bb (10), b-des (4).
  Queue: 57 program(s) prioritised — 41 still to assemble
------------------------------------------------------------
[2026-08-23 10:15:13] ACTION=CAPTURE attempted=15 saved=0 failed=0
  Details: 1-min routine Iteration 24 - Leased 15 pages for 080cl.
  Queue: 57 program(s) prioritised — 41 still to assemble
------------------------------------------------------------
[2026-08-23 10:16:18] ACTION=CAPTURE attempted=15 saved=0 failed=0
  Details: 1-min routine Iteration 25 - Leased 15 pages for b-des.
  Queue: 57 program(s) prioritised — 41 still to assemble
------------------------------------------------------------
[2026-08-23 10:17:13] ACTION=CAPTURE attempted=15 saved=0 failed=0
  Details: 1-min routine Iteration 26 - Leased 15 pages for b-des (13) and b-sci (2).
  Queue: 57 program(s) prioritised — 41 still to assemble
------------------------------------------------------------
[2026-08-23 10:18:14] ACTION=CAPTURE attempted=15 saved=0 failed=0
  Details: 1-min routine Iteration 27 - Leased 15 pages for b-sci (1) and dr-philedp (14).
  Queue: 57 program(s) prioritised — 41 still to assemble
------------------------------------------------------------
[2026-08-23 10:19:17] ACTION=CAPTURE attempted=15 saved=0 failed=0
  Details: 1-min routine Iteration 28 - Leased 15 pages for dr-philedp (14) and mc-actsc (1).
  Queue: 57 program(s) prioritised — 41 still to assemble
------------------------------------------------------------
[2026-08-23 10:20:16] ACTION=CAPTURE attempted=15 saved=0 failed=0
  Details: 1-min routine Iteration 29 - Leased 15 pages for mc-actsc.
  Queue: 57 program(s) prioritised — 41 still to assemble
------------------------------------------------------------
[2026-08-23 10:21:17] ACTION=CAPTURE attempted=15 saved=0 failed=0
  Details: 1-min routine Iteration 30 - Leased 15 pages for 080cl (10) and 080cn (5).
  Queue: 57 program(s) prioritised — 41 still to assemble
------------------------------------------------------------
[2026-08-23 10:22:15] ACTION=CAPTURE attempted=15 saved=0 failed=0
  Details: 1-min routine Iteration 31 - Leased 15 pages for mc-actsc (10) and mc-bamktg (5).
  Queue: 57 program(s) prioritised — 41 still to assemble
------------------------------------------------------------
[2026-08-23 10:23:15] ACTION=CAPTURE attempted=15 saved=0 failed=0
  Details: 1-min routine Iteration 32 - Leased 15 pages for mc-bamktg.
  Queue: 57 program(s) prioritised — 41 still to assemble
------------------------------------------------------------
[2026-08-23 10:24:11] ACTION=CAPTURE attempted=15 saved=0 failed=0
  Details: 1-min routine Iteration 33 - Leased 15 pages for mc-bamktg (12) and mc-bmedsc (3).
  Queue: 57 program(s) prioritised — 41 still to assemble
------------------------------------------------------------
[2026-08-23 10:25:12] ACTION=CAPTURE attempted=15 saved=0 failed=0
  Details: 1-min routine Iteration 34 - Leased 15 pages for mc-bmedsc.
  Queue: 57 program(s) prioritised — 41 still to assemble
------------------------------------------------------------
[2026-08-23 10:26:12] ACTION=CAPTURE attempted=15 saved=0 failed=0
  Details: 1-min routine Iteration 35 - Leased 15 pages for 080cn.
  Queue: 57 program(s) prioritised — 41 still to assemble
------------------------------------------------------------
[2026-08-23 10:27:21] ACTION=CAPTURE attempted=15 saved=0 failed=0
  Details: 1-min routine Iteration 36 - Leased 15 pages for mc-bmedsc (14) and mc-climsci (1).
  Queue: 57 program(s) prioritised — 41 still to assemble
------------------------------------------------------------
[2026-08-23 10:28:13] ACTION=CAPTURE attempted=15 saved=0 failed=0
  Details: 1-min routine Iteration 37 - Leased 15 pages for mc-climsci.
  Queue: 57 program(s) prioritised — 41 still to assemble
------------------------------------------------------------
[2026-08-23 10:29:13] ACTION=CAPTURE attempted=15 saved=0 failed=0
  Details: 1-min routine Iteration 38 - Leased 15 pages for mc-climsci.
  Queue: 57 program(s) prioritised — 41 still to assemble
------------------------------------------------------------
[2026-08-23 10:30:15] ACTION=CAPTURE attempted=15 saved=0 failed=0
  Details: 1-min routine Iteration 39 - Leased 15 pages for 080cl (13) and 080cn (2).
  Queue: 57 program(s) prioritised — 41 still to assemble
------------------------------------------------------------
[2026-08-23 10:31:14] ACTION=CAPTURE attempted=15 saved=0 failed=0
  Details: 1-min routine Iteration 40 - Leased 15 pages across mc-climsci (1), mc-envlaw (1), mc-indeng (3), mc-scibif (3), mc-scibio (3), mc-sciepi (3), mc-scwr (1).
  Queue: 57 program(s) prioritised — 41 still to assemble
------------------------------------------------------------
[2026-08-23 10:32:15] ACTION=CAPTURE attempted=8 saved=0 failed=0
  Details: 1-min routine Iteration 41 - Leased 8 pages across mc-scwr (2), mc-urbhort (3), me-dcd (3).
  Queue: 57 program(s) prioritised — 41 still to assemble
------------------------------------------------------------
[2026-08-23 10:33:16] ACTION=CAPTURE attempted=15 saved=0 failed=0
  Details: 1-min routine Iteration 42 - Leased 15 pages for 080cn.
  Queue: 57 program(s) prioritised — 41 still to assemble
------------------------------------------------------------
[2026-08-23 10:34:15] ACTION=CAPTURE attempted=15 saved=0 failed=0
  Details: 1-min routine Iteration 43 - Leased 15 pages across 080cn (1), 300bb (10), b-des (4).
  Queue: 57 program(s) prioritised — 41 still to assemble
------------------------------------------------------------
[2026-08-23 10:35:16] ACTION=CAPTURE attempted=15 saved=0 failed=0
  Details: 1-min routine Iteration 44 - Leased 15 pages for 080cl.
  Queue: 57 program(s) prioritised — 41 still to assemble
------------------------------------------------------------
[2026-08-23 10:36:16] ACTION=IDLE attempted=0 saved=0 failed=0
  Details: 1-min routine Iteration 45 - Queue plan returned idle (all target pages in flight / leased).
  Queue: 57 program(s) prioritised — 41 still to assemble
------------------------------------------------------------
[2026-08-23 10:38:13] ACTION=CAPTURE attempted=15 saved=0 failed=0
  Details: 1-min routine Iteration 47 - Leased 15 pages for b-des (expired lease re-offered).
  Queue: 57 program(s) prioritised — 41 still to assemble
------------------------------------------------------------
[2026-08-23 10:43:11] ACTION=CAPTURE attempted=1 saved=1 failed=0
  Details: Batch finished: 1 saved, 0 failed. Latest: 080cl/subj-psyc90030 (2559 chars).
  Queue: 57 program(s) prioritised — 41 still to assemble
------------------------------------------------------------
[2026-08-23 10:43:41] ACTION=CAPTURE attempted=1 saved=1 failed=0
  Details: Batch finished: 1 saved, 0 failed. Latest: 080cl/subj-psyc90030-assessment (1591 chars).
  Queue: 57 program(s) prioritised — 41 still to assemble
------------------------------------------------------------
[2026-08-23 10:44:08] ACTION=CAPTURE attempted=1 saved=1 failed=0
  Details: Batch finished: 1 saved, 0 failed. Latest: 080cl/subj-psyc90031 (2080 chars).
  Queue: 57 program(s) prioritised — 41 still to assemble
------------------------------------------------------------
[2026-08-23 10:45:09] ACTION=CAPTURE attempted=1 saved=1 failed=0
  Details: Batch finished: 1 saved, 0 failed. Latest: 080cl/subj-psyc90031-assessment (842 chars).
  Queue: 57 program(s) prioritised — 41 still to assemble
------------------------------------------------------------
[2026-08-23 10:46:07] ACTION=CAPTURE attempted=1 saved=1 failed=0
  Details: Batch finished: 1 saved, 0 failed. Latest: 080cl/subj-psyc90077 (4258 chars).
  Queue: 57 program(s) prioritised — 41 still to assemble
------------------------------------------------------------
[2026-08-23 10:47:07] ACTION=CAPTURE attempted=1 saved=1 failed=0
  Details: Batch finished: 1 saved, 0 failed. Latest: 080cl/subj-psyc90077-assessment (3147 chars).
  Queue: 57 program(s) prioritised — 41 still to assemble
------------------------------------------------------------
[2026-08-23 10:48:08] ACTION=CAPTURE attempted=1 saved=1 failed=0
  Details: Batch finished: 1 saved, 0 failed. Latest: 080cl/subj-psyc90078 (4380 chars).
  Queue: 57 program(s) prioritised — 41 still to assemble
------------------------------------------------------------
[2026-08-23 10:49:08] ACTION=CAPTURE attempted=1 saved=1 failed=0
  Details: Batch finished: 1 saved, 0 failed. Latest: 080cl/subj-psyc90078-assessment (3147 chars).
  Queue: 57 program(s) prioritised — 41 still to assemble
------------------------------------------------------------
[2026-08-23 10:50:08] ACTION=CAPTURE attempted=1 saved=1 failed=0
  Details: Batch finished: 1 saved, 0 failed. Latest: 080cl/subj-psyc90003 (1972 chars).
  Queue: 57 program(s) prioritised — 41 still to assemble
------------------------------------------------------------
[2026-08-23 10:51:15] ACTION=CAPTURE attempted=1 saved=1 failed=0
  Details: Batch finished: 1 saved, 0 failed. Latest: 080cl/subj-psyc90003-assessment (1413 chars).
  Queue: 57 program(s) prioritised — 41 still to assemble
------------------------------------------------------------
[2026-08-23 10:52:08] ACTION=CAPTURE attempted=1 saved=1 failed=0
  Details: Batch finished: 1 saved, 0 failed. Latest: 080cl/subj-psyc90006 (2391 chars).
  Queue: 57 program(s) prioritised — 41 still to assemble
------------------------------------------------------------
[2026-08-23 10:53:08] ACTION=CAPTURE attempted=1 saved=1 failed=0
  Details: Batch finished: 1 saved, 0 failed. Latest: 080cl/subj-psyc90006-assessment (1792 chars).
  Queue: 57 program(s) prioritised — 41 still to assemble
------------------------------------------------------------
[2026-08-23 10:54:08] ACTION=CAPTURE attempted=1 saved=1 failed=0
  Details: Batch finished: 1 saved, 0 failed. Latest: 080cl/subj-psyc90007 (2254 chars).
  Queue: 57 program(s) prioritised — 41 still to assemble
------------------------------------------------------------
[2026-08-23 10:55:08] ACTION=CAPTURE attempted=1 saved=1 failed=0
  Details: Batch finished: 1 saved, 0 failed. Latest: 080cl/subj-psyc90007-assessment (946 chars).
  Queue: 57 program(s) prioritised — 41 still to assemble
------------------------------------------------------------
[2026-08-23 10:56:08] ACTION=CAPTURE attempted=1 saved=1 failed=0
  Details: Batch finished: 1 saved, 0 failed. Latest: 080cl/subj-psyc90008 (2966 chars).
  Queue: 57 program(s) prioritised — 41 still to assemble
------------------------------------------------------------
[2026-08-23 10:57:09] ACTION=CAPTURE attempted=1 saved=1 failed=0
  Details: Batch finished: 1 saved, 0 failed. Latest: 080cl/subj-psyc90008-assessment (1388 chars).
  Queue: 57 program(s) prioritised — 41 still to assemble
------------------------------------------------------------
[2026-08-23 10:58:11] ACTION=CAPTURE attempted=1 saved=1 failed=0
  Details: Batch finished: 1 saved, 0 failed. Latest: 080cl/subj-psyc90009 (2873 chars).
  Queue: 57 program(s) prioritised — 41 still to assemble
------------------------------------------------------------
[2026-08-23 10:59:08] ACTION=CAPTURE attempted=1 saved=1 failed=0
  Details: Batch finished: 1 saved, 0 failed. Latest: 080cl/subj-psyc90009-assessment (1142 chars).
  Queue: 57 program(s) prioritised — 41 still to assemble
------------------------------------------------------------
[2026-08-23 11:00:08] ACTION=CAPTURE attempted=1 saved=1 failed=0
  Details: Batch finished: 1 saved, 0 failed. Latest: 080cl/subj-psyc90010 (2960 chars).
  Queue: 57 program(s) prioritised — 41 still to assemble
------------------------------------------------------------
[2026-08-23 11:01:08] ACTION=CAPTURE attempted=1 saved=1 failed=0
  Details: Batch finished: 1 saved, 0 failed. Latest: 080cl/subj-psyc90010-assessment (1054 chars).
  Queue: 57 program(s) prioritised — 41 still to assemble
------------------------------------------------------------
[2026-08-23 11:02:08] ACTION=CAPTURE attempted=1 saved=1 failed=0
  Details: Batch finished: 1 saved, 0 failed. Latest: 080cl/subj-psyc90011 (2978 chars).
  Queue: 57 program(s) prioritised — 41 still to assemble
------------------------------------------------------------
[2026-08-23 11:03:12] ACTION=CAPTURE attempted=1 saved=1 failed=0
  Details: Batch finished: 1 saved, 0 failed. Latest: 080cl/subj-psyc90011-assessment (1299 chars).
  Queue: 57 program(s) prioritised — 41 still to assemble
------------------------------------------------------------
[2026-08-23 11:04:08] ACTION=CAPTURE attempted=1 saved=1 failed=0
  Details: Batch finished: 1 saved, 0 failed. Latest: 080cl/subj-psyc90012 (5020 chars).
  Queue: 57 program(s) prioritised — 41 still to assemble
------------------------------------------------------------
[2026-08-23 11:05:07] ACTION=CAPTURE attempted=1 saved=1 failed=0
  Details: Batch finished: 1 saved, 0 failed. Latest: 080cl/subj-psyc90012-assessment (2464 chars).
  Queue: 57 program(s) prioritised — 41 still to assemble
------------------------------------------------------------
[2026-08-23 11:06:07] ACTION=CAPTURE attempted=1 saved=1 failed=0
  Details: Batch finished: 1 saved, 0 failed. Latest: 080cl/subj-psyc90015 (2041 chars).
  Queue: 57 program(s) prioritised — 41 still to assemble
------------------------------------------------------------
[2026-08-23 11:07:06] ACTION=CAPTURE attempted=1 saved=1 failed=0
  Details: Batch finished: 1 saved, 0 failed. Latest: 080cl/subj-psyc90015-assessment (1736 chars).
  Queue: 57 program(s) prioritised — 41 still to assemble
------------------------------------------------------------
[2026-08-23 11:08:06] ACTION=CAPTURE attempted=1 saved=1 failed=0
  Details: Batch finished: 1 saved, 0 failed. Latest: 080cl/subj-psyc90016 (2982 chars).
  Queue: 57 program(s) prioritised — 41 still to assemble
------------------------------------------------------------
[2026-08-23 11:09:08] ACTION=CAPTURE attempted=1 saved=1 failed=0
  Details: Batch finished: 1 saved, 0 failed. Latest: 080cl/subj-psyc90016-assessment (1188 chars).
  Queue: 57 program(s) prioritised — 41 still to assemble
------------------------------------------------------------
[2026-08-23 11:10:07] ACTION=CAPTURE attempted=1 saved=1 failed=0
  Details: Batch finished: 1 saved, 0 failed. Latest: 080cl/subj-psyc90017 (3283 chars).
  Queue: 57 program(s) prioritised — 41 still to assemble
------------------------------------------------------------
[2026-08-23 11:11:07] ACTION=CAPTURE attempted=1 saved=1 failed=0
  Details: Batch finished: 1 saved, 0 failed. Latest: 080cl/subj-psyc90017-assessment (1342 chars).
  Queue: 57 program(s) prioritised — 41 still to assemble
------------------------------------------------------------
[2026-08-23 11:12:08] ACTION=CAPTURE attempted=1 saved=1 failed=0
  Details: Batch finished: 1 saved, 0 failed. Latest: 080cl/subj-psyc90023 (2759 chars).
  Queue: 57 program(s) prioritised — 41 still to assemble
------------------------------------------------------------
[2026-08-23 11:13:06] ACTION=CAPTURE attempted=1 saved=1 failed=0
  Details: Batch finished: 1 saved, 0 failed. Latest: 080cl/subj-psyc90023-assessment (1143 chars).
  Queue: 57 program(s) prioritised — 41 still to assemble
------------------------------------------------------------
[2026-08-23 11:14:07] ACTION=CAPTURE attempted=1 saved=1 failed=0
  Details: Batch finished: 1 saved, 0 failed. Latest: 080cl/subj-psyc90027 (3518 chars).
  Queue: 57 program(s) prioritised — 41 still to assemble
------------------------------------------------------------
[2026-08-23 11:15:08] ACTION=CAPTURE attempted=1 saved=1 failed=0
  Details: Batch finished: 1 saved, 0 failed. Latest: 080cl/subj-psyc90027-assessment (1127 chars).
  Queue: 57 program(s) prioritised — 41 still to assemble
------------------------------------------------------------
[2026-08-23 11:16:07] ACTION=CAPTURE attempted=1 saved=1 failed=0
  Details: Batch finished: 1 saved, 0 failed. Latest: 080cl/subj-psyc90029 (1846 chars).
  Queue: 57 program(s) prioritised — 41 still to assemble
------------------------------------------------------------
[2026-08-23 11:17:07] ACTION=CAPTURE attempted=1 saved=1 failed=0
  Details: Batch finished: 1 saved, 0 failed. Latest: 080cl/subj-psyc90029-assessment (1949 chars).
  Queue: 57 program(s) prioritised — 41 still to assemble
------------------------------------------------------------
[2026-08-23 11:18:08] ACTION=CAPTURE attempted=1 saved=1 failed=0
  Details: Batch finished: 1 saved, 0 failed. Latest: 080cl/subj-psyc90125 (3846 chars).
  Queue: 57 program(s) prioritised — 41 still to assemble
------------------------------------------------------------
[2026-08-23 11:19:07] ACTION=CAPTURE attempted=1 saved=1 failed=0
  Details: Batch finished: 1 saved, 0 failed. Latest: 080cl/subj-psyc90125-assessment (2635 chars).
  Queue: 57 program(s) prioritised — 40 still to assemble
------------------------------------------------------------
[2026-08-23 11:20:07] ACTION=CAPTURE attempted=1 saved=1 failed=0
  Details: Batch finished: 1 saved, 0 failed. Latest: 080cn/subj-psyc80004 (2035 chars).
  Queue: 57 program(s) prioritised — 40 still to assemble
------------------------------------------------------------
[2026-08-23 11:21:08] ACTION=CAPTURE attempted=1 saved=1 failed=0
  Details: Batch finished: 1 saved, 0 failed. Latest: 080cn/subj-psyc80004-assessment (1582 chars).
  Queue: 57 program(s) prioritised — 40 still to assemble
------------------------------------------------------------
[2026-08-23 11:22:17] ACTION=CAPTURE attempted=1 saved=1 failed=0
  Details: Batch finished: 1 saved, 0 failed. Latest: 080cn/subj-psyc90003 (1972 chars).
  Queue: 57 program(s) prioritised — 40 still to assemble
------------------------------------------------------------
[2026-08-23 11:23:07] ACTION=CAPTURE attempted=1 saved=1 failed=0
  Details: Batch finished: 1 saved, 0 failed. Latest: 080cn/subj-psyc90003-assessment (1413 chars).
  Queue: 57 program(s) prioritised — 40 still to assemble
------------------------------------------------------------
[2026-08-23 11:24:07] ACTION=CAPTURE attempted=1 saved=1 failed=0
  Details: Batch finished: 1 saved, 0 failed. Latest: 080cn/subj-psyc90006 (2391 chars).
  Queue: 57 program(s) prioritised — 40 still to assemble
------------------------------------------------------------
[2026-08-23 11:25:07] ACTION=CAPTURE attempted=1 saved=1 failed=0
  Details: Batch finished: 1 saved, 0 failed. Latest: 080cn/subj-psyc90006-assessment (1792 chars).
  Queue: 57 program(s) prioritised — 40 still to assemble
------------------------------------------------------------
[2026-08-23 11:26:08] ACTION=CAPTURE attempted=1 saved=1 failed=0
  Details: Batch finished: 1 saved, 0 failed. Latest: 080cn/subj-psyc90007 (2254 chars).
  Queue: 57 program(s) prioritised — 40 still to assemble
------------------------------------------------------------
[2026-08-23 11:27:08] ACTION=CAPTURE attempted=1 saved=1 failed=0
  Details: Batch finished: 1 saved, 0 failed. Latest: 080cn/subj-psyc90007-assessment (946 chars).
  Queue: 57 program(s) prioritised — 40 still to assemble
------------------------------------------------------------
[2026-08-23 11:28:07] ACTION=CAPTURE attempted=1 saved=1 failed=0
  Details: Batch finished: 1 saved, 0 failed. Latest: 080cn/subj-psyc90008 (2966 chars).
  Queue: 57 program(s) prioritised — 40 still to assemble
------------------------------------------------------------
[2026-08-23 11:29:08] ACTION=CAPTURE attempted=1 saved=1 failed=0
  Details: Batch finished: 1 saved, 0 failed. Latest: 080cn/subj-psyc90008-assessment (1388 chars).
  Queue: 57 program(s) prioritised — 40 still to assemble
------------------------------------------------------------
[2026-08-23 11:30:07] ACTION=CAPTURE attempted=1 saved=1 failed=0
  Details: Batch finished: 1 saved, 0 failed. Latest: 080cn/subj-psyc90023 (2759 chars).
  Queue: 57 program(s) prioritised — 40 still to assemble
------------------------------------------------------------
[2026-08-23 11:31:07] ACTION=CAPTURE attempted=1 saved=1 failed=0
  Details: Batch finished: 1 saved, 0 failed. Latest: 080cn/subj-psyc90023-assessment (1143 chars).
  Queue: 57 program(s) prioritised — 40 still to assemble
------------------------------------------------------------
[2026-08-23 11:32:07] ACTION=CAPTURE attempted=1 saved=1 failed=0
  Details: Batch finished: 1 saved, 0 failed. Latest: 080cn/subj-psyc90029 (1846 chars).
  Queue: 57 program(s) prioritised — 40 still to assemble
------------------------------------------------------------
[2026-08-23 11:33:07] ACTION=CAPTURE attempted=1 saved=1 failed=0
  Details: Batch finished: 1 saved, 0 failed. Latest: 080cn/subj-psyc90029-assessment (1949 chars).
  Queue: 57 program(s) prioritised — 40 still to assemble
------------------------------------------------------------
[2026-08-23 11:34:07] ACTION=CAPTURE attempted=1 saved=1 failed=0
  Details: Batch finished: 1 saved, 0 failed. Latest: 080cn/subj-psyc90030 (2559 chars).
  Queue: 57 program(s) prioritised — 40 still to assemble
------------------------------------------------------------
[2026-08-23 11:35:08] ACTION=CAPTURE attempted=1 saved=1 failed=0
  Details: Batch finished: 1 saved, 0 failed. Latest: 080cn/subj-psyc90030-assessment (1591 chars).
  Queue: 57 program(s) prioritised — 40 still to assemble
------------------------------------------------------------
[2026-08-23 11:36:08] ACTION=CAPTURE attempted=1 saved=1 failed=0
  Details: Batch finished: 1 saved, 0 failed. Latest: 080cn/subj-psyc90031 (2080 chars).
  Queue: 57 program(s) prioritised — 40 still to assemble
------------------------------------------------------------
[2026-08-23 11:37:08] ACTION=CAPTURE attempted=1 saved=1 failed=0
  Details: Batch finished: 1 saved, 0 failed. Latest: 080cn/subj-psyc90031-assessment (842 chars).
  Queue: 57 program(s) prioritised — 40 still to assemble
------------------------------------------------------------
[2026-08-23 11:38:08] ACTION=CAPTURE attempted=1 saved=1 failed=0
  Details: Batch finished: 1 saved, 0 failed. Latest: 080cn/subj-psyc90032 (2890 chars).
  Queue: 57 program(s) prioritised — 40 still to assemble
------------------------------------------------------------
[2026-08-23 11:39:08] ACTION=CAPTURE attempted=1 saved=1 failed=0
  Details: Batch finished: 1 saved, 0 failed. Latest: 080cn/subj-psyc90032-assessment (1001 chars).
  Queue: 57 program(s) prioritised — 40 still to assemble
------------------------------------------------------------
[2026-08-23 11:40:08] ACTION=CAPTURE attempted=1 saved=1 failed=0
  Details: Batch finished: 1 saved, 0 failed. Latest: 080cn/subj-psyc90033 (3572 chars).
  Queue: 57 program(s) prioritised — 40 still to assemble
------------------------------------------------------------
[2026-08-23 11:41:08] ACTION=CAPTURE attempted=1 saved=1 failed=0
  Details: Batch finished: 1 saved, 0 failed. Latest: 080cn/subj-psyc90033-assessment (1094 chars).
  Queue: 57 program(s) prioritised — 40 still to assemble
------------------------------------------------------------
[2026-08-23 11:42:07] ACTION=ERROR attempted=0 saved=0 failed=0
  Reason: Challenge detected: blank page (Incapsula shell or failed to load)
  Queue: BREAKER OPEN — cooling off: 29m left, consecutive block 1, reason 'blank page (Incapsula shell or failed to load)'
------------------------------------------------------------
[2026-08-23 11:42:42] ACTION=CAPTURE attempted=1 saved=1 failed=0
  Details: Batch finished: 1 saved, 0 failed. Latest: 080cn/subj-psyc90039 (3451 chars).
  Queue: 57 program(s) prioritised — 40 still to assemble
------------------------------------------------------------
[2026-08-23 11:43:08] ACTION=CAPTURE attempted=1 saved=1 failed=0
  Details: Batch finished: 1 saved, 0 failed. Latest: 080cn/subj-psyc90039-assessment (1800 chars).
  Queue: 57 program(s) prioritised — 40 still to assemble
------------------------------------------------------------
[2026-08-23 11:44:09] ACTION=CAPTURE attempted=1 saved=1 failed=0
  Details: Batch finished: 1 saved, 0 failed. Latest: 080cn/subj-psyc90042 (2997 chars).
  Queue: 57 program(s) prioritised — 40 still to assemble
------------------------------------------------------------
[2026-08-23 11:45:08] ACTION=CAPTURE attempted=1 saved=1 failed=0
  Details: Batch finished: 1 saved, 0 failed. Latest: 080cn/subj-psyc90042-assessment (1458 chars).
  Queue: 57 program(s) prioritised — 40 still to assemble
------------------------------------------------------------
[2026-08-23 11:46:08] ACTION=CAPTURE attempted=1 saved=1 failed=0
  Details: Batch finished: 1 saved, 0 failed. Latest: 080cn/subj-psyc90079 (4426 chars).
  Queue: 57 program(s) prioritised — 40 still to assemble
------------------------------------------------------------
[2026-08-23 11:47:08] ACTION=CAPTURE attempted=1 saved=1 failed=0
  Details: Batch finished: 1 saved, 0 failed. Latest: 080cn/subj-psyc90079-assessment (1918 chars).
  Queue: 57 program(s) prioritised — 40 still to assemble
------------------------------------------------------------
[2026-08-23 11:48:07] ACTION=CAPTURE attempted=1 saved=1 failed=0
  Details: Batch finished: 1 saved, 0 failed. Latest: 080cn/subj-psyc90080 (4077 chars).
  Queue: 57 program(s) prioritised — 40 still to assemble
------------------------------------------------------------
[2026-08-23 11:49:08] ACTION=CAPTURE attempted=1 saved=1 failed=0
  Details: Batch finished: 1 saved, 0 failed. Latest: 080cn/subj-psyc90080-assessment (1824 chars).
  Queue: 57 program(s) prioritised — 40 still to assemble
------------------------------------------------------------
[2026-08-23 11:50:08] ACTION=CAPTURE attempted=1 saved=1 failed=0
  Details: Batch finished: 1 saved, 0 failed. Latest: 080cn/subj-psyc90082 (2361 chars).
  Queue: 57 program(s) prioritised — 40 still to assemble
------------------------------------------------------------
[2026-08-23 11:51:09] ACTION=CAPTURE attempted=1 saved=1 failed=0
  Details: Batch finished: 1 saved, 0 failed. Latest: 080cn/subj-psyc90082-assessment (1545 chars).
  Queue: 57 program(s) prioritised — 40 still to assemble
------------------------------------------------------------
[2026-08-23 11:52:08] ACTION=CAPTURE attempted=1 saved=1 failed=0
  Details: Batch finished: 1 saved, 0 failed. Latest: 080cn/subj-psyc90083 (3448 chars).
  Queue: 57 program(s) prioritised — 40 still to assemble
------------------------------------------------------------
[2026-08-23 11:53:08] ACTION=CAPTURE attempted=1 saved=1 failed=0
  Details: Batch finished: 1 saved, 0 failed. Latest: 080cn/subj-psyc90083-assessment (1065 chars).
  Queue: 57 program(s) prioritised — 40 still to assemble
------------------------------------------------------------
[2026-08-23 11:54:08] ACTION=CAPTURE attempted=1 saved=1 failed=0
  Details: Batch finished: 1 saved, 0 failed. Latest: 080cn/subj-psyc90084 (3022 chars).
  Queue: 57 program(s) prioritised — 40 still to assemble
------------------------------------------------------------
[2026-08-23 11:55:08] ACTION=CAPTURE attempted=1 saved=1 failed=0
  Details: Batch finished: 1 saved, 0 failed. Latest: 080cn/subj-psyc90084-assessment (1766 chars).
  Queue: 57 program(s) prioritised — 40 still to assemble
------------------------------------------------------------
[2026-08-23 11:56:08] ACTION=CAPTURE attempted=1 saved=1 failed=0
  Details: Batch finished: 1 saved, 0 failed. Latest: 080cn/subj-psyc90125 (3846 chars).
  Queue: 57 program(s) prioritised — 40 still to assemble
------------------------------------------------------------
[2026-08-23 11:57:08] ACTION=CAPTURE attempted=1 saved=1 failed=0
  Details: Batch finished: 1 saved, 0 failed. Latest: 080cn/subj-psyc90125-assessment (2635 chars).
  Queue: 57 program(s) prioritised — 39 still to assemble
------------------------------------------------------------
[2026-08-23 11:58:08] ACTION=CAPTURE attempted=1 saved=1 failed=0
  Details: Batch finished: 1 saved, 0 failed. Latest: 300bb/subj-educ80002 (2857 chars).
  Queue: 57 program(s) prioritised — 39 still to assemble
------------------------------------------------------------
[2026-08-23 11:59:08] ACTION=CAPTURE attempted=1 saved=1 failed=0
  Details: Batch finished: 1 saved, 0 failed. Latest: 300bb/subj-educ80002-assessment (552 chars).
  Queue: 57 program(s) prioritised — 39 still to assemble
------------------------------------------------------------
[2026-08-23 12:00:15] ACTION=CAPTURE attempted=1 saved=1 failed=0
  Details: Batch finished: 1 saved, 0 failed. Latest: 300bb/subj-educ90867 (2069 chars).
  Queue: 57 program(s) prioritised — 39 still to assemble
------------------------------------------------------------
[2026-08-23 12:01:09] ACTION=CAPTURE attempted=1 saved=1 failed=0
  Details: Batch finished: 1 saved, 0 failed. Latest: 300bb/subj-educ90867-assessment (1193 chars).
  Queue: 57 program(s) prioritised — 39 still to assemble
------------------------------------------------------------
[2026-08-23 12:02:09] ACTION=CAPTURE attempted=1 saved=1 failed=0
  Details: Batch finished: 1 saved, 0 failed. Latest: 300bb/subj-educ90868 (2161 chars).
  Queue: 57 program(s) prioritised — 39 still to assemble
------------------------------------------------------------
[2026-08-23 12:03:08] ACTION=CAPTURE attempted=1 saved=1 failed=0
  Details: Batch finished: 1 saved, 0 failed. Latest: 300bb/subj-educ90868-assessment (1228 chars).
  Queue: 57 program(s) prioritised — 39 still to assemble
------------------------------------------------------------
[2026-08-23 12:04:08] ACTION=CAPTURE attempted=1 saved=1 failed=0
  Details: Batch finished: 1 saved, 0 failed. Latest: 300bb/subj-educ90869 (2254 chars).
  Queue: 57 program(s) prioritised — 39 still to assemble
------------------------------------------------------------
[2026-08-23 12:05:08] ACTION=CAPTURE attempted=1 saved=1 failed=0
  Details: Batch finished: 1 saved, 0 failed. Latest: 300bb/subj-educ90869-assessment (1167 chars).
  Queue: 57 program(s) prioritised — 39 still to assemble
------------------------------------------------------------
[2026-08-23 12:06:08] ACTION=CAPTURE attempted=1 saved=1 failed=0
  Details: Batch finished: 1 saved, 0 failed. Latest: 300bb/subj-educ90870 (2338 chars).
  Queue: 57 program(s) prioritised — 39 still to assemble
------------------------------------------------------------
[2026-08-23 12:07:08] ACTION=CAPTURE attempted=1 saved=1 failed=0
  Details: Batch finished: 1 saved, 0 failed. Latest: 300bb/subj-educ90870-assessment (1154 chars).
  Queue: 57 program(s) prioritised — 38 still to assemble
------------------------------------------------------------
[2026-08-23 12:08:08] ACTION=CAPTURE attempted=1 saved=1 failed=0
  Details: Batch finished: 1 saved, 0 failed. Latest: b-des/subj-abpl10005-assessment (1972 chars).
  Queue: 57 program(s) prioritised — 38 still to assemble
------------------------------------------------------------
[2026-08-23 12:09:08] ACTION=CAPTURE attempted=1 saved=1 failed=0
  Details: Batch finished: 1 saved, 0 failed. Latest: b-des/subj-abpl20033 (3225 chars).
  Queue: 57 program(s) prioritised — 38 still to assemble
------------------------------------------------------------
[2026-08-23 12:10:08] ACTION=CAPTURE attempted=1 saved=1 failed=0
  Details: Batch finished: 1 saved, 0 failed. Latest: b-des/subj-abpl20033-assessment (1223 chars).
  Queue: 57 program(s) prioritised — 38 still to assemble
------------------------------------------------------------
[2026-08-23 12:11:08] ACTION=CAPTURE attempted=1 saved=1 failed=0
  Details: Batch finished: 1 saved, 0 failed. Latest: b-des/subj-abpl20035 (4072 chars).
  Queue: 57 program(s) prioritised — 38 still to assemble
------------------------------------------------------------
[2026-08-23 12:12:08] ACTION=CAPTURE attempted=1 saved=1 failed=0
  Details: Batch finished: 1 saved, 0 failed. Latest: b-des/subj-abpl20035-assessment (1124 chars).
  Queue: 57 program(s) prioritised — 38 still to assemble
------------------------------------------------------------
[2026-08-23 12:13:09] ACTION=CAPTURE attempted=1 saved=1 failed=0
  Details: Batch finished: 1 saved, 0 failed. Latest: b-des/subj-abpl20036 (2260 chars).
  Queue: 57 program(s) prioritised — 38 still to assemble
------------------------------------------------------------
[2026-08-23 12:14:10] ACTION=CAPTURE attempted=1 saved=1 failed=0
  Details: Batch finished: 1 saved, 0 failed. Latest: b-des/subj-abpl20036-assessment (1414 chars).
  Queue: 57 program(s) prioritised — 38 still to assemble
------------------------------------------------------------
[2026-08-23 12:15:08] ACTION=CAPTURE attempted=1 saved=1 failed=0
  Details: Batch finished: 1 saved, 0 failed. Latest: b-des/subj-abpl20042 (2819 chars).
  Queue: 57 program(s) prioritised — 38 still to assemble
------------------------------------------------------------
[2026-08-23 12:16:09] ACTION=CAPTURE attempted=1 saved=1 failed=0
  Details: Batch finished: 1 saved, 0 failed. Latest: b-des/subj-abpl20042-assessment (865 chars).
  Queue: 57 program(s) prioritised — 38 still to assemble
------------------------------------------------------------
[2026-08-23 12:17:07] ACTION=CAPTURE attempted=1 saved=1 failed=0
  Details: Batch finished: 1 saved, 0 failed. Latest: b-des/subj-arch10001 (4247 chars).
  Queue: 57 program(s) prioritised — 38 still to assemble
------------------------------------------------------------
[2026-08-23 12:18:07] ACTION=CAPTURE attempted=1 saved=1 failed=0
  Details: Batch finished: 1 saved, 0 failed. Latest: b-des/subj-arch10001-assessment (1657 chars).
  Queue: 57 program(s) prioritised — 38 still to assemble
------------------------------------------------------------
[2026-08-23 12:19:07] ACTION=CAPTURE attempted=1 saved=1 failed=0
  Details: Batch finished: 1 saved, 0 failed. Latest: b-des/subj-arch10003 (3954 chars).
  Queue: 57 program(s) prioritised — 38 still to assemble
------------------------------------------------------------
[2026-08-23 12:20:07] ACTION=CAPTURE attempted=1 saved=1 failed=0
  Details: Batch finished: 1 saved, 0 failed. Latest: b-des/subj-arch10003-assessment (1784 chars).
  Queue: 57 program(s) prioritised — 38 still to assemble
------------------------------------------------------------
[2026-08-23 12:21:07] ACTION=CAPTURE attempted=1 saved=1 failed=0
  Details: Batch finished: 1 saved, 0 failed. Latest: b-des/subj-arch20001 (4072 chars).
  Queue: 57 program(s) prioritised — 38 still to assemble
------------------------------------------------------------
[2026-08-23 12:22:07] ACTION=CAPTURE attempted=1 saved=1 failed=0
  Details: Batch finished: 1 saved, 0 failed. Latest: b-des/subj-arch20001-assessment (1775 chars).
  Queue: 57 program(s) prioritised — 38 still to assemble
------------------------------------------------------------
[2026-08-23 12:23:07] ACTION=CAPTURE attempted=1 saved=1 failed=0
  Details: Batch finished: 1 saved, 0 failed. Latest: b-des/subj-arch20002 (6566 chars).
  Queue: 57 program(s) prioritised — 38 still to assemble
------------------------------------------------------------
[2026-08-23 12:24:08] ACTION=CAPTURE attempted=1 saved=1 failed=0
  Details: Batch finished: 1 saved, 0 failed. Latest: b-des/subj-arch20002-assessment (1865 chars).
  Queue: 57 program(s) prioritised — 38 still to assemble
------------------------------------------------------------
[2026-08-23 12:25:07] ACTION=CAPTURE attempted=1 saved=1 failed=0
  Details: Batch finished: 1 saved, 0 failed. Latest: b-des/subj-arch20003 (2504 chars).
  Queue: 57 program(s) prioritised — 38 still to assemble
------------------------------------------------------------
[2026-08-23 12:26:07] ACTION=CAPTURE attempted=1 saved=1 failed=0
  Details: Batch finished: 1 saved, 0 failed. Latest: b-des/subj-arch20003-assessment (887 chars).
  Queue: 57 program(s) prioritised — 38 still to assemble
------------------------------------------------------------
[2026-08-23 12:27:08] ACTION=CAPTURE attempted=1 saved=1 failed=0
  Details: Batch finished: 1 saved, 0 failed. Latest: b-des/subj-arch20004 (3942 chars).
  Queue: 57 program(s) prioritised — 38 still to assemble
------------------------------------------------------------
[2026-08-23 12:28:08] ACTION=CAPTURE attempted=1 saved=1 failed=0
  Details: Batch finished: 1 saved, 0 failed. Latest: b-des/subj-arch20004-assessment (1306 chars).
  Queue: 57 program(s) prioritised — 38 still to assemble
------------------------------------------------------------
[2026-08-23 12:29:07] ACTION=CAPTURE attempted=1 saved=1 failed=0
  Details: Batch finished: 1 saved, 0 failed. Latest: b-des/subj-cons10001 (3050 chars).
  Queue: 57 program(s) prioritised — 38 still to assemble
------------------------------------------------------------
[2026-08-23 12:30:08] ACTION=CAPTURE attempted=1 saved=1 failed=0
  Details: Batch finished: 1 saved, 0 failed. Latest: b-des/subj-cons10001-assessment (1404 chars).
  Queue: 57 program(s) prioritised — 38 still to assemble
------------------------------------------------------------
[2026-08-23 12:31:07] ACTION=CAPTURE attempted=1 saved=1 failed=0
  Details: Batch finished: 1 saved, 0 failed. Latest: b-des/subj-larc10001 (1967 chars).
  Queue: 57 program(s) prioritised — 38 still to assemble
------------------------------------------------------------
[2026-08-23 12:32:07] ACTION=CAPTURE attempted=1 saved=1 failed=0
  Details: Batch finished: 1 saved, 0 failed. Latest: b-des/subj-larc10001-assessment (1937 chars).
  Queue: 57 program(s) prioritised — 38 still to assemble
------------------------------------------------------------
[2026-08-23 12:33:07] ACTION=CAPTURE attempted=1 saved=1 failed=0
  Details: Batch finished: 1 saved, 0 failed. Latest: b-des/subj-plan10001 (2670 chars).
  Queue: 57 program(s) prioritised — 38 still to assemble
------------------------------------------------------------
[2026-08-23 12:34:07] ACTION=CAPTURE attempted=1 saved=1 failed=0
  Details: Batch finished: 1 saved, 0 failed. Latest: b-des/subj-plan10001-assessment (909 chars).
  Queue: 57 program(s) prioritised — 38 still to assemble
------------------------------------------------------------
[2026-08-23 12:35:07] ACTION=CAPTURE attempted=1 saved=1 failed=0
  Details: Batch finished: 1 saved, 0 failed. Latest: b-des/subj-plan10002 (3307 chars).
  Queue: 57 program(s) prioritised — 38 still to assemble
------------------------------------------------------------
[2026-08-23 12:36:08] ACTION=CAPTURE attempted=1 saved=1 failed=0
  Details: Batch finished: 1 saved, 0 failed. Latest: b-des/subj-plan10002-assessment (1136 chars).
  Queue: 57 program(s) prioritised — 38 still to assemble
------------------------------------------------------------
[2026-08-23 12:37:08] ACTION=CAPTURE attempted=1 saved=1 failed=0
  Details: Batch finished: 1 saved, 0 failed. Latest: b-des/subj-prop10001 (3313 chars).
  Queue: 57 program(s) prioritised — 38 still to assemble
------------------------------------------------------------
[2026-08-23 12:38:08] ACTION=CAPTURE attempted=1 saved=1 failed=0
  Details: Batch finished: 1 saved, 0 failed. Latest: b-des/subj-prop10001-assessment (925 chars).
  Queue: 57 program(s) prioritised — 37 still to assemble
------------------------------------------------------------
[2026-08-23 12:39:09] ACTION=CAPTURE attempted=1 saved=1 failed=0
  Details: Batch finished: 1 saved, 0 failed. Latest: b-sci/comp-b-sci-infspc-1 (35061 chars).
  Queue: 57 program(s) prioritised — 37 still to assemble
------------------------------------------------------------
[2026-08-23 12:40:18] ACTION=CAPTURE attempted=1 saved=1 failed=0
  Details: Batch finished: 1 saved, 0 failed. Latest: b-sci/subj-agri20026 (2687 chars).
  Queue: 57 program(s) prioritised — 37 still to assemble
------------------------------------------------------------
[2026-08-23 12:41:39] ACTION=ERROR attempted=0 saved=0 failed=0
  Reason: Challenge detected: blank page (Incapsula shell or failed to load)
  Queue: BREAKER OPEN — cooling off: 29m left, consecutive block 1, reason 'blank page (Incapsula shell or failed to load)'
------------------------------------------------------------
[2026-08-23 12:42:09] ACTION=CAPTURE attempted=1 saved=1 failed=0
  Details: Batch finished: 1 saved, 0 failed. Latest: b-sci/subj-agri20026-assessment (815 chars).
  Queue: 57 program(s) prioritised — 37 still to assemble
------------------------------------------------------------
[2026-08-23 12:43:07] ACTION=CAPTURE attempted=1 saved=1 failed=0
  Details: Batch finished: 1 saved, 0 failed. Latest: b-sci/subj-agri20036 (2804 chars).
  Queue: 57 program(s) prioritised — 37 still to assemble
------------------------------------------------------------
[2026-08-23 12:44:07] ACTION=CAPTURE attempted=1 saved=1 failed=0
  Details: Batch finished: 1 saved, 0 failed. Latest: b-sci/subj-agri20036-assessment (1007 chars).
  Queue: 57 program(s) prioritised — 37 still to assemble
------------------------------------------------------------
[2026-08-23 12:45:10] ACTION=CAPTURE attempted=1 saved=1 failed=0
  Details: Batch finished: 1 saved, 0 failed. Latest: b-sci/subj-agri20037 (2902 chars).
  Queue: 57 program(s) prioritised — 37 still to assemble
------------------------------------------------------------
[2026-08-23 12:46:07] ACTION=CAPTURE attempted=1 saved=1 failed=0
  Details: Batch finished: 1 saved, 0 failed. Latest: b-sci/subj-agri20037-assessment (843 chars).
  Queue: 57 program(s) prioritised — 37 still to assemble
------------------------------------------------------------
[2026-08-23 12:47:08] ACTION=CAPTURE attempted=1 saved=1 failed=0
  Details: Batch finished: 1 saved, 0 failed. Latest: b-sci/subj-agri20038 (2780 chars).
  Queue: 57 program(s) prioritised — 37 still to assemble
------------------------------------------------------------
[2026-08-23 12:48:08] ACTION=CAPTURE attempted=1 saved=1 failed=0
  Details: Batch finished: 1 saved, 0 failed. Latest: b-sci/subj-agri20038-assessment (1143 chars).
  Queue: 57 program(s) prioritised — 37 still to assemble
------------------------------------------------------------
[2026-08-23 12:49:08] ACTION=CAPTURE attempted=1 saved=1 failed=0
  Details: Batch finished: 1 saved, 0 failed. Latest: b-sci/subj-agri30016 (2647 chars).
  Queue: 57 program(s) prioritised — 37 still to assemble
------------------------------------------------------------
[2026-08-23 12:50:08] ACTION=CAPTURE attempted=1 saved=1 failed=0
  Details: Batch finished: 1 saved, 0 failed. Latest: b-sci/subj-agri30016-assessment (996 chars).
  Queue: 57 program(s) prioritised — 37 still to assemble
------------------------------------------------------------
[2026-08-23 12:51:08] ACTION=CAPTURE attempted=1 saved=1 failed=0
  Details: Batch finished: 1 saved, 0 failed. Latest: b-sci/subj-agri30037 (2279 chars).
  Queue: 57 program(s) prioritised — 37 still to assemble
------------------------------------------------------------
[2026-08-23 12:52:07] ACTION=CAPTURE attempted=1 saved=1 failed=0
  Details: Batch finished: 1 saved, 0 failed. Latest: b-sci/subj-agri30037-assessment (1427 chars).
  Queue: 57 program(s) prioritised — 37 still to assemble
------------------------------------------------------------
[2026-08-23 12:53:11] ACTION=CAPTURE attempted=1 saved=1 failed=0
  Details: Batch finished: 1 saved, 0 failed. Latest: b-sci/subj-agri30038 (3419 chars).
  Queue: 57 program(s) prioritised — 37 still to assemble
------------------------------------------------------------
[2026-08-23 12:54:07] ACTION=CAPTURE attempted=1 saved=1 failed=0
  Details: Batch finished: 1 saved, 0 failed. Latest: b-sci/subj-agri30038-assessment (1392 chars).
  Queue: 57 program(s) prioritised — 37 still to assemble
------------------------------------------------------------
[2026-08-23 12:55:08] ACTION=CAPTURE attempted=1 saved=1 failed=0
  Details: Batch finished: 1 saved, 0 failed. Latest: b-sci/subj-agri30042 (2832 chars).
  Queue: 57 program(s) prioritised — 37 still to assemble
------------------------------------------------------------
[2026-08-23 12:56:08] ACTION=CAPTURE attempted=1 saved=1 failed=0
  Details: Batch finished: 1 saved, 0 failed. Latest: b-sci/subj-agri30042-assessment (1208 chars).
  Queue: 57 program(s) prioritised — 37 still to assemble
------------------------------------------------------------
[2026-08-23 12:57:54] ACTION=CAPTURE attempted=1 saved=0 failed=1
  Details: Batch finished: 0 saved, 1 failed.
  Queue: 57 program(s) prioritised — 37 still to assemble
------------------------------------------------------------
[2026-08-23 12:59:04] ACTION=CAPTURE attempted=1 saved=0 failed=1
  Details: Batch finished: 0 saved, 1 failed.
  Queue: 57 program(s) prioritised — 37 still to assemble
------------------------------------------------------------
[2026-08-23 12:59:51] ACTION=ATTEND attempted=0 saved=0 failed=0
  Reason: Incapsula challenge encountered in Chrome - human clearance required
  Queue: BREAKER OPEN — cooling off: 29m left, consecutive block 1, reason 'Incapsula challenge encountered in Chrome'
------------------------------------------------------------
[2026-08-23 13:00:05] ACTION=COOLOFF attempted=0 saved=0 failed=0
  Reason: Incapsula challenge encountered in Chrome
  Cooloff remaining: 29m
  Queue: BREAKER OPEN — cooling off: 29m left, consecutive block 1, reason 'Incapsula challenge encountered in Chrome'
------------------------------------------------------------
[2026-08-23 13:01:05] ACTION=COOLOFF attempted=0 saved=0 failed=0
  Reason: Incapsula challenge encountered in Chrome
  Cooloff remaining: 28m
  Queue: BREAKER OPEN — cooling off: 28m left, consecutive block 1, reason 'Incapsula challenge encountered in Chrome'
------------------------------------------------------------
[2026-08-23 13:01:52] ACTION=CAPTURE attempted=1 saved=1 failed=0
  Details: Batch finished: 1 saved, 0 failed. Latest: b-sci/subj-agri30045 (2747 chars).
  Queue: 57 program(s) prioritised — 37 still to assemble
------------------------------------------------------------
[2026-08-23 13:02:08] ACTION=CAPTURE attempted=1 saved=1 failed=0
  Details: Batch finished: 1 saved, 0 failed. Latest: b-sci/subj-agri30045-assessment (867 chars).
  Queue: 57 program(s) prioritised — 37 still to assemble
------------------------------------------------------------
[2026-08-23 13:03:09] ACTION=CAPTURE attempted=1 saved=1 failed=0
  Details: Batch finished: 1 saved, 0 failed. Latest: b-sci/subj-agri30046 (3212 chars).
  Queue: 57 program(s) prioritised — 37 still to assemble
------------------------------------------------------------
[2026-08-23 13:04:09] ACTION=CAPTURE attempted=1 saved=1 failed=0
  Details: Batch finished: 1 saved, 0 failed. Latest: b-sci/subj-agri30046-assessment (1079 chars).
  Queue: 57 program(s) prioritised — 37 still to assemble
------------------------------------------------------------
[2026-08-23 13:05:09] ACTION=CAPTURE attempted=1 saved=1 failed=0
  Details: Batch finished: 1 saved, 0 failed. Latest: b-sci/subj-agri30047 (663 chars).
  Queue: 57 program(s) prioritised — 37 still to assemble
------------------------------------------------------------
[2026-08-23 13:06:09] ACTION=CAPTURE attempted=1 saved=1 failed=0
  Details: Batch finished: 1 saved, 0 failed. Latest: b-sci/subj-agri30047-assessment (663 chars).
  Queue: 57 program(s) prioritised — 37 still to assemble
------------------------------------------------------------
[2026-08-23 13:07:08] ACTION=CAPTURE attempted=1 saved=1 failed=0
  Details: Batch finished: 1 saved, 0 failed. Latest: b-sci/subj-agri30048 (2632 chars).
  Queue: 57 program(s) prioritised — 37 still to assemble
------------------------------------------------------------
[2026-08-23 13:08:08] ACTION=CAPTURE attempted=1 saved=1 failed=0
  Details: Batch finished: 1 saved, 0 failed. Latest: b-sci/subj-agri30048-assessment (823 chars).
  Queue: 57 program(s) prioritised — 37 still to assemble
------------------------------------------------------------
[2026-08-23 13:09:08] ACTION=CAPTURE attempted=1 saved=1 failed=0
  Details: Batch finished: 1 saved, 0 failed. Latest: b-sci/subj-anat20006 (3057 chars).
  Queue: 57 program(s) prioritised — 37 still to assemble
------------------------------------------------------------
[2026-08-23 13:10:08] ACTION=CAPTURE attempted=1 saved=1 failed=0
  Details: Batch finished: 1 saved, 0 failed. Latest: b-sci/subj-anat20006-assessment (1377 chars).
  Queue: 57 program(s) prioritised — 37 still to assemble
------------------------------------------------------------
[2026-08-23 13:11:09] ACTION=CAPTURE attempted=1 saved=1 failed=0
  Details: Batch finished: 1 saved, 0 failed. Latest: b-sci/subj-anat30008 (3327 chars).
  Queue: 57 program(s) prioritised — 37 still to assemble
------------------------------------------------------------
[2026-08-23 13:12:09] ACTION=CAPTURE attempted=1 saved=1 failed=0
  Details: Batch finished: 1 saved, 0 failed. Latest: b-sci/subj-anat30008-assessment (1102 chars).
  Queue: 57 program(s) prioritised — 37 still to assemble
------------------------------------------------------------
[2026-08-23 13:13:09] ACTION=CAPTURE attempted=1 saved=1 failed=0
  Details: Batch finished: 1 saved, 0 failed. Latest: b-sci/subj-btch30002 (2473 chars).
  Queue: 57 program(s) prioritised — 37 still to assemble
------------------------------------------------------------
[2026-08-23 13:14:08] ACTION=CAPTURE attempted=1 saved=1 failed=0
  Details: Batch finished: 1 saved, 0 failed. Latest: b-sci/subj-btch30002-assessment (1100 chars).
  Queue: 57 program(s) prioritised — 37 still to assemble
------------------------------------------------------------
[2026-08-23 13:15:09] ACTION=CAPTURE attempted=1 saved=1 failed=0
  Details: Batch finished: 1 saved, 0 failed. Latest: b-sci/subj-scie10005 (2940 chars).
  Queue: 57 program(s) prioritised — 37 still to assemble
------------------------------------------------------------
[2026-08-23 13:16:08] ACTION=CAPTURE attempted=1 saved=1 failed=0
  Details: Batch finished: 1 saved, 0 failed. Latest: b-sci/subj-scie10005-assessment (1250 chars).
  Queue: 57 program(s) prioritised — 36 still to assemble
------------------------------------------------------------
[2026-08-23 13:17:55] ACTION=CAPTURE attempted=1 saved=0 failed=1
  Details: Batch finished: 0 saved, 1 failed.
  Queue: 57 program(s) prioritised — 36 still to assemble
------------------------------------------------------------
[2026-08-23 13:20:08] ACTION=ATTEND attempted=0 saved=0 failed=0
  Reason: Incapsula challenge active on handbook.unimelb.edu.au - human verification required
  Queue: BREAKER OPEN — cooling off: 29m left, consecutive block 1, reason 'Incapsula challenge active on handbook.unimelb.edu.au'
------------------------------------------------------------
[2026-08-23 13:21:08] ACTION=COOLOFF attempted=0 saved=0 failed=0
  Reason: Incapsula challenge active on handbook.unimelb.edu.au
  Cooloff remaining: 28m
  Queue: BREAKER OPEN — cooling off: 28m left, consecutive block 1, reason 'Incapsula challenge active on handbook.unimelb.edu.au'
------------------------------------------------------------
[2026-08-23 13:22:05] ACTION=COOLOFF attempted=0 saved=0 failed=0
  Reason: Incapsula challenge active on handbook.unimelb.edu.au
  Cooloff remaining: 28m
  Queue: BREAKER OPEN — cooling off: 28m left, consecutive block 1, reason 'Incapsula challenge active on handbook.unimelb.edu.au'
------------------------------------------------------------
[2026-08-23 13:22:26] ACTION=CAPTURE attempted=1 saved=1 failed=0
  Details: Batch finished: 1 saved, 0 failed. Latest: dr-philedp/subj-educ90216 (3476 chars).
  Queue: 57 program(s) prioritised — 36 still to assemble
------------------------------------------------------------
[2026-08-23 13:23:09] ACTION=CAPTURE attempted=1 saved=1 failed=0
  Details: Batch finished: 1 saved, 0 failed. Latest: dr-philedp/subj-educ90216-assessment (2816 chars).
  Queue: 57 program(s) prioritised — 36 still to assemble
------------------------------------------------------------
[2026-08-23 13:24:10] ACTION=CAPTURE attempted=1 saved=1 failed=0
  Details: Batch finished: 1 saved, 0 failed. Latest: dr-philedp/subj-educ90217 (3307 chars).
  Queue: 57 program(s) prioritised — 36 still to assemble
------------------------------------------------------------
[2026-08-23 13:25:07] ACTION=CAPTURE attempted=1 saved=1 failed=0
  Details: Batch finished: 1 saved, 0 failed. Latest: dr-philedp/subj-educ90217-assessment (2853 chars).
  Queue: 57 program(s) prioritised — 36 still to assemble
------------------------------------------------------------
[2026-08-23 13:26:07] ACTION=CAPTURE attempted=1 saved=1 failed=0
  Details: Batch finished: 1 saved, 0 failed. Latest: dr-philedp/subj-educ90218 (3371 chars).
  Queue: 57 program(s) prioritised — 36 still to assemble
------------------------------------------------------------
[2026-08-23 13:27:07] ACTION=CAPTURE attempted=1 saved=1 failed=0
  Details: Batch finished: 1 saved, 0 failed. Latest: dr-philedp/subj-educ90218-assessment (2887 chars).
  Queue: 57 program(s) prioritised — 36 still to assemble
------------------------------------------------------------
[2026-08-23 13:28:07] ACTION=CAPTURE attempted=1 saved=1 failed=0
  Details: Batch finished: 1 saved, 0 failed. Latest: dr-philedp/subj-educ90220 (1862 chars).
  Queue: 57 program(s) prioritised — 36 still to assemble
------------------------------------------------------------
[2026-08-23 13:29:08] ACTION=CAPTURE attempted=1 saved=1 failed=0
  Details: Batch finished: 1 saved, 0 failed. Latest: dr-philedp/subj-educ90220-assessment (791 chars).
  Queue: 57 program(s) prioritised — 36 still to assemble
------------------------------------------------------------
[2026-08-23 13:30:07] ACTION=CAPTURE attempted=1 saved=1 failed=0
  Details: Batch finished: 1 saved, 0 failed. Latest: dr-philedp/subj-educ90221 (2315 chars).
  Queue: 57 program(s) prioritised — 36 still to assemble
------------------------------------------------------------
[2026-08-23 13:31:07] ACTION=CAPTURE attempted=1 saved=1 failed=0
  Details: Batch finished: 1 saved, 0 failed. Latest: dr-philedp/subj-educ90221-assessment (1020 chars).
  Queue: 57 program(s) prioritised — 36 still to assemble
------------------------------------------------------------
[2026-08-23 13:32:07] ACTION=CAPTURE attempted=1 saved=1 failed=0
  Details: Batch finished: 1 saved, 0 failed. Latest: dr-philedp/subj-educ90222 (3061 chars).
  Queue: 57 program(s) prioritised — 36 still to assemble
------------------------------------------------------------
[2026-08-23 13:33:07] ACTION=CAPTURE attempted=1 saved=1 failed=0
  Details: Batch finished: 1 saved, 0 failed. Latest: dr-philedp/subj-educ90222-assessment (801 chars).
  Queue: 57 program(s) prioritised — 36 still to assemble
------------------------------------------------------------
[2026-08-23 13:34:07] ACTION=CAPTURE attempted=1 saved=1 failed=0
  Details: Batch finished: 1 saved, 0 failed. Latest: dr-philedp/subj-educ90223 (2688 chars).
  Queue: 57 program(s) prioritised — 36 still to assemble
------------------------------------------------------------
[2026-08-23 13:35:07] ACTION=CAPTURE attempted=1 saved=1 failed=0
  Details: Batch finished: 1 saved, 0 failed. Latest: dr-philedp/subj-educ90223-assessment (986 chars).
  Queue: 57 program(s) prioritised — 36 still to assemble
------------------------------------------------------------
[2026-08-23 13:36:08] ACTION=CAPTURE attempted=1 saved=1 failed=0
  Details: Batch finished: 1 saved, 0 failed. Latest: dr-philedp/subj-educ90224 (2768 chars).
  Queue: 57 program(s) prioritised — 36 still to assemble
------------------------------------------------------------
[2026-08-23 13:37:44] ACTION=CAPTURE attempted=1 saved=0 failed=1
  Details: Batch finished: 0 saved, 1 failed.
  Queue: 57 program(s) prioritised — 36 still to assemble
------------------------------------------------------------
[2026-08-23 13:37:59] ACTION=ATTEND attempted=0 saved=0 failed=0
  Reason: Incapsula challenge active on handbook.unimelb.edu.au - human verification required
  Queue: BREAKER OPEN — cooling off: 29m left, consecutive block 1, reason 'Incapsula challenge active on handbook.unimelb.edu.au'
------------------------------------------------------------
[2026-08-23 13:39:11] ACTION=COOLOFF attempted=0 saved=0 failed=0
  Reason: Incapsula challenge active on handbook.unimelb.edu.au
  Cooloff remaining: 28m
  Queue: BREAKER OPEN — cooling off: 28m left, consecutive block 1, reason 'Incapsula challenge active on handbook.unimelb.edu.au'
------------------------------------------------------------
[2026-08-23 13:40:04] ACTION=COOLOFF attempted=0 saved=0 failed=0
  Reason: Incapsula challenge active on handbook.unimelb.edu.au
  Cooloff remaining: 27m
  Queue: BREAKER OPEN — cooling off: 27m left, consecutive block 1, reason 'Incapsula challenge active on handbook.unimelb.edu.au'
------------------------------------------------------------
[2026-08-23 13:41:04] ACTION=COOLOFF attempted=0 saved=0 failed=0
  Reason: Incapsula challenge active on handbook.unimelb.edu.au
  Cooloff remaining: 26m
  Queue: BREAKER OPEN — cooling off: 26m left, consecutive block 1, reason 'Incapsula challenge active on handbook.unimelb.edu.au'
------------------------------------------------------------
[2026-08-23 13:42:04] ACTION=COOLOFF attempted=0 saved=0 failed=0
  Reason: Incapsula challenge active on handbook.unimelb.edu.au
  Cooloff remaining: 25m
  Queue: BREAKER OPEN — cooling off: 25m left, consecutive block 1, reason 'Incapsula challenge active on handbook.unimelb.edu.au'
------------------------------------------------------------
[2026-08-23 13:43:04] ACTION=COOLOFF attempted=0 saved=0 failed=0
  Reason: Incapsula challenge active on handbook.unimelb.edu.au
  Cooloff remaining: 24m
  Queue: BREAKER OPEN — cooling off: 24m left, consecutive block 1, reason 'Incapsula challenge active on handbook.unimelb.edu.au'
------------------------------------------------------------
[2026-08-23 13:44:04] ACTION=COOLOFF attempted=0 saved=0 failed=0
  Reason: Incapsula challenge active on handbook.unimelb.edu.au
  Cooloff remaining: 23m
  Queue: BREAKER OPEN — cooling off: 23m left, consecutive block 1, reason 'Incapsula challenge active on handbook.unimelb.edu.au'
------------------------------------------------------------
[2026-08-23 13:45:04] ACTION=COOLOFF attempted=0 saved=0 failed=0
  Reason: Incapsula challenge active on handbook.unimelb.edu.au
  Cooloff remaining: 22m
  Queue: BREAKER OPEN — cooling off: 22m left, consecutive block 1, reason 'Incapsula challenge active on handbook.unimelb.edu.au'
------------------------------------------------------------
[2026-08-23 13:46:04] ACTION=COOLOFF attempted=0 saved=0 failed=0
  Reason: Incapsula challenge active on handbook.unimelb.edu.au
  Cooloff remaining: 21m
  Queue: BREAKER OPEN — cooling off: 21m left, consecutive block 1, reason 'Incapsula challenge active on handbook.unimelb.edu.au'
------------------------------------------------------------
[2026-08-23 13:47:04] ACTION=COOLOFF attempted=0 saved=0 failed=0
  Reason: Incapsula challenge active on handbook.unimelb.edu.au
  Cooloff remaining: 20m
  Queue: BREAKER OPEN — cooling off: 20m left, consecutive block 1, reason 'Incapsula challenge active on handbook.unimelb.edu.au'
------------------------------------------------------------
[2026-08-23 13:48:03] ACTION=COOLOFF attempted=0 saved=0 failed=0
  Reason: Incapsula challenge active on handbook.unimelb.edu.au
  Cooloff remaining: 19m
  Queue: BREAKER OPEN — cooling off: 19m left, consecutive block 1, reason 'Incapsula challenge active on handbook.unimelb.edu.au'
------------------------------------------------------------
[2026-08-23 13:49:04] ACTION=COOLOFF attempted=0 saved=0 failed=0
  Reason: Incapsula challenge active on handbook.unimelb.edu.au
  Cooloff remaining: 18m
  Queue: BREAKER OPEN — cooling off: 18m left, consecutive block 1, reason 'Incapsula challenge active on handbook.unimelb.edu.au'
------------------------------------------------------------
[2026-08-23 13:50:04] ACTION=COOLOFF attempted=0 saved=0 failed=0
  Reason: Incapsula challenge active on handbook.unimelb.edu.au
  Cooloff remaining: 17m
  Queue: BREAKER OPEN — cooling off: 17m left, consecutive block 1, reason 'Incapsula challenge active on handbook.unimelb.edu.au'
------------------------------------------------------------
[2026-08-23 13:51:03] ACTION=COOLOFF attempted=0 saved=0 failed=0
  Reason: Incapsula challenge active on handbook.unimelb.edu.au
  Cooloff remaining: 16m
  Queue: BREAKER OPEN — cooling off: 16m left, consecutive block 1, reason 'Incapsula challenge active on handbook.unimelb.edu.au'
------------------------------------------------------------
[2026-08-23 13:52:06] ACTION=COOLOFF attempted=0 saved=0 failed=0
  Reason: Incapsula challenge active on handbook.unimelb.edu.au
  Cooloff remaining: 15m
  Queue: BREAKER OPEN — cooling off: 15m left, consecutive block 1, reason 'Incapsula challenge active on handbook.unimelb.edu.au'
------------------------------------------------------------
[2026-08-23 13:53:03] ACTION=COOLOFF attempted=0 saved=0 failed=0
  Reason: Incapsula challenge active on handbook.unimelb.edu.au
  Cooloff remaining: 14m
  Queue: BREAKER OPEN — cooling off: 14m left, consecutive block 1, reason 'Incapsula challenge active on handbook.unimelb.edu.au'
------------------------------------------------------------
[2026-08-23 13:54:04] ACTION=COOLOFF attempted=0 saved=0 failed=0
  Reason: Incapsula challenge active on handbook.unimelb.edu.au
  Cooloff remaining: 13m
  Queue: BREAKER OPEN — cooling off: 13m left, consecutive block 1, reason 'Incapsula challenge active on handbook.unimelb.edu.au'
------------------------------------------------------------
[2026-08-23 13:55:04] ACTION=COOLOFF attempted=0 saved=0 failed=0
  Reason: Incapsula challenge active on handbook.unimelb.edu.au
  Cooloff remaining: 12m
  Queue: BREAKER OPEN — cooling off: 12m left, consecutive block 1, reason 'Incapsula challenge active on handbook.unimelb.edu.au'
------------------------------------------------------------
[2026-08-23 13:56:04] ACTION=COOLOFF attempted=0 saved=0 failed=0
  Reason: Incapsula challenge active on handbook.unimelb.edu.au
  Cooloff remaining: 11m
  Queue: BREAKER OPEN — cooling off: 11m left, consecutive block 1, reason 'Incapsula challenge active on handbook.unimelb.edu.au'
------------------------------------------------------------
[2026-08-23 13:57:04] ACTION=COOLOFF attempted=0 saved=0 failed=0
  Reason: Incapsula challenge active on handbook.unimelb.edu.au
  Cooloff remaining: 10m
  Queue: BREAKER OPEN — cooling off: 10m left, consecutive block 1, reason 'Incapsula challenge active on handbook.unimelb.edu.au'
------------------------------------------------------------
[2026-08-23 13:58:06] ACTION=COOLOFF attempted=0 saved=0 failed=0
  Reason: Incapsula challenge active on handbook.unimelb.edu.au
  Cooloff remaining: 9m
  Queue: BREAKER OPEN — cooling off: 9m left, consecutive block 1, reason 'Incapsula challenge active on handbook.unimelb.edu.au'
------------------------------------------------------------
[2026-08-23 13:59:04] ACTION=COOLOFF attempted=0 saved=0 failed=0
  Reason: Incapsula challenge active on handbook.unimelb.edu.au
  Cooloff remaining: 8m
  Queue: BREAKER OPEN — cooling off: 8m left, consecutive block 1, reason 'Incapsula challenge active on handbook.unimelb.edu.au'
------------------------------------------------------------
[2026-08-23 14:00:12] ACTION=COOLOFF attempted=0 saved=0 failed=0
  Reason: Incapsula challenge active on handbook.unimelb.edu.au
  Cooloff remaining: 7m
  Queue: BREAKER OPEN — cooling off: 7m left, consecutive block 1, reason 'Incapsula challenge active on handbook.unimelb.edu.au'
------------------------------------------------------------
[2026-08-23 14:01:04] ACTION=COOLOFF attempted=0 saved=0 failed=0
  Reason: Incapsula challenge active on handbook.unimelb.edu.au
  Cooloff remaining: 6m
  Queue: BREAKER OPEN — cooling off: 6m left, consecutive block 1, reason 'Incapsula challenge active on handbook.unimelb.edu.au'
------------------------------------------------------------
[2026-08-23 14:02:04] ACTION=COOLOFF attempted=0 saved=0 failed=0
  Reason: Incapsula challenge active on handbook.unimelb.edu.au
  Cooloff remaining: 5m
  Queue: BREAKER OPEN — cooling off: 5m left, consecutive block 1, reason 'Incapsula challenge active on handbook.unimelb.edu.au'
------------------------------------------------------------
[2026-08-23 14:03:04] ACTION=COOLOFF attempted=0 saved=0 failed=0
  Reason: Incapsula challenge active on handbook.unimelb.edu.au
  Cooloff remaining: 4m
  Queue: BREAKER OPEN — cooling off: 4m left, consecutive block 1, reason 'Incapsula challenge active on handbook.unimelb.edu.au'
------------------------------------------------------------
[2026-08-23 14:04:03] ACTION=COOLOFF attempted=0 saved=0 failed=0
  Reason: Incapsula challenge active on handbook.unimelb.edu.au
  Cooloff remaining: 3m
  Queue: BREAKER OPEN — cooling off: 3m left, consecutive block 1, reason 'Incapsula challenge active on handbook.unimelb.edu.au'
------------------------------------------------------------
[2026-08-23 14:05:04] ACTION=COOLOFF attempted=0 saved=0 failed=0
  Reason: Incapsula challenge active on handbook.unimelb.edu.au
  Cooloff remaining: 2m
  Queue: BREAKER OPEN — cooling off: 2m left, consecutive block 1, reason 'Incapsula challenge active on handbook.unimelb.edu.au'
------------------------------------------------------------
[2026-08-23 14:06:04] ACTION=COOLOFF attempted=0 saved=0 failed=0
  Reason: Incapsula challenge active on handbook.unimelb.edu.au
  Cooloff remaining: 1m
  Queue: BREAKER OPEN — cooling off: 1m left, consecutive block 1, reason 'Incapsula challenge active on handbook.unimelb.edu.au'
------------------------------------------------------------
[2026-08-23 14:07:04] ACTION=COOLOFF attempted=0 saved=0 failed=0
  Reason: Incapsula challenge active on handbook.unimelb.edu.au
  Queue: BREAKER OPEN — cooling off: 0m left, consecutive block 1, reason 'Incapsula challenge active on handbook.unimelb.edu.au'
------------------------------------------------------------
[2026-08-23 14:08:09] ACTION=CAPTURE attempted=1 saved=1 failed=0
  Details: Batch finished: 1 saved, 0 failed. Latest: dr-philedp/subj-educ90224-assessment (1343 chars).
  Queue: 57 program(s) prioritised — 36 still to assemble
------------------------------------------------------------
[2026-08-23 14:09:07] ACTION=CAPTURE attempted=1 saved=1 failed=0
  Details: Batch finished: 1 saved, 0 failed. Latest: dr-philedp/subj-educ90225 (2458 chars).
  Queue: 57 program(s) prioritised — 36 still to assemble
------------------------------------------------------------
[2026-08-23 14:10:08] ACTION=CAPTURE attempted=1 saved=1 failed=0
  Details: Batch finished: 1 saved, 0 failed. Latest: dr-philedp/subj-educ90225-assessment (1165 chars).
  Queue: 57 program(s) prioritised — 36 still to assemble
------------------------------------------------------------
[2026-08-23 14:11:08] ACTION=CAPTURE attempted=1 saved=1 failed=0
  Details: Batch finished: 1 saved, 0 failed. Latest: dr-philedp/subj-educ90226 (2145 chars).
  Queue: 57 program(s) prioritised — 36 still to assemble
------------------------------------------------------------
[2026-08-23 14:12:08] ACTION=CAPTURE attempted=1 saved=1 failed=0
  Details: Batch finished: 1 saved, 0 failed. Latest: dr-philedp/subj-educ90226-assessment (861 chars).
  Queue: 57 program(s) prioritised — 36 still to assemble
------------------------------------------------------------
[2026-08-23 14:13:08] ACTION=CAPTURE attempted=1 saved=1 failed=0
  Details: Batch finished: 1 saved, 0 failed. Latest: dr-philedp/subj-educ90227 (2651 chars).
  Queue: 57 program(s) prioritised — 36 still to assemble
------------------------------------------------------------
[2026-08-23 14:14:08] ACTION=CAPTURE attempted=1 saved=1 failed=0
  Details: Batch finished: 1 saved, 0 failed. Latest: dr-philedp/subj-educ90227-assessment (1203 chars).
  Queue: 57 program(s) prioritised — 36 still to assemble
------------------------------------------------------------
[2026-08-23 14:15:08] ACTION=CAPTURE attempted=1 saved=1 failed=0
  Details: Batch finished: 1 saved, 0 failed. Latest: dr-philedp/subj-educ90228 (1758 chars).
  Queue: 57 program(s) prioritised — 36 still to assemble
------------------------------------------------------------
[2026-08-23 14:16:08] ACTION=CAPTURE attempted=1 saved=1 failed=0
  Details: Batch finished: 1 saved, 0 failed. Latest: dr-philedp/subj-educ90228-assessment (1122 chars).
  Queue: 57 program(s) prioritised — 36 still to assemble
------------------------------------------------------------
[2026-08-23 14:17:02] ACTION=CAPTURE attempted=1 saved=1 failed=0
  Details: Batch finished: 1 saved, 0 failed. Latest: dr-philedp/subj-educ90229 (3227 chars).
  Queue: 57 program(s) prioritised — 36 still to assemble
------------------------------------------------------------
[2026-08-23 14:18:09] ACTION=CAPTURE attempted=1 saved=1 failed=0
  Details: Batch finished: 1 saved, 0 failed. Latest: dr-philedp/subj-educ90229-assessment (2599 chars).
  Queue: 57 program(s) prioritised — 36 still to assemble
------------------------------------------------------------
[2026-08-23 14:35:12] ACTION=CAPTURE attempted=1 saved=1 failed=0
  Details: Batch finished: 1 saved, 0 failed. Latest: dr-philedp/subj-educ90253 (1605 chars).
  Queue: 57 program(s) prioritised — 36 still to assemble
------------------------------------------------------------
[2026-08-23 14:36:09] ACTION=CAPTURE attempted=1 saved=1 failed=0
  Details: Batch finished: 1 saved, 0 failed. Latest: dr-philedp/subj-educ90253-assessment (618 chars).
  Queue: 57 program(s) prioritised — 35 still to assemble
------------------------------------------------------------
[2026-08-23 14:37:09] ACTION=CAPTURE attempted=1 saved=1 failed=0
  Details: Batch finished: 1 saved, 0 failed. Latest: mc-actsc/subj-acct90042 (1754 chars).
  Queue: 57 program(s) prioritised — 35 still to assemble
------------------------------------------------------------
[2026-08-23 14:38:08] ACTION=CAPTURE attempted=1 saved=1 failed=0
  Details: Batch finished: 1 saved, 0 failed. Latest: mc-actsc/subj-acct90042-assessment (860 chars).
  Queue: 57 program(s) prioritised — 35 still to assemble
------------------------------------------------------------
[2026-08-23 14:39:08] ACTION=CAPTURE attempted=1 saved=1 failed=0
  Details: Batch finished: 1 saved, 0 failed. Latest: mc-actsc/subj-actl90001 (2246 chars).
  Queue: 57 program(s) prioritised — 35 still to assemble
------------------------------------------------------------
[2026-08-23 14:40:10] ACTION=CAPTURE attempted=1 saved=1 failed=0
  Details: Batch finished: 1 saved, 0 failed. Latest: mc-actsc/subj-actl90001-assessment (909 chars).
  Queue: 57 program(s) prioritised — 35 still to assemble
------------------------------------------------------------
[2026-08-23 14:41:09] ACTION=CAPTURE attempted=1 saved=1 failed=0
  Details: Batch finished: 1 saved, 0 failed. Latest: mc-actsc/subj-actl90002 (1823 chars).
  Queue: 57 program(s) prioritised — 35 still to assemble
------------------------------------------------------------
[2026-08-23 14:42:08] ACTION=CAPTURE attempted=1 saved=1 failed=0
  Details: Batch finished: 1 saved, 0 failed. Latest: mc-actsc/subj-actl90002-assessment (938 chars).
  Queue: 57 program(s) prioritised — 35 still to assemble
------------------------------------------------------------
[2026-08-23 14:43:09] ACTION=CAPTURE attempted=1 saved=1 failed=0
  Details: Batch finished: 1 saved, 0 failed. Latest: mc-actsc/subj-actl90003 (2136 chars).
  Queue: 57 program(s) prioritised — 35 still to assemble
------------------------------------------------------------
[2026-08-23 14:44:08] ACTION=CAPTURE attempted=1 saved=1 failed=0
  Details: Batch finished: 1 saved, 0 failed. Latest: mc-actsc/subj-actl90003-assessment (837 chars).
  Queue: 57 program(s) prioritised — 35 still to assemble
------------------------------------------------------------
[2026-08-23 14:45:12] ACTION=CAPTURE attempted=1 saved=1 failed=0
  Details: Batch finished: 1 saved, 0 failed. Latest: mc-actsc/subj-actl90005 (2045 chars).
  Queue: 57 program(s) prioritised — 35 still to assemble
------------------------------------------------------------
[2026-08-23 14:46:09] ACTION=CAPTURE attempted=1 saved=1 failed=0
  Details: Batch finished: 1 saved, 0 failed. Latest: mc-actsc/subj-actl90005-assessment (868 chars).
  Queue: 57 program(s) prioritised — 35 still to assemble
------------------------------------------------------------
[2026-08-23 14:47:09] ACTION=CAPTURE attempted=1 saved=1 failed=0
  Details: Batch finished: 1 saved, 0 failed. Latest: mc-actsc/subj-actl90006 (2102 chars).
  Queue: 57 program(s) prioritised — 35 still to assemble
------------------------------------------------------------
[2026-08-23 14:48:09] ACTION=CAPTURE attempted=1 saved=1 failed=0
  Details: Batch finished: 1 saved, 0 failed. Latest: mc-actsc/subj-actl90006-assessment (853 chars).
  Queue: 57 program(s) prioritised — 35 still to assemble
------------------------------------------------------------
[2026-08-23 14:49:09] ACTION=CAPTURE attempted=1 saved=1 failed=0
  Details: Batch finished: 1 saved, 0 failed. Latest: mc-actsc/subj-actl90007 (2064 chars).
  Queue: 57 program(s) prioritised — 35 still to assemble
------------------------------------------------------------
[2026-08-23 14:50:08] ACTION=CAPTURE attempted=1 saved=1 failed=0
  Details: Batch finished: 1 saved, 0 failed. Latest: mc-actsc/subj-actl90007-assessment (969 chars).
  Queue: 57 program(s) prioritised — 35 still to assemble
------------------------------------------------------------
[2026-08-23 14:51:09] ACTION=CAPTURE attempted=1 saved=1 failed=0
  Details: Batch finished: 1 saved, 0 failed. Latest: mc-actsc/subj-actl90008 (2130 chars).
  Queue: 57 program(s) prioritised — 35 still to assemble
------------------------------------------------------------
[2026-08-23 14:52:08] ACTION=CAPTURE attempted=1 saved=1 failed=0
  Details: Batch finished: 1 saved, 0 failed. Latest: mc-actsc/subj-actl90008-assessment (960 chars).
  Queue: 57 program(s) prioritised — 35 still to assemble
------------------------------------------------------------
[2026-08-23 14:53:09] ACTION=CAPTURE attempted=1 saved=1 failed=0
  Details: Batch finished: 1 saved, 0 failed. Latest: mc-actsc/subj-actl90020 (2257 chars).
  Queue: 57 program(s) prioritised — 35 still to assemble
------------------------------------------------------------
[2026-08-23 14:54:09] ACTION=CAPTURE attempted=1 saved=1 failed=0
  Details: Batch finished: 1 saved, 0 failed. Latest: mc-actsc/subj-actl90020-assessment (1158 chars).
  Queue: 57 program(s) prioritised — 35 still to assemble
------------------------------------------------------------
[2026-08-23 14:55:09] ACTION=CAPTURE attempted=1 saved=1 failed=0
  Details: Batch finished: 1 saved, 0 failed. Latest: mc-actsc/subj-actl90021 (1641 chars).
  Queue: 57 program(s) prioritised — 35 still to assemble
------------------------------------------------------------
[2026-08-23 14:56:09] ACTION=CAPTURE attempted=1 saved=1 failed=0
  Details: Batch finished: 1 saved, 0 failed. Latest: mc-actsc/subj-actl90021-assessment (859 chars).
  Queue: 57 program(s) prioritised — 35 still to assemble
------------------------------------------------------------
[2026-08-23 14:57:09] ACTION=CAPTURE attempted=1 saved=1 failed=0
  Details: Batch finished: 1 saved, 0 failed. Latest: mc-actsc/subj-actl90022 (2513 chars).
  Queue: 57 program(s) prioritised — 35 still to assemble
------------------------------------------------------------
[2026-08-23 14:58:09] ACTION=CAPTURE attempted=1 saved=1 failed=0
  Details: Batch finished: 1 saved, 0 failed. Latest: mc-actsc/subj-actl90022-assessment (858 chars).
  Queue: 57 program(s) prioritised — 35 still to assemble
------------------------------------------------------------
[2026-08-23 14:59:09] ACTION=CAPTURE attempted=1 saved=1 failed=0
  Details: Batch finished: 1 saved, 0 failed. Latest: mc-actsc/subj-actl90023 (2076 chars).
  Queue: 57 program(s) prioritised — 35 still to assemble
------------------------------------------------------------
[2026-08-23 15:00:09] ACTION=CAPTURE attempted=1 saved=1 failed=0
  Details: Batch finished: 1 saved, 0 failed. Latest: mc-actsc/subj-actl90023-assessment (934 chars).
  Queue: 57 program(s) prioritised — 35 still to assemble
------------------------------------------------------------
[2026-08-23 15:01:11] ACTION=CAPTURE attempted=1 saved=1 failed=0
  Details: Batch finished: 1 saved, 0 failed. Latest: mc-actsc/subj-busa90525 (4447 chars).
  Queue: 57 program(s) prioritised — 35 still to assemble
------------------------------------------------------------
[2026-08-23 15:02:09] ACTION=CAPTURE attempted=1 saved=1 failed=0
  Details: Batch finished: 1 saved, 0 failed. Latest: mc-actsc/subj-busa90525-assessment (1293 chars).
  Queue: 57 program(s) prioritised — 34 still to assemble
------------------------------------------------------------
[2026-08-23 15:03:10] ACTION=CAPTURE attempted=1 saved=1 failed=0
  Details: Batch finished: 1 saved, 0 failed. Latest: mc-bamktg/subj-busa90013 (1689 chars).
  Queue: 57 program(s) prioritised — 34 still to assemble
------------------------------------------------------------
[2026-08-23 15:04:09] ACTION=CAPTURE attempted=1 saved=1 failed=0
  Details: Batch finished: 1 saved, 0 failed. Latest: mc-bamktg/subj-busa90013-assessment (1218 chars).
  Queue: 57 program(s) prioritised — 34 still to assemble
------------------------------------------------------------
[2026-08-23 15:05:07] ACTION=CAPTURE attempted=1 saved=1 failed=0
  Details: Batch finished: 1 saved, 0 failed. Latest: mc-bamktg/subj-busa90042 (2373 chars).
  Queue: 57 program(s) prioritised — 34 still to assemble
------------------------------------------------------------
[2026-08-23 15:06:07] ACTION=CAPTURE attempted=1 saved=1 failed=0
  Details: Batch finished: 1 saved, 0 failed. Latest: mc-bamktg/subj-busa90042-assessment (894 chars).
  Queue: 57 program(s) prioritised — 34 still to assemble
------------------------------------------------------------
[2026-08-23 15:07:09] ACTION=CAPTURE attempted=1 saved=1 failed=0
  Details: Batch finished: 1 saved, 0 failed. Latest: mc-bamktg/subj-busa90172 (2339 chars).
  Queue: 57 program(s) prioritised — 34 still to assemble
------------------------------------------------------------
[2026-08-23 15:08:09] ACTION=CAPTURE attempted=1 saved=1 failed=0
  Details: Batch finished: 1 saved, 0 failed. Latest: mc-bamktg/subj-busa90172-assessment (984 chars).
  Queue: 57 program(s) prioritised — 34 still to assemble
------------------------------------------------------------
[2026-08-23 15:09:08] ACTION=CAPTURE attempted=1 saved=1 failed=0
  Details: Batch finished: 1 saved, 0 failed. Latest: mc-bamktg/subj-busa90248 (1829 chars).
  Queue: 57 program(s) prioritised — 34 still to assemble
------------------------------------------------------------
[2026-08-23 15:10:08] ACTION=CAPTURE attempted=1 saved=1 failed=0
  Details: Batch finished: 1 saved, 0 failed. Latest: mc-bamktg/subj-busa90248-assessment (951 chars).
  Queue: 57 program(s) prioritised — 34 still to assemble
------------------------------------------------------------
[2026-08-23 15:11:08] ACTION=CAPTURE attempted=1 saved=1 failed=0
  Details: Batch finished: 1 saved, 0 failed. Latest: mc-bamktg/subj-busa90258 (2158 chars).
  Queue: 57 program(s) prioritised — 34 still to assemble
------------------------------------------------------------
[2026-08-23 15:12:08] ACTION=CAPTURE attempted=1 saved=1 failed=0
  Details: Batch finished: 1 saved, 0 failed. Latest: mc-bamktg/subj-busa90258-assessment (895 chars).
  Queue: 57 program(s) prioritised — 34 still to assemble
------------------------------------------------------------
[2026-08-23 15:13:08] ACTION=CAPTURE attempted=1 saved=1 failed=0
  Details: Batch finished: 1 saved, 0 failed. Latest: mc-bamktg/subj-busa90261 (1976 chars).
  Queue: 57 program(s) prioritised — 34 still to assemble
------------------------------------------------------------
[2026-08-23 15:14:08] ACTION=CAPTURE attempted=1 saved=1 failed=0
  Details: Batch finished: 1 saved, 0 failed. Latest: mc-bamktg/subj-busa90261-assessment (1141 chars).
  Queue: 57 program(s) prioritised — 34 still to assemble
------------------------------------------------------------
[2026-08-23 15:15:10] ACTION=CAPTURE attempted=1 saved=1 failed=0
  Details: Batch finished: 1 saved, 0 failed. Latest: mc-bamktg/subj-busa90270 (2197 chars).
  Queue: 57 program(s) prioritised — 34 still to assemble
------------------------------------------------------------
[2026-08-23 15:16:08] ACTION=CAPTURE attempted=1 saved=1 failed=0
  Details: Batch finished: 1 saved, 0 failed. Latest: mc-bamktg/subj-busa90270-assessment (1087 chars).
  Queue: 57 program(s) prioritised — 34 still to assemble
------------------------------------------------------------
[2026-08-23 15:17:07] ACTION=CAPTURE attempted=1 saved=1 failed=0
  Details: Batch finished: 1 saved, 0 failed. Latest: mc-bamktg/subj-busa90273 (2121 chars).
  Queue: 57 program(s) prioritised — 34 still to assemble
------------------------------------------------------------
[2026-08-23 15:18:07] ACTION=CAPTURE attempted=1 saved=1 failed=0
  Details: Batch finished: 1 saved, 0 failed. Latest: mc-bamktg/subj-busa90273-assessment (1160 chars).
  Queue: 57 program(s) prioritised — 34 still to assemble
------------------------------------------------------------
[2026-08-23 15:19:08] ACTION=CAPTURE attempted=1 saved=1 failed=0
  Details: Batch finished: 1 saved, 0 failed. Latest: mc-bamktg/subj-busa90299 (1809 chars).
  Queue: 57 program(s) prioritised — 34 still to assemble
------------------------------------------------------------
[2026-08-23 15:20:07] ACTION=CAPTURE attempted=1 saved=1 failed=0
  Details: Batch finished: 1 saved, 0 failed. Latest: mc-bamktg/subj-busa90299-assessment (867 chars).
  Queue: 57 program(s) prioritised — 34 still to assemble
------------------------------------------------------------
[2026-08-23 15:21:08] ACTION=CAPTURE attempted=1 saved=1 failed=0
  Details: Batch finished: 1 saved, 0 failed. Latest: mc-bamktg/subj-busa90482 (9289 chars).
  Queue: 57 program(s) prioritised — 34 still to assemble
------------------------------------------------------------
[2026-08-23 15:22:07] ACTION=CAPTURE attempted=1 saved=1 failed=0
  Details: Batch finished: 1 saved, 0 failed. Latest: mc-bamktg/subj-busa90482-assessment (3292 chars).
  Queue: 57 program(s) prioritised — 34 still to assemble
------------------------------------------------------------
[2026-08-23 15:23:07] ACTION=CAPTURE attempted=1 saved=1 failed=0
  Details: Batch finished: 1 saved, 0 failed. Latest: mc-bamktg/subj-busa90483 (9149 chars).
  Queue: 57 program(s) prioritised — 34 still to assemble
------------------------------------------------------------
[2026-08-23 15:24:08] ACTION=CAPTURE attempted=1 saved=1 failed=0
  Details: Batch finished: 1 saved, 0 failed. Latest: mc-bamktg/subj-busa90483-assessment (3581 chars).
  Queue: 57 program(s) prioritised — 34 still to assemble
------------------------------------------------------------
[2026-08-23 15:25:08] ACTION=CAPTURE attempted=1 saved=1 failed=0
  Details: Batch finished: 1 saved, 0 failed. Latest: mc-bamktg/subj-busa90487 (7977 chars).
  Queue: 57 program(s) prioritised — 34 still to assemble
------------------------------------------------------------
[2026-08-23 15:26:08] ACTION=CAPTURE attempted=1 saved=1 failed=0
  Details: Batch finished: 1 saved, 0 failed. Latest: mc-bamktg/subj-busa90487-assessment (3607 chars).
  Queue: 57 program(s) prioritised — 34 still to assemble
------------------------------------------------------------
[2026-08-23 15:27:16] ACTION=CAPTURE attempted=1 saved=1 failed=0
  Details: Batch finished: 1 saved, 0 failed. Latest: mc-bamktg/subj-busa90488 (1638 chars).
  Queue: 57 program(s) prioritised — 34 still to assemble
------------------------------------------------------------
[2026-08-23 15:28:08] ACTION=CAPTURE attempted=1 saved=1 failed=0
  Details: Batch finished: 1 saved, 0 failed. Latest: mc-bamktg/subj-busa90488-assessment (1265 chars).
  Queue: 57 program(s) prioritised — 34 still to assemble
------------------------------------------------------------
[2026-08-23 15:29:07] ACTION=CAPTURE attempted=1 saved=1 failed=0
  Details: Batch finished: 1 saved, 0 failed. Latest: mc-bamktg/subj-busa90517 (1651 chars).
  Queue: 57 program(s) prioritised — 34 still to assemble
------------------------------------------------------------
[2026-08-23 15:30:07] ACTION=CAPTURE attempted=1 saved=1 failed=0
  Details: Batch finished: 1 saved, 0 failed. Latest: mc-bamktg/subj-busa90517-assessment (1288 chars).
  Queue: 57 program(s) prioritised — 34 still to assemble
------------------------------------------------------------
[2026-08-23 15:31:07] ACTION=CAPTURE attempted=1 saved=1 failed=0
  Details: Batch finished: 1 saved, 0 failed. Latest: mc-bamktg/subj-busa90527 (2374 chars).
  Queue: 57 program(s) prioritised — 34 still to assemble
------------------------------------------------------------
[2026-08-23 15:32:08] ACTION=CAPTURE attempted=1 saved=1 failed=0
  Details: Batch finished: 1 saved, 0 failed. Latest: mc-bamktg/subj-busa90527-assessment (1272 chars).
  Queue: 57 program(s) prioritised — 34 still to assemble
------------------------------------------------------------
[2026-08-23 15:33:08] ACTION=CAPTURE attempted=1 saved=1 failed=0
  Details: Batch finished: 1 saved, 0 failed. Latest: mc-bamktg/subj-ibus90005 (2222 chars).
  Queue: 57 program(s) prioritised — 34 still to assemble
------------------------------------------------------------
[2026-08-23 15:34:09] ACTION=CAPTURE attempted=1 saved=1 failed=0
  Details: Batch finished: 1 saved, 0 failed. Latest: mc-bamktg/subj-ibus90005-assessment (781 chars).
  Queue: 57 program(s) prioritised — 33 still to assemble
------------------------------------------------------------
[2026-08-23 15:35:08] ACTION=CAPTURE attempted=1 saved=1 failed=0
  Details: Batch finished: 1 saved, 0 failed. Latest: mc-bmedsc/subj-biom40001 (3467 chars).
  Queue: 57 program(s) prioritised — 33 still to assemble
------------------------------------------------------------
[2026-08-23 15:36:07] ACTION=CAPTURE attempted=1 saved=1 failed=0
  Details: Batch finished: 1 saved, 0 failed. Latest: mc-bmedsc/subj-biom40001-assessment (1880 chars).
  Queue: 57 program(s) prioritised — 33 still to assemble
------------------------------------------------------------
[2026-08-23 15:37:08] ACTION=CAPTURE attempted=1 saved=1 failed=0
  Details: Batch finished: 1 saved, 0 failed. Latest: mc-bmedsc/subj-bmsc90023 (2410 chars).
  Queue: 57 program(s) prioritised — 33 still to assemble
------------------------------------------------------------
[2026-08-23 15:38:08] ACTION=CAPTURE attempted=1 saved=1 failed=0
  Details: Batch finished: 1 saved, 0 failed. Latest: mc-bmedsc/subj-bmsc90023-assessment (1663 chars).
  Queue: 57 program(s) prioritised — 33 still to assemble
------------------------------------------------------------
[2026-08-23 15:39:08] ACTION=CAPTURE attempted=1 saved=1 failed=0
  Details: Batch finished: 1 saved, 0 failed. Latest: mc-bmedsc/subj-bmsc90024 (1243 chars).
  Queue: 57 program(s) prioritised — 33 still to assemble
------------------------------------------------------------
[2026-08-23 15:40:08] ACTION=CAPTURE attempted=1 saved=1 failed=0
  Details: Batch finished: 1 saved, 0 failed. Latest: mc-bmedsc/subj-bmsc90024-assessment (1014 chars).
  Queue: 57 program(s) prioritised — 33 still to assemble
------------------------------------------------------------
[2026-08-23 15:41:08] ACTION=CAPTURE attempted=1 saved=1 failed=0
  Details: Batch finished: 1 saved, 0 failed. Latest: mc-bmedsc/subj-bmsc90027 (2415 chars).
  Queue: 57 program(s) prioritised — 33 still to assemble
------------------------------------------------------------
[2026-08-23 15:42:09] ACTION=CAPTURE attempted=1 saved=1 failed=0
  Details: Batch finished: 1 saved, 0 failed. Latest: mc-bmedsc/subj-bmsc90027-assessment (1670 chars).
  Queue: 57 program(s) prioritised — 33 still to assemble
------------------------------------------------------------
[2026-08-23 15:43:08] ACTION=CAPTURE attempted=1 saved=1 failed=0
  Details: Batch finished: 1 saved, 0 failed. Latest: mc-bmedsc/subj-bmsc90028 (1241 chars).
  Queue: 57 program(s) prioritised — 33 still to assemble
------------------------------------------------------------
[2026-08-23 15:44:09] ACTION=CAPTURE attempted=1 saved=1 failed=0
  Details: Batch finished: 1 saved, 0 failed. Latest: mc-bmedsc/subj-bmsc90028-assessment (1012 chars).
  Queue: 57 program(s) prioritised — 33 still to assemble
------------------------------------------------------------
[2026-08-23 15:45:09] ACTION=CAPTURE attempted=1 saved=1 failed=0
  Details: Batch finished: 1 saved, 0 failed. Latest: mc-bmedsc/subj-bmsc90029 (2988 chars).
  Queue: 57 program(s) prioritised — 33 still to assemble
------------------------------------------------------------
[2026-08-23 15:46:08] ACTION=CAPTURE attempted=1 saved=1 failed=0
  Details: Batch finished: 1 saved, 0 failed. Latest: mc-bmedsc/subj-bmsc90029-assessment (1522 chars).
  Queue: 57 program(s) prioritised — 33 still to assemble
------------------------------------------------------------
[2026-08-23 15:47:08] ACTION=CAPTURE attempted=1 saved=1 failed=0
  Details: Batch finished: 1 saved, 0 failed. Latest: mc-bmedsc/subj-bmsc90030 (1244 chars).
  Queue: 57 program(s) prioritised — 33 still to assemble
------------------------------------------------------------
[2026-08-23 15:48:08] ACTION=CAPTURE attempted=1 saved=1 failed=0
  Details: Batch finished: 1 saved, 0 failed. Latest: mc-bmedsc/subj-bmsc90030-assessment (1014 chars).
  Queue: 57 program(s) prioritised — 33 still to assemble
------------------------------------------------------------
[2026-08-23 15:49:08] ACTION=CAPTURE attempted=1 saved=1 failed=0
  Details: Batch finished: 1 saved, 0 failed. Latest: mc-bmedsc/subj-bmsc90031 (2393 chars).
  Queue: 57 program(s) prioritised — 33 still to assemble
------------------------------------------------------------
[2026-08-23 15:50:09] ACTION=CAPTURE attempted=1 saved=1 failed=0
  Details: Batch finished: 1 saved, 0 failed. Latest: mc-bmedsc/subj-bmsc90031-assessment (1640 chars).
  Queue: 57 program(s) prioritised — 33 still to assemble
------------------------------------------------------------
[2026-08-23 15:51:08] ACTION=CAPTURE attempted=1 saved=1 failed=0
  Details: Batch finished: 1 saved, 0 failed. Latest: mc-bmedsc/subj-bmsc90032 (1250 chars).
  Queue: 57 program(s) prioritised — 33 still to assemble
------------------------------------------------------------
[2026-08-23 15:52:08] ACTION=CAPTURE attempted=1 saved=1 failed=0
  Details: Batch finished: 1 saved, 0 failed. Latest: mc-bmedsc/subj-bmsc90032-assessment (1046 chars).
  Queue: 57 program(s) prioritised — 33 still to assemble
------------------------------------------------------------
[2026-08-23 15:53:08] ACTION=CAPTURE attempted=1 saved=1 failed=0
  Details: Batch finished: 1 saved, 0 failed. Latest: mc-bmedsc/subj-bmsc90035 (2416 chars).
  Queue: 57 program(s) prioritised — 33 still to assemble
------------------------------------------------------------
[2026-08-23 15:54:08] ACTION=CAPTURE attempted=1 saved=1 failed=0
  Details: Batch finished: 1 saved, 0 failed. Latest: mc-bmedsc/subj-bmsc90035-assessment (1669 chars).
  Queue: 57 program(s) prioritised — 33 still to assemble
------------------------------------------------------------
[2026-08-23 15:55:09] ACTION=CAPTURE attempted=1 saved=1 failed=0
  Details: Batch finished: 1 saved, 0 failed. Latest: mc-bmedsc/subj-bmsc90036 (1240 chars).
  Queue: 57 program(s) prioritised — 33 still to assemble
------------------------------------------------------------
[2026-08-23 15:56:09] ACTION=CAPTURE attempted=1 saved=1 failed=0
  Details: Batch finished: 1 saved, 0 failed. Latest: mc-bmedsc/subj-bmsc90036-assessment (1010 chars).
  Queue: 57 program(s) prioritised — 33 still to assemble
------------------------------------------------------------
[2026-08-23 15:57:09] ACTION=CAPTURE attempted=1 saved=1 failed=0
  Details: Batch finished: 1 saved, 0 failed. Latest: mc-bmedsc/subj-bmsc90037 (2984 chars).
  Queue: 57 program(s) prioritised — 33 still to assemble
------------------------------------------------------------
[2026-08-23 15:58:09] ACTION=CAPTURE attempted=1 saved=1 failed=0
  Details: Batch finished: 1 saved, 0 failed. Latest: mc-bmedsc/subj-bmsc90037-assessment (1522 chars).
  Queue: 57 program(s) prioritised — 33 still to assemble
------------------------------------------------------------
[2026-08-23 15:59:09] ACTION=CAPTURE attempted=1 saved=1 failed=0
  Details: Batch finished: 1 saved, 0 failed. Latest: mc-bmedsc/subj-bmsc90038 (1244 chars).
  Queue: 57 program(s) prioritised — 33 still to assemble
------------------------------------------------------------
[2026-08-23 16:00:08] ACTION=CAPTURE attempted=1 saved=1 failed=0
  Details: Batch finished: 1 saved, 0 failed. Latest: mc-bmedsc/subj-bmsc90038-assessment (1014 chars).
  Queue: 57 program(s) prioritised — 33 still to assemble
------------------------------------------------------------
[2026-08-23 16:01:08] ACTION=CAPTURE attempted=1 saved=1 failed=0
  Details: Batch finished: 1 saved, 0 failed. Latest: mc-bmedsc/subj-hlth90021 (2847 chars).
  Queue: 57 program(s) prioritised — 33 still to assemble
------------------------------------------------------------
[2026-08-23 16:02:09] ACTION=CAPTURE attempted=1 saved=1 failed=0
  Details: Batch finished: 1 saved, 0 failed. Latest: mc-bmedsc/subj-hlth90021-assessment (1611 chars).
  Queue: 57 program(s) prioritised — 33 still to assemble
------------------------------------------------------------
[2026-08-23 16:03:09] ACTION=CAPTURE attempted=1 saved=1 failed=0
  Details: Batch finished: 1 saved, 0 failed. Latest: mc-bmedsc/subj-opto90032 (2426 chars).
  Queue: 57 program(s) prioritised — 33 still to assemble
------------------------------------------------------------
[2026-08-23 16:04:09] ACTION=CAPTURE attempted=1 saved=1 failed=0
  Details: Batch finished: 1 saved, 0 failed. Latest: mc-bmedsc/subj-opto90032-assessment (1682 chars).
  Queue: 57 program(s) prioritised — 33 still to assemble
------------------------------------------------------------
[2026-08-23 16:05:09] ACTION=CAPTURE attempted=1 saved=1 failed=0
  Details: Batch finished: 1 saved, 0 failed. Latest: mc-bmedsc/subj-opto90033 (1270 chars).
  Queue: 57 program(s) prioritised — 33 still to assemble
------------------------------------------------------------
[2026-08-23 16:06:09] ACTION=CAPTURE attempted=1 saved=1 failed=0
  Details: Batch finished: 1 saved, 0 failed. Latest: mc-bmedsc/subj-opto90033-assessment (1023 chars).
  Queue: 57 program(s) prioritised — 32 still to assemble
------------------------------------------------------------
[2026-08-23 16:07:09] ACTION=CAPTURE attempted=1 saved=1 failed=0
  Details: Batch finished: 1 saved, 0 failed. Latest: mc-climsci/subj-atoc30003 (2750 chars).
  Queue: 57 program(s) prioritised — 32 still to assemble
------------------------------------------------------------
[2026-08-23 16:08:44] ACTION=ERROR attempted=0 saved=0 failed=0
  Reason: Challenge detected: challenge page detected: rew-the-dare-is-thounce
  Queue: BREAKER OPEN — cooling off: 29m left, consecutive block 1, reason 'challenge page detected: rew-the-dare-is-thounce'
------------------------------------------------------------
[2026-08-23 16:09:04] ACTION=COOLOFF attempted=0 saved=0 failed=0
  Reason: challenge page detected: rew-the-dare-is-thounce
  Cooloff remaining: 29m
  Queue: BREAKER OPEN — cooling off: 29m left, consecutive block 1, reason 'challenge page detected: rew-the-dare-is-thounce'
------------------------------------------------------------
[2026-08-23 16:10:05] ACTION=COOLOFF attempted=0 saved=0 failed=0
  Reason: challenge page detected: rew-the-dare-is-thounce
  Cooloff remaining: 28m
  Queue: BREAKER OPEN — cooling off: 28m left, consecutive block 1, reason 'challenge page detected: rew-the-dare-is-thounce'
------------------------------------------------------------
[2026-08-23 16:11:04] ACTION=COOLOFF attempted=0 saved=0 failed=0
  Reason: challenge page detected: rew-the-dare-is-thounce
  Cooloff remaining: 27m
  Queue: BREAKER OPEN — cooling off: 27m left, consecutive block 1, reason 'challenge page detected: rew-the-dare-is-thounce'
------------------------------------------------------------
[2026-08-23 16:12:05] ACTION=COOLOFF attempted=0 saved=0 failed=0
  Reason: challenge page detected: rew-the-dare-is-thounce
  Cooloff remaining: 26m
  Queue: BREAKER OPEN — cooling off: 26m left, consecutive block 1, reason 'challenge page detected: rew-the-dare-is-thounce'
------------------------------------------------------------
[2026-08-23 16:13:05] ACTION=COOLOFF attempted=0 saved=0 failed=0
  Reason: challenge page detected: rew-the-dare-is-thounce
  Cooloff remaining: 25m
  Queue: BREAKER OPEN — cooling off: 25m left, consecutive block 1, reason 'challenge page detected: rew-the-dare-is-thounce'
------------------------------------------------------------
[2026-08-23 16:14:05] ACTION=COOLOFF attempted=0 saved=0 failed=0
  Reason: challenge page detected: rew-the-dare-is-thounce
  Cooloff remaining: 24m
  Queue: BREAKER OPEN — cooling off: 24m left, consecutive block 1, reason 'challenge page detected: rew-the-dare-is-thounce'
------------------------------------------------------------
[2026-08-23 16:15:05] ACTION=COOLOFF attempted=0 saved=0 failed=0
  Reason: challenge page detected: rew-the-dare-is-thounce
  Cooloff remaining: 23m
  Queue: BREAKER OPEN — cooling off: 23m left, consecutive block 1, reason 'challenge page detected: rew-the-dare-is-thounce'
------------------------------------------------------------
[2026-08-23 16:16:07] ACTION=COOLOFF attempted=0 saved=0 failed=0
  Reason: challenge page detected: rew-the-dare-is-thounce
  Cooloff remaining: 22m
  Queue: BREAKER OPEN — cooling off: 22m left, consecutive block 1, reason 'challenge page detected: rew-the-dare-is-thounce'
------------------------------------------------------------
[2026-08-23 16:17:07] ACTION=COOLOFF attempted=0 saved=0 failed=0
  Reason: challenge page detected: rew-the-dare-is-thounce
  Cooloff remaining: 21m
  Queue: BREAKER OPEN — cooling off: 21m left, consecutive block 1, reason 'challenge page detected: rew-the-dare-is-thounce'
------------------------------------------------------------
[2026-08-23 16:18:15] ACTION=COOLOFF attempted=0 saved=0 failed=0
  Reason: challenge page detected: rew-the-dare-is-thounce
  Cooloff remaining: 20m
  Queue: BREAKER OPEN — cooling off: 20m left, consecutive block 1, reason 'challenge page detected: rew-the-dare-is-thounce'
------------------------------------------------------------
[2026-08-23 16:19:08] ACTION=COOLOFF attempted=0 saved=0 failed=0
  Reason: challenge page detected: rew-the-dare-is-thounce
  Cooloff remaining: 19m
  Queue: BREAKER OPEN — cooling off: 19m left, consecutive block 1, reason 'challenge page detected: rew-the-dare-is-thounce'
------------------------------------------------------------
[2026-08-23 16:20:04] ACTION=COOLOFF attempted=0 saved=0 failed=0
  Reason: challenge page detected: rew-the-dare-is-thounce
  Cooloff remaining: 18m
  Queue: BREAKER OPEN — cooling off: 18m left, consecutive block 1, reason 'challenge page detected: rew-the-dare-is-thounce'
------------------------------------------------------------
[2026-08-23 16:21:03] ACTION=COOLOFF attempted=0 saved=0 failed=0
  Reason: challenge page detected: rew-the-dare-is-thounce
  Cooloff remaining: 17m
  Queue: BREAKER OPEN — cooling off: 17m left, consecutive block 1, reason 'challenge page detected: rew-the-dare-is-thounce'
------------------------------------------------------------
[2026-08-23 16:22:03] ACTION=COOLOFF attempted=0 saved=0 failed=0
  Reason: challenge page detected: rew-the-dare-is-thounce
  Cooloff remaining: 16m
  Queue: BREAKER OPEN — cooling off: 16m left, consecutive block 1, reason 'challenge page detected: rew-the-dare-is-thounce'
------------------------------------------------------------
[2026-08-23 16:23:04] ACTION=COOLOFF attempted=0 saved=0 failed=0
  Reason: challenge page detected: rew-the-dare-is-thounce
  Cooloff remaining: 15m
  Queue: BREAKER OPEN — cooling off: 15m left, consecutive block 1, reason 'challenge page detected: rew-the-dare-is-thounce'
------------------------------------------------------------
[2026-08-23 16:24:03] ACTION=COOLOFF attempted=0 saved=0 failed=0
  Reason: challenge page detected: rew-the-dare-is-thounce
  Cooloff remaining: 14m
  Queue: BREAKER OPEN — cooling off: 14m left, consecutive block 1, reason 'challenge page detected: rew-the-dare-is-thounce'
------------------------------------------------------------
[2026-08-23 16:25:04] ACTION=COOLOFF attempted=0 saved=0 failed=0
  Reason: challenge page detected: rew-the-dare-is-thounce
  Cooloff remaining: 13m
  Queue: BREAKER OPEN — cooling off: 13m left, consecutive block 1, reason 'challenge page detected: rew-the-dare-is-thounce'
------------------------------------------------------------
[2026-08-23 16:26:05] ACTION=COOLOFF attempted=0 saved=0 failed=0
  Reason: challenge page detected: rew-the-dare-is-thounce
  Cooloff remaining: 12m
  Queue: BREAKER OPEN — cooling off: 12m left, consecutive block 1, reason 'challenge page detected: rew-the-dare-is-thounce'
------------------------------------------------------------
[2026-08-23 16:27:04] ACTION=COOLOFF attempted=0 saved=0 failed=0
  Reason: challenge page detected: rew-the-dare-is-thounce
  Cooloff remaining: 11m
  Queue: BREAKER OPEN — cooling off: 11m left, consecutive block 1, reason 'challenge page detected: rew-the-dare-is-thounce'
------------------------------------------------------------
[2026-08-23 16:28:05] ACTION=COOLOFF attempted=0 saved=0 failed=0
  Reason: challenge page detected: rew-the-dare-is-thounce
  Cooloff remaining: 10m
  Queue: BREAKER OPEN — cooling off: 10m left, consecutive block 1, reason 'challenge page detected: rew-the-dare-is-thounce'
------------------------------------------------------------
[2026-08-23 16:29:03] ACTION=COOLOFF attempted=0 saved=0 failed=0
  Reason: challenge page detected: rew-the-dare-is-thounce
  Cooloff remaining: 9m
  Queue: BREAKER OPEN — cooling off: 9m left, consecutive block 1, reason 'challenge page detected: rew-the-dare-is-thounce'
------------------------------------------------------------
[2026-08-23 16:30:03] ACTION=COOLOFF attempted=0 saved=0 failed=0
  Reason: challenge page detected: rew-the-dare-is-thounce
  Cooloff remaining: 8m
  Queue: BREAKER OPEN — cooling off: 8m left, consecutive block 1, reason 'challenge page detected: rew-the-dare-is-thounce'
------------------------------------------------------------
[2026-08-23 16:31:03] ACTION=COOLOFF attempted=0 saved=0 failed=0
  Reason: challenge page detected: rew-the-dare-is-thounce
  Cooloff remaining: 7m
  Queue: BREAKER OPEN — cooling off: 7m left, consecutive block 1, reason 'challenge page detected: rew-the-dare-is-thounce'
------------------------------------------------------------
[2026-08-23 16:32:03] ACTION=COOLOFF attempted=0 saved=0 failed=0
  Reason: challenge page detected: rew-the-dare-is-thounce
  Cooloff remaining: 6m
  Queue: BREAKER OPEN — cooling off: 6m left, consecutive block 1, reason 'challenge page detected: rew-the-dare-is-thounce'
------------------------------------------------------------
[2026-08-23 16:33:03] ACTION=COOLOFF attempted=0 saved=0 failed=0
  Reason: challenge page detected: rew-the-dare-is-thounce
  Cooloff remaining: 5m
  Queue: BREAKER OPEN — cooling off: 5m left, consecutive block 1, reason 'challenge page detected: rew-the-dare-is-thounce'
------------------------------------------------------------
[2026-08-23 16:34:04] ACTION=COOLOFF attempted=0 saved=0 failed=0
  Reason: challenge page detected: rew-the-dare-is-thounce
  Cooloff remaining: 4m
  Queue: BREAKER OPEN — cooling off: 4m left, consecutive block 1, reason 'challenge page detected: rew-the-dare-is-thounce'
------------------------------------------------------------
[2026-08-23 16:35:03] ACTION=COOLOFF attempted=0 saved=0 failed=0
  Reason: challenge page detected: rew-the-dare-is-thounce
  Cooloff remaining: 3m
  Queue: BREAKER OPEN — cooling off: 3m left, consecutive block 1, reason 'challenge page detected: rew-the-dare-is-thounce'
------------------------------------------------------------
[2026-08-23 16:36:04] ACTION=COOLOFF attempted=0 saved=0 failed=0
  Reason: challenge page detected: rew-the-dare-is-thounce
  Cooloff remaining: 2m
  Queue: BREAKER OPEN — cooling off: 2m left, consecutive block 1, reason 'challenge page detected: rew-the-dare-is-thounce'
------------------------------------------------------------
[2026-08-23 16:37:04] ACTION=COOLOFF attempted=0 saved=0 failed=0
  Reason: challenge page detected: rew-the-dare-is-thounce
  Cooloff remaining: 1m
  Queue: BREAKER OPEN — cooling off: 1m left, consecutive block 1, reason 'challenge page detected: rew-the-dare-is-thounce'
------------------------------------------------------------
[2026-08-23 16:38:04] ACTION=COOLOFF attempted=0 saved=0 failed=0
  Reason: challenge page detected: rew-the-dare-is-thounce
  Queue: BREAKER OPEN — cooling off: 0m left, consecutive block 1, reason 'challenge page detected: rew-the-dare-is-thounce'
------------------------------------------------------------
[2026-08-23 16:39:09] ACTION=CAPTURE attempted=1 saved=1 failed=0
  Details: Batch finished: 1 saved, 0 failed. Latest: mc-climsci/subj-atoc30003-assessment (935 chars).
  Queue: 57 program(s) prioritised — 32 still to assemble
------------------------------------------------------------
[2026-08-23 16:40:07] ACTION=CAPTURE attempted=1 saved=1 failed=0
  Details: Batch finished: 1 saved, 0 failed. Latest: mc-climsci/subj-atoc30004 (2734 chars).
  Queue: 57 program(s) prioritised — 32 still to assemble
------------------------------------------------------------
[2026-08-23 16:41:07] ACTION=CAPTURE attempted=1 saved=1 failed=0
  Details: Batch finished: 1 saved, 0 failed. Latest: mc-climsci/subj-atoc30004-assessment (830 chars).
  Queue: 57 program(s) prioritised — 32 still to assemble
------------------------------------------------------------
[2026-08-23 16:42:07] ACTION=CAPTURE attempted=1 saved=1 failed=0
  Details: Batch finished: 1 saved, 0 failed. Latest: mc-climsci/subj-atoc30006 (2402 chars).
  Queue: 57 program(s) prioritised — 32 still to assemble
------------------------------------------------------------
[2026-08-23 16:43:08] ACTION=CAPTURE attempted=1 saved=1 failed=0
  Details: Batch finished: 1 saved, 0 failed. Latest: mc-climsci/subj-atoc30006-assessment (1070 chars).
  Queue: 57 program(s) prioritised — 32 still to assemble
------------------------------------------------------------
[2026-08-23 16:44:08] ACTION=CAPTURE attempted=1 saved=1 failed=0
  Details: Batch finished: 1 saved, 0 failed. Latest: mc-climsci/subj-atoc30008 (2673 chars).
  Queue: 57 program(s) prioritised — 32 still to assemble
------------------------------------------------------------
[2026-08-23 16:45:09] ACTION=CAPTURE attempted=1 saved=1 failed=0
  Details: Batch finished: 1 saved, 0 failed. Latest: mc-climsci/subj-atoc30008-assessment (828 chars).
  Queue: 57 program(s) prioritised — 32 still to assemble
------------------------------------------------------------
[2026-08-23 16:46:07] ACTION=CAPTURE attempted=1 saved=1 failed=0
  Details: Batch finished: 1 saved, 0 failed. Latest: mc-climsci/subj-atoc90002 (2843 chars).
  Queue: 57 program(s) prioritised — 32 still to assemble
------------------------------------------------------------
[2026-08-23 16:47:08] ACTION=CAPTURE attempted=1 saved=1 failed=0
  Details: Batch finished: 1 saved, 0 failed. Latest: mc-climsci/subj-atoc90002-assessment (926 chars).
  Queue: 57 program(s) prioritised — 32 still to assemble
------------------------------------------------------------
[2026-08-23 16:48:07] ACTION=CAPTURE attempted=1 saved=1 failed=0
  Details: Batch finished: 1 saved, 0 failed. Latest: mc-climsci/subj-atoc90004 (2080 chars).
  Queue: 57 program(s) prioritised — 32 still to assemble
------------------------------------------------------------
[2026-08-23 16:49:11] ACTION=CAPTURE attempted=1 saved=1 failed=0
  Details: Batch finished: 1 saved, 0 failed. Latest: mc-climsci/subj-atoc90004-assessment (1060 chars).
  Queue: 57 program(s) prioritised — 32 still to assemble
------------------------------------------------------------
[2026-08-23 16:50:08] ACTION=CAPTURE attempted=1 saved=1 failed=0
  Details: Batch finished: 1 saved, 0 failed. Latest: mc-climsci/subj-atoc90011 (1863 chars).
  Queue: 57 program(s) prioritised — 32 still to assemble
------------------------------------------------------------
[2026-08-23 16:51:08] ACTION=CAPTURE attempted=1 saved=1 failed=0
  Details: Batch finished: 1 saved, 0 failed. Latest: mc-climsci/subj-atoc90011-assessment (775 chars).
  Queue: 57 program(s) prioritised — 32 still to assemble
------------------------------------------------------------
[2026-08-23 16:52:08] ACTION=CAPTURE attempted=1 saved=1 failed=0
  Details: Batch finished: 1 saved, 0 failed. Latest: mc-climsci/subj-atoc90016 (2391 chars).
  Queue: 57 program(s) prioritised — 32 still to assemble
------------------------------------------------------------
[2026-08-23 16:53:08] ACTION=CAPTURE attempted=1 saved=1 failed=0
  Details: Batch finished: 1 saved, 0 failed. Latest: mc-climsci/subj-atoc90016-assessment (770 chars).
  Queue: 57 program(s) prioritised — 32 still to assemble
------------------------------------------------------------
[2026-08-23 16:54:08] ACTION=CAPTURE attempted=1 saved=1 failed=0
  Details: Batch finished: 1 saved, 0 failed. Latest: mc-climsci/subj-atoc90017 (2477 chars).
  Queue: 57 program(s) prioritised — 32 still to assemble
------------------------------------------------------------
[2026-08-23 16:55:09] ACTION=CAPTURE attempted=1 saved=1 failed=0
  Details: Batch finished: 1 saved, 0 failed. Latest: mc-climsci/subj-atoc90017-assessment (929 chars).
  Queue: 57 program(s) prioritised — 32 still to assemble
------------------------------------------------------------
[2026-08-23 16:56:08] ACTION=CAPTURE attempted=1 saved=1 failed=0
  Details: Batch finished: 1 saved, 0 failed. Latest: mc-climsci/subj-atoc90018 (2909 chars).
  Queue: 57 program(s) prioritised — 32 still to assemble
------------------------------------------------------------
[2026-08-23 16:57:08] ACTION=CAPTURE attempted=1 saved=1 failed=0
  Details: Batch finished: 1 saved, 0 failed. Latest: mc-climsci/subj-atoc90018-assessment (1480 chars).
  Queue: 57 program(s) prioritised — 32 still to assemble
------------------------------------------------------------
[2026-08-23 16:58:08] ACTION=CAPTURE attempted=1 saved=1 failed=0
  Details: Batch finished: 1 saved, 0 failed. Latest: mc-climsci/subj-atoc90019 (2947 chars).
  Queue: 57 program(s) prioritised — 32 still to assemble
------------------------------------------------------------
[2026-08-23 16:59:09] ACTION=CAPTURE attempted=1 saved=1 failed=0
  Details: Batch finished: 1 saved, 0 failed. Latest: mc-climsci/subj-atoc90019-assessment (1884 chars).
  Queue: 57 program(s) prioritised — 32 still to assemble
------------------------------------------------------------
[2026-08-23 17:00:08] ACTION=CAPTURE attempted=1 saved=1 failed=0
  Details: Batch finished: 1 saved, 0 failed. Latest: mc-climsci/subj-atoc90020 (2881 chars).
  Queue: 57 program(s) prioritised — 32 still to assemble
------------------------------------------------------------
[2026-08-23 17:01:08] ACTION=CAPTURE attempted=1 saved=1 failed=0
  Details: Batch finished: 1 saved, 0 failed. Latest: mc-climsci/subj-atoc90020-assessment (1936 chars).
  Queue: 57 program(s) prioritised — 32 still to assemble
------------------------------------------------------------
[2026-08-23 17:02:08] ACTION=CAPTURE attempted=1 saved=1 failed=0
  Details: Batch finished: 1 saved, 0 failed. Latest: mc-climsci/subj-atoc90021 (2974 chars).
  Queue: 57 program(s) prioritised — 32 still to assemble
------------------------------------------------------------
[2026-08-23 17:03:08] ACTION=CAPTURE attempted=1 saved=1 failed=0
  Details: Batch finished: 1 saved, 0 failed. Latest: mc-climsci/subj-atoc90021-assessment (720 chars).
  Queue: 57 program(s) prioritised — 32 still to assemble
------------------------------------------------------------
[2026-08-23 17:04:09] ACTION=CAPTURE attempted=1 saved=1 failed=0
  Details: Batch finished: 1 saved, 0 failed. Latest: mc-climsci/subj-atoc90022 (3064 chars).
  Queue: 57 program(s) prioritised — 32 still to assemble
------------------------------------------------------------
[2026-08-23 17:05:08] ACTION=CAPTURE attempted=1 saved=1 failed=0
  Details: Batch finished: 1 saved, 0 failed. Latest: mc-climsci/subj-atoc90022-assessment (1499 chars).
  Queue: 57 program(s) prioritised — 32 still to assemble
------------------------------------------------------------
[2026-08-23 17:06:09] ACTION=CAPTURE attempted=1 saved=1 failed=0
  Details: Batch finished: 1 saved, 0 failed. Latest: mc-climsci/subj-atoc90023 (2951 chars).
  Queue: 57 program(s) prioritised — 32 still to assemble
------------------------------------------------------------
[2026-08-23 17:07:08] ACTION=CAPTURE attempted=1 saved=1 failed=0
  Details: Batch finished: 1 saved, 0 failed. Latest: mc-climsci/subj-atoc90023-assessment (1506 chars).
  Queue: 57 program(s) prioritised — 32 still to assemble
------------------------------------------------------------
[2026-08-23 17:08:08] ACTION=CAPTURE attempted=1 saved=1 failed=0
  Details: Batch finished: 1 saved, 0 failed. Latest: mc-climsci/subj-erth90026 (3234 chars).
  Queue: 57 program(s) prioritised — 32 still to assemble
------------------------------------------------------------
[2026-08-23 17:09:09] ACTION=CAPTURE attempted=1 saved=1 failed=0
  Details: Batch finished: 1 saved, 0 failed. Latest: mc-climsci/subj-erth90026-assessment (895 chars).
  Queue: 57 program(s) prioritised — 31 still to assemble
------------------------------------------------------------
[2026-08-23 17:10:10] ACTION=CAPTURE attempted=1 saved=1 failed=0
  Details: Batch finished: 1 saved, 0 failed. Latest: mc-envlaw/structure (6197 chars).
  Queue: 57 program(s) prioritised — 31 still to assemble
------------------------------------------------------------
[2026-08-23 17:11:09] ACTION=CAPTURE attempted=1 saved=1 failed=0
  Details: Batch finished: 1 saved, 0 failed. Latest: mc-envlaw/subj-laws70100 (4219 chars).
  Queue: 57 program(s) prioritised — 31 still to assemble
------------------------------------------------------------
[2026-08-23 17:12:10] ACTION=CAPTURE attempted=1 saved=1 failed=0
  Details: Batch finished: 1 saved, 0 failed. Latest: mc-envlaw/subj-laws70100-assessment (1053 chars).
  Queue: 57 program(s) prioritised — 31 still to assemble
------------------------------------------------------------
[2026-08-23 17:13:10] ACTION=CAPTURE attempted=1 saved=1 failed=0
  Details: Batch finished: 1 saved, 0 failed. Latest: mc-envlaw/subj-laws70185 (3986 chars).
  Queue: 57 program(s) prioritised — 31 still to assemble
------------------------------------------------------------
[2026-08-23 17:14:08] ACTION=CAPTURE attempted=1 saved=1 failed=0
  Details: Batch finished: 1 saved, 0 failed. Latest: mc-envlaw/subj-laws70185-assessment (1158 chars).
  Queue: 57 program(s) prioritised — 31 still to assemble
------------------------------------------------------------
[2026-08-23 17:15:10] ACTION=CAPTURE attempted=1 saved=1 failed=0
  Details: Batch finished: 1 saved, 0 failed. Latest: mc-envlaw/subj-laws70219 (3932 chars).
  Queue: 57 program(s) prioritised — 31 still to assemble
------------------------------------------------------------
[2026-08-23 17:16:08] ACTION=CAPTURE attempted=1 saved=1 failed=0
  Details: Batch finished: 1 saved, 0 failed. Latest: mc-envlaw/subj-laws70219-assessment (934 chars).
  Queue: 57 program(s) prioritised — 31 still to assemble
------------------------------------------------------------
[2026-08-23 17:17:09] ACTION=CAPTURE attempted=1 saved=1 failed=0
  Details: Batch finished: 1 saved, 0 failed. Latest: mc-envlaw/subj-laws70293 (4025 chars).
  Queue: 57 program(s) prioritised — 31 still to assemble
------------------------------------------------------------
[2026-08-23 17:18:09] ACTION=CAPTURE attempted=1 saved=1 failed=0
  Details: Batch finished: 1 saved, 0 failed. Latest: mc-envlaw/subj-laws70293-assessment (1045 chars).
  Queue: 57 program(s) prioritised — 31 still to assemble
------------------------------------------------------------
[2026-08-23 17:19:09] ACTION=CAPTURE attempted=1 saved=1 failed=0
  Details: Batch finished: 1 saved, 0 failed. Latest: mc-envlaw/subj-laws70349 (3231 chars).
  Queue: 57 program(s) prioritised — 31 still to assemble
------------------------------------------------------------
[2026-08-23 17:20:09] ACTION=CAPTURE attempted=1 saved=1 failed=0
  Details: Batch finished: 1 saved, 0 failed. Latest: mc-envlaw/subj-laws70349-assessment (1056 chars).
  Queue: 57 program(s) prioritised — 31 still to assemble
------------------------------------------------------------
[2026-08-23 17:21:09] ACTION=CAPTURE attempted=1 saved=1 failed=0
  Details: Batch finished: 1 saved, 0 failed. Latest: mc-envlaw/subj-laws90026 (4569 chars).
  Queue: 57 program(s) prioritised — 31 still to assemble
------------------------------------------------------------
[2026-08-23 17:22:09] ACTION=CAPTURE attempted=1 saved=1 failed=0
  Details: Batch finished: 1 saved, 0 failed. Latest: mc-envlaw/subj-laws90026-assessment (747 chars).
  Queue: 57 program(s) prioritised — 31 still to assemble
------------------------------------------------------------
[2026-08-23 17:23:09] ACTION=CAPTURE attempted=1 saved=1 failed=0
  Details: Batch finished: 1 saved, 0 failed. Latest: mc-envlaw/subj-laws90088 (5179 chars).
  Queue: 57 program(s) prioritised — 31 still to assemble
------------------------------------------------------------
[2026-08-23 17:24:09] ACTION=CAPTURE attempted=1 saved=1 failed=0
  Details: Batch finished: 1 saved, 0 failed. Latest: mc-envlaw/subj-laws90088-assessment (838 chars).
  Queue: 57 program(s) prioritised — 31 still to assemble
------------------------------------------------------------
[2026-08-23 17:25:09] ACTION=CAPTURE attempted=1 saved=1 failed=0
  Details: Batch finished: 1 saved, 0 failed. Latest: mc-envlaw/subj-laws90114 (3130 chars).
  Queue: 57 program(s) prioritised — 31 still to assemble
------------------------------------------------------------
[2026-08-23 17:26:10] ACTION=CAPTURE attempted=1 saved=1 failed=0
  Details: Batch finished: 1 saved, 0 failed. Latest: mc-envlaw/subj-laws90114-assessment (844 chars).
  Queue: 57 program(s) prioritised — 31 still to assemble
------------------------------------------------------------
[2026-08-23 17:27:10] ACTION=CAPTURE attempted=1 saved=1 failed=0
  Details: Batch finished: 1 saved, 0 failed. Latest: mc-envlaw/subj-laws90115 (4419 chars).
  Queue: 57 program(s) prioritised — 31 still to assemble
------------------------------------------------------------
[2026-08-23 17:28:09] ACTION=CAPTURE attempted=1 saved=1 failed=0
  Details: Batch finished: 1 saved, 0 failed. Latest: mc-envlaw/subj-laws90115-assessment (906 chars).
  Queue: 57 program(s) prioritised — 31 still to assemble
------------------------------------------------------------
[2026-08-23 17:29:10] ACTION=CAPTURE attempted=1 saved=1 failed=0
  Details: Batch finished: 1 saved, 0 failed. Latest: mc-envlaw/subj-laws90116 (3909 chars).
  Queue: 57 program(s) prioritised — 31 still to assemble
------------------------------------------------------------
[2026-08-23 17:30:09] ACTION=CAPTURE attempted=1 saved=1 failed=0
  Details: Batch finished: 1 saved, 0 failed. Latest: mc-envlaw/subj-laws90116-assessment (862 chars).
  Queue: 57 program(s) prioritised — 31 still to assemble
------------------------------------------------------------
[2026-08-23 17:31:07] ACTION=CAPTURE attempted=1 saved=1 failed=0
  Details: Batch finished: 1 saved, 0 failed. Latest: mc-envlaw/subj-laws90127 (2867 chars).
  Queue: 57 program(s) prioritised — 31 still to assemble
------------------------------------------------------------
[2026-08-23 17:32:07] ACTION=CAPTURE attempted=1 saved=1 failed=0
  Details: Batch finished: 1 saved, 0 failed. Latest: mc-envlaw/subj-laws90127-assessment (980 chars).
  Queue: 57 program(s) prioritised — 31 still to assemble
------------------------------------------------------------
[2026-08-23 17:33:08] ACTION=CAPTURE attempted=1 saved=1 failed=0
  Details: Batch finished: 1 saved, 0 failed. Latest: mc-envlaw/subj-laws90147 (4709 chars).
  Queue: 57 program(s) prioritised — 31 still to assemble
------------------------------------------------------------
[2026-08-23 17:34:08] ACTION=CAPTURE attempted=1 saved=1 failed=0
  Details: Batch finished: 1 saved, 0 failed. Latest: mc-envlaw/subj-laws90147-assessment (779 chars).
  Queue: 57 program(s) prioritised — 31 still to assemble
------------------------------------------------------------
[2026-08-23 17:35:08] ACTION=CAPTURE attempted=1 saved=1 failed=0
  Details: Batch finished: 1 saved, 0 failed. Latest: mc-envlaw/subj-laws90168 (2839 chars).
  Queue: 57 program(s) prioritised — 31 still to assemble
------------------------------------------------------------
[2026-08-23 17:36:09] ACTION=CAPTURE attempted=1 saved=1 failed=0
  Details: Batch finished: 1 saved, 0 failed. Latest: mc-envlaw/subj-laws90168-assessment (821 chars).
  Queue: 57 program(s) prioritised — 31 still to assemble
------------------------------------------------------------
[2026-08-23 17:37:08] ACTION=CAPTURE attempted=1 saved=1 failed=0
  Details: Batch finished: 1 saved, 0 failed. Latest: mc-envlaw/subj-laws90248 (3990 chars).
  Queue: 57 program(s) prioritised — 31 still to assemble
------------------------------------------------------------
[2026-08-23 17:38:08] ACTION=CAPTURE attempted=1 saved=1 failed=0
  Details: Batch finished: 1 saved, 0 failed. Latest: mc-envlaw/subj-laws90248-assessment (1026 chars).
  Queue: 57 program(s) prioritised — 31 still to assemble
------------------------------------------------------------
[2026-08-23 17:39:09] ACTION=CAPTURE attempted=1 saved=1 failed=0
  Details: Batch finished: 1 saved, 0 failed. Latest: mc-envlaw/subj-laws90268 (3309 chars).
  Queue: 57 program(s) prioritised — 31 still to assemble
------------------------------------------------------------
[2026-08-23 17:40:14] ACTION=CAPTURE attempted=1 saved=1 failed=0
  Details: Batch finished: 1 saved, 0 failed. Latest: mc-envlaw/subj-laws90268-assessment (1038 chars).
  Queue: 57 program(s) prioritised — 31 still to assemble
------------------------------------------------------------
[2026-08-23 17:41:08] ACTION=CAPTURE attempted=1 saved=1 failed=0
  Details: Batch finished: 1 saved, 0 failed. Latest: mc-envlaw/subj-laws90352 (4147 chars).
  Queue: 57 program(s) prioritised — 31 still to assemble
------------------------------------------------------------
[2026-08-23 17:42:09] ACTION=CAPTURE attempted=1 saved=1 failed=0
  Details: Batch finished: 1 saved, 0 failed. Latest: mc-envlaw/subj-laws90352-assessment (978 chars).
  Queue: 57 program(s) prioritised — 30 still to assemble
------------------------------------------------------------
[2026-08-23 17:43:08] ACTION=CAPTURE attempted=1 saved=1 failed=0
  Details: Batch finished: 1 saved, 0 failed. Latest: mc-indeng/course (3290 chars).
  Queue: 57 program(s) prioritised — 30 still to assemble
------------------------------------------------------------
[2026-08-23 17:44:07] ACTION=CAPTURE attempted=1 saved=1 failed=0
  Details: Batch finished: 1 saved, 0 failed. Latest: mc-indeng/attributes (3464 chars).
  Queue: 57 program(s) prioritised — 30 still to assemble
------------------------------------------------------------
[2026-08-23 17:45:08] ACTION=CAPTURE attempted=1 saved=1 failed=0
  Details: Batch finished: 1 saved, 0 failed. Latest: mc-indeng/structure (4568 chars).
  Queue: 57 program(s) prioritised — 30 still to assemble
------------------------------------------------------------
[2026-08-23 17:46:08] ACTION=CAPTURE attempted=1 saved=1 failed=0
  Details: Batch finished: 1 saved, 0 failed. Latest: mc-indeng/subj-engm90006 (3256 chars).
  Queue: 57 program(s) prioritised — 30 still to assemble
------------------------------------------------------------
[2026-08-23 17:47:07] ACTION=CAPTURE attempted=1 saved=1 failed=0
  Details: Batch finished: 1 saved, 0 failed. Latest: mc-indeng/subj-engm90006-assessment (1541 chars).
  Queue: 57 program(s) prioritised — 30 still to assemble
------------------------------------------------------------
[2026-08-23 17:48:08] ACTION=CAPTURE attempted=1 saved=1 failed=0
  Details: Batch finished: 1 saved, 0 failed. Latest: mc-indeng/subj-engm90011 (2048 chars).
  Queue: 57 program(s) prioritised — 30 still to assemble
------------------------------------------------------------
[2026-08-23 17:49:08] ACTION=CAPTURE attempted=1 saved=1 failed=0
  Details: Batch finished: 1 saved, 0 failed. Latest: mc-indeng/subj-engm90011-assessment (1181 chars).
  Queue: 57 program(s) prioritised — 30 still to assemble
------------------------------------------------------------
[2026-08-23 17:50:08] ACTION=CAPTURE attempted=1 saved=1 failed=0
  Details: Batch finished: 1 saved, 0 failed. Latest: mc-indeng/subj-engm90012 (3870 chars).
  Queue: 57 program(s) prioritised — 30 still to assemble
------------------------------------------------------------
[2026-08-23 17:51:10] ACTION=CAPTURE attempted=1 saved=1 failed=0
  Details: Batch finished: 1 saved, 0 failed. Latest: mc-indeng/subj-engm90012-assessment (1535 chars).
  Queue: 57 program(s) prioritised — 30 still to assemble
------------------------------------------------------------
[2026-08-23 17:52:08] ACTION=CAPTURE attempted=1 saved=1 failed=0
  Details: Batch finished: 1 saved, 0 failed. Latest: mc-indeng/subj-engr90037 (4532 chars).
  Queue: 57 program(s) prioritised — 30 still to assemble
------------------------------------------------------------
[2026-08-23 17:53:08] ACTION=CAPTURE attempted=1 saved=1 failed=0
  Details: Batch finished: 1 saved, 0 failed. Latest: mc-indeng/subj-engr90037-assessment (2642 chars).
  Queue: 57 program(s) prioritised — 30 still to assemble
------------------------------------------------------------
[2026-08-23 17:54:09] ACTION=CAPTURE attempted=1 saved=1 failed=0
  Details: Batch finished: 1 saved, 0 failed. Latest: mc-indeng/subj-engr90038 (1460 chars).
  Queue: 57 program(s) prioritised — 30 still to assemble
------------------------------------------------------------
[2026-08-23 17:55:08] ACTION=CAPTURE attempted=1 saved=1 failed=0
  Details: Batch finished: 1 saved, 0 failed. Latest: mc-indeng/subj-engr90038-assessment (1421 chars).
  Queue: 57 program(s) prioritised — 30 still to assemble
------------------------------------------------------------
[2026-08-23 17:56:09] ACTION=CAPTURE attempted=1 saved=1 failed=0
  Details: Batch finished: 1 saved, 0 failed. Latest: mc-indeng/subj-engr90051 (3248 chars).
  Queue: 57 program(s) prioritised — 30 still to assemble
------------------------------------------------------------
[2026-08-23 17:57:11] ACTION=CAPTURE attempted=1 saved=1 failed=0
  Details: Batch finished: 1 saved, 0 failed. Latest: mc-indeng/subj-engr90051-assessment (2715 chars).
  Queue: 57 program(s) prioritised — 30 still to assemble
------------------------------------------------------------
[2026-08-23 17:58:08] ACTION=CAPTURE attempted=1 saved=1 failed=0
  Details: Batch finished: 1 saved, 0 failed. Latest: mc-indeng/subj-mast90014 (2370 chars).
  Queue: 57 program(s) prioritised — 30 still to assemble
------------------------------------------------------------
[2026-08-23 17:59:09] ACTION=CAPTURE attempted=1 saved=1 failed=0
  Details: Batch finished: 1 saved, 0 failed. Latest: mc-indeng/subj-mast90014-assessment (1066 chars).
  Queue: 57 program(s) prioritised — 30 still to assemble
------------------------------------------------------------
[2026-08-23 18:00:09] ACTION=CAPTURE attempted=1 saved=1 failed=0
  Details: Batch finished: 1 saved, 0 failed. Latest: mc-indeng/subj-mcen90053 (2696 chars).
  Queue: 57 program(s) prioritised — 30 still to assemble
------------------------------------------------------------
[2026-08-23 18:01:08] ACTION=CAPTURE attempted=1 saved=1 failed=0
  Details: Batch finished: 1 saved, 0 failed. Latest: mc-indeng/subj-mcen90053-assessment (1027 chars).
  Queue: 57 program(s) prioritised — 30 still to assemble
------------------------------------------------------------
[2026-08-23 18:02:09] ACTION=CAPTURE attempted=1 saved=1 failed=0
  Details: Batch finished: 1 saved, 0 failed. Latest: mc-indeng/subj-mcen90054 (2952 chars).
  Queue: 57 program(s) prioritised — 30 still to assemble
------------------------------------------------------------
[2026-08-23 18:03:08] ACTION=CAPTURE attempted=1 saved=1 failed=0
  Details: Batch finished: 1 saved, 0 failed. Latest: mc-indeng/subj-mcen90054-assessment (1204 chars).
  Queue: 57 program(s) prioritised — 30 still to assemble
------------------------------------------------------------
[2026-08-23 18:04:08] ACTION=CAPTURE attempted=1 saved=1 failed=0
  Details: Batch finished: 1 saved, 0 failed. Latest: mc-indeng/subj-mcen90055 (2617 chars).
  Queue: 57 program(s) prioritised — 30 still to assemble
------------------------------------------------------------
[2026-08-23 18:05:09] ACTION=CAPTURE attempted=1 saved=1 failed=0
  Details: Batch finished: 1 saved, 0 failed. Latest: mc-indeng/subj-mcen90055-assessment (1254 chars).
  Queue: 57 program(s) prioritised — 30 still to assemble
------------------------------------------------------------
[2026-08-23 18:06:09] ACTION=CAPTURE attempted=1 saved=1 failed=0
  Details: Batch finished: 1 saved, 0 failed. Latest: mc-indeng/subj-mcen90056 (2783 chars).
  Queue: 57 program(s) prioritised — 30 still to assemble
------------------------------------------------------------
[2026-08-23 18:07:08] ACTION=CAPTURE attempted=1 saved=1 failed=0
  Details: Batch finished: 1 saved, 0 failed. Latest: mc-indeng/subj-mcen90056-assessment (973 chars).
  Queue: 57 program(s) prioritised — 30 still to assemble
------------------------------------------------------------
[2026-08-23 18:08:10] ACTION=CAPTURE attempted=1 saved=1 failed=0
  Details: Batch finished: 1 saved, 0 failed. Latest: mc-indeng/subj-mcen90057 (3059 chars).
  Queue: 57 program(s) prioritised — 30 still to assemble
------------------------------------------------------------
[2026-08-23 18:09:08] ACTION=CAPTURE attempted=1 saved=1 failed=0
  Details: Batch finished: 1 saved, 0 failed. Latest: mc-indeng/subj-mcen90057-assessment (1055 chars).
  Queue: 57 program(s) prioritised — 30 still to assemble
------------------------------------------------------------
[2026-08-23 18:10:09] ACTION=CAPTURE attempted=1 saved=1 failed=0
  Details: Batch finished: 1 saved, 0 failed. Latest: mc-indeng/subj-mcen90058 (2717 chars).
  Queue: 57 program(s) prioritised — 30 still to assemble
------------------------------------------------------------
[2026-08-23 18:11:09] ACTION=CAPTURE attempted=1 saved=1 failed=0
  Details: Batch finished: 1 saved, 0 failed. Latest: mc-indeng/subj-mcen90058-assessment (1103 chars).
  Queue: 57 program(s) prioritised — 30 still to assemble
------------------------------------------------------------
[2026-08-23 18:12:09] ACTION=CAPTURE attempted=1 saved=1 failed=0
  Details: Batch finished: 1 saved, 0 failed. Latest: mc-indeng/subj-mcen90059 (2843 chars).
  Queue: 57 program(s) prioritised — 30 still to assemble
------------------------------------------------------------
[2026-08-23 18:13:09] ACTION=CAPTURE attempted=1 saved=1 failed=0
  Details: Batch finished: 1 saved, 0 failed. Latest: mc-indeng/subj-mcen90059-assessment (1189 chars).
  Queue: 57 program(s) prioritised — 30 still to assemble
------------------------------------------------------------
[2026-08-23 18:14:08] ACTION=CAPTURE attempted=1 saved=1 failed=0
  Details: Batch finished: 1 saved, 0 failed. Latest: mc-indeng/subj-mcen90060 (2688 chars).
  Queue: 57 program(s) prioritised — 30 still to assemble
------------------------------------------------------------
[2026-08-23 18:15:08] ACTION=CAPTURE attempted=1 saved=1 failed=0
  Details: Batch finished: 1 saved, 0 failed. Latest: mc-indeng/subj-mcen90060-assessment (1002 chars).
  Queue: 57 program(s) prioritised — 30 still to assemble
------------------------------------------------------------
[2026-08-23 18:16:09] ACTION=CAPTURE attempted=1 saved=1 failed=0
  Details: Batch finished: 1 saved, 0 failed. Latest: mc-indeng/subj-mgmt90026 (3179 chars).
  Queue: 57 program(s) prioritised — 30 still to assemble
------------------------------------------------------------
[2026-08-23 18:17:10] ACTION=CAPTURE attempted=1 saved=1 failed=0
  Details: Batch finished: 1 saved, 0 failed. Latest: mc-indeng/subj-mgmt90026-assessment (820 chars).
  Queue: 57 program(s) prioritised — 29 still to assemble
------------------------------------------------------------
[2026-08-23 18:18:08] ACTION=CAPTURE attempted=1 saved=1 failed=0
  Details: Batch finished: 1 saved, 0 failed. Latest: mc-scibif/course (1777 chars).
  Queue: 57 program(s) prioritised — 29 still to assemble
------------------------------------------------------------
[2026-08-23 18:19:09] ACTION=CAPTURE attempted=1 saved=1 failed=0
  Details: Batch finished: 1 saved, 0 failed. Latest: mc-scibif/attributes (2509 chars).
  Queue: 57 program(s) prioritised — 29 still to assemble
------------------------------------------------------------
[2026-08-23 18:20:09] ACTION=CAPTURE attempted=1 saved=1 failed=0
  Details: Batch finished: 1 saved, 0 failed. Latest: mc-scibif/structure (12802 chars).
  Queue: 57 program(s) prioritised — 29 still to assemble
------------------------------------------------------------
[2026-08-23 18:21:07] ACTION=CAPTURE attempted=1 saved=1 failed=0
  Details: Batch finished: 1 saved, 0 failed. Latest: mc-scibif/subj-binf90002 (2199 chars).
  Queue: 57 program(s) prioritised — 29 still to assemble
------------------------------------------------------------
[2026-08-23 18:22:07] ACTION=CAPTURE attempted=1 saved=1 failed=0
  Details: Batch finished: 1 saved, 0 failed. Latest: mc-scibif/subj-binf90002-assessment (1157 chars).
  Queue: 57 program(s) prioritised — 29 still to assemble
------------------------------------------------------------
[2026-08-23 18:23:07] ACTION=CAPTURE attempted=1 saved=1 failed=0
  Details: Batch finished: 1 saved, 0 failed. Latest: mc-scibif/subj-binf90017 (2489 chars).
  Queue: 57 program(s) prioritised — 29 still to assemble
------------------------------------------------------------
[2026-08-23 18:24:10] ACTION=CAPTURE attempted=1 saved=1 failed=0
  Details: Batch finished: 1 saved, 0 failed. Latest: mc-scibif/subj-binf90017-assessment (1051 chars).
  Queue: 57 program(s) prioritised — 29 still to assemble
------------------------------------------------------------
[2026-08-23 18:25:09] ACTION=CAPTURE attempted=1 saved=1 failed=0
  Details: Batch finished: 1 saved, 0 failed. Latest: mc-scibif/subj-binf90018 (2190 chars).
  Queue: 57 program(s) prioritised — 29 still to assemble
------------------------------------------------------------
[2026-08-23 18:26:07] ACTION=CAPTURE attempted=1 saved=1 failed=0
  Details: Batch finished: 1 saved, 0 failed. Latest: mc-scibif/subj-binf90018-assessment (2091 chars).
  Queue: 57 program(s) prioritised — 29 still to assemble
------------------------------------------------------------
[2026-08-23 18:27:08] ACTION=CAPTURE attempted=1 saved=1 failed=0
  Details: Batch finished: 1 saved, 0 failed. Latest: mc-scibif/subj-btch90005 (2554 chars).
  Queue: 57 program(s) prioritised — 29 still to assemble
------------------------------------------------------------
[2026-08-23 18:28:07] ACTION=CAPTURE attempted=1 saved=1 failed=0
  Details: Batch finished: 1 saved, 0 failed. Latest: mc-scibif/subj-btch90005-assessment (864 chars).
  Queue: 57 program(s) prioritised — 29 still to assemble
------------------------------------------------------------
[2026-08-23 18:29:07] ACTION=CAPTURE attempted=1 saved=1 failed=0
  Details: Batch finished: 1 saved, 0 failed. Latest: mc-scibif/subj-btch90009 (2580 chars).
  Queue: 57 program(s) prioritised — 29 still to assemble
------------------------------------------------------------
[2026-08-23 18:30:07] ACTION=CAPTURE attempted=1 saved=1 failed=0
  Details: Batch finished: 1 saved, 0 failed. Latest: mc-scibif/subj-btch90009-assessment (873 chars).
  Queue: 57 program(s) prioritised — 29 still to assemble
------------------------------------------------------------
[2026-08-23 18:31:08] ACTION=CAPTURE attempted=1 saved=1 failed=0
  Details: Batch finished: 1 saved, 0 failed. Latest: mc-scibif/subj-cedb20003 (2640 chars).
  Queue: 57 program(s) prioritised — 29 still to assemble
------------------------------------------------------------
[2026-08-23 18:32:08] ACTION=CAPTURE attempted=1 saved=1 failed=0
  Details: Batch finished: 1 saved, 0 failed. Latest: mc-scibif/subj-cedb20003-assessment (1278 chars).
  Queue: 57 program(s) prioritised — 29 still to assemble
------------------------------------------------------------
[2026-08-23 18:33:07] ACTION=CAPTURE attempted=1 saved=1 failed=0
  Details: Batch finished: 1 saved, 0 failed. Latest: mc-scibif/subj-comp90038 (2690 chars).
  Queue: 57 program(s) prioritised — 29 still to assemble
------------------------------------------------------------
[2026-08-23 18:34:07] ACTION=CAPTURE attempted=1 saved=1 failed=0
  Details: Batch finished: 1 saved, 0 failed. Latest: mc-scibif/subj-comp90038-assessment (1150 chars).
  Queue: 57 program(s) prioritised — 29 still to assemble
------------------------------------------------------------
[2026-08-23 18:35:07] ACTION=CAPTURE attempted=1 saved=1 failed=0
  Details: Batch finished: 1 saved, 0 failed. Latest: mc-scibif/subj-comp90048 (2000 chars).
  Queue: 57 program(s) prioritised — 29 still to assemble
------------------------------------------------------------
[2026-08-23 18:36:08] ACTION=CAPTURE attempted=1 saved=1 failed=0
  Details: Batch finished: 1 saved, 0 failed. Latest: mc-scibif/subj-comp90048-assessment (1464 chars).
  Queue: 57 program(s) prioritised — 29 still to assemble
------------------------------------------------------------
[2026-08-23 18:37:08] ACTION=CAPTURE attempted=1 saved=1 failed=0
  Details: Batch finished: 1 saved, 0 failed. Latest: mc-scibif/subj-comp90059 (1933 chars).
  Queue: 57 program(s) prioritised — 29 still to assemble
------------------------------------------------------------
[2026-08-23 18:38:08] ACTION=CAPTURE attempted=1 saved=1 failed=0
  Details: Batch finished: 1 saved, 0 failed. Latest: mc-scibif/subj-comp90059-assessment (1617 chars).
  Queue: 57 program(s) prioritised — 29 still to assemble
------------------------------------------------------------
[2026-08-23 18:39:43] ACTION=ERROR attempted=0 saved=0 failed=0
  Reason: Challenge detected: challenge page detected: rew-the-dare-is-thounce
  Queue: BREAKER OPEN — cooling off: 29m left, consecutive block 1, reason 'challenge page detected: rew-the-dare-is-thounce'
------------------------------------------------------------
[2026-08-23 18:41:04] ACTION=COOLOFF attempted=0 saved=0 failed=0
  Reason: challenge page detected: rew-the-dare-is-thounce
  Cooloff remaining: 28m
  Queue: BREAKER OPEN — cooling off: 28m left, consecutive block 1, reason 'challenge page detected: rew-the-dare-is-thounce'
------------------------------------------------------------
[2026-08-23 18:42:04] ACTION=COOLOFF attempted=0 saved=0 failed=0
  Reason: challenge page detected: rew-the-dare-is-thounce
  Cooloff remaining: 27m
  Queue: BREAKER OPEN — cooling off: 27m left, consecutive block 1, reason 'challenge page detected: rew-the-dare-is-thounce'
------------------------------------------------------------
[2026-08-23 18:43:04] ACTION=COOLOFF attempted=0 saved=0 failed=0
  Reason: challenge page detected: rew-the-dare-is-thounce
  Cooloff remaining: 26m
  Queue: BREAKER OPEN — cooling off: 26m left, consecutive block 1, reason 'challenge page detected: rew-the-dare-is-thounce'
------------------------------------------------------------
[2026-08-23 18:44:04] ACTION=COOLOFF attempted=0 saved=0 failed=0
  Reason: challenge page detected: rew-the-dare-is-thounce
  Cooloff remaining: 25m
  Queue: BREAKER OPEN — cooling off: 25m left, consecutive block 1, reason 'challenge page detected: rew-the-dare-is-thounce'
------------------------------------------------------------
[2026-08-23 18:45:05] ACTION=COOLOFF attempted=0 saved=0 failed=0
  Reason: challenge page detected: rew-the-dare-is-thounce
  Cooloff remaining: 24m
  Queue: BREAKER OPEN — cooling off: 24m left, consecutive block 1, reason 'challenge page detected: rew-the-dare-is-thounce'
------------------------------------------------------------
[2026-08-23 18:46:04] ACTION=COOLOFF attempted=0 saved=0 failed=0
  Reason: challenge page detected: rew-the-dare-is-thounce
  Cooloff remaining: 23m
  Queue: BREAKER OPEN — cooling off: 23m left, consecutive block 1, reason 'challenge page detected: rew-the-dare-is-thounce'
------------------------------------------------------------
[2026-08-23 18:47:04] ACTION=COOLOFF attempted=0 saved=0 failed=0
  Reason: challenge page detected: rew-the-dare-is-thounce
  Cooloff remaining: 22m
  Queue: BREAKER OPEN — cooling off: 22m left, consecutive block 1, reason 'challenge page detected: rew-the-dare-is-thounce'
------------------------------------------------------------
[2026-08-23 18:48:04] ACTION=COOLOFF attempted=0 saved=0 failed=0
  Reason: challenge page detected: rew-the-dare-is-thounce
  Cooloff remaining: 21m
  Queue: BREAKER OPEN — cooling off: 21m left, consecutive block 1, reason 'challenge page detected: rew-the-dare-is-thounce'
------------------------------------------------------------
[2026-08-23 18:49:04] ACTION=COOLOFF attempted=0 saved=0 failed=0
  Reason: challenge page detected: rew-the-dare-is-thounce
  Cooloff remaining: 20m
  Queue: BREAKER OPEN — cooling off: 20m left, consecutive block 1, reason 'challenge page detected: rew-the-dare-is-thounce'
------------------------------------------------------------
[2026-08-23 18:50:04] ACTION=COOLOFF attempted=0 saved=0 failed=0
  Reason: challenge page detected: rew-the-dare-is-thounce
  Cooloff remaining: 19m
  Queue: BREAKER OPEN — cooling off: 19m left, consecutive block 1, reason 'challenge page detected: rew-the-dare-is-thounce'
------------------------------------------------------------
[2026-08-23 18:51:05] ACTION=COOLOFF attempted=0 saved=0 failed=0
  Reason: challenge page detected: rew-the-dare-is-thounce
  Cooloff remaining: 18m
  Queue: BREAKER OPEN — cooling off: 18m left, consecutive block 1, reason 'challenge page detected: rew-the-dare-is-thounce'
------------------------------------------------------------
[2026-08-23 18:52:04] ACTION=COOLOFF attempted=0 saved=0 failed=0
  Reason: challenge page detected: rew-the-dare-is-thounce
  Cooloff remaining: 17m
  Queue: BREAKER OPEN — cooling off: 17m left, consecutive block 1, reason 'challenge page detected: rew-the-dare-is-thounce'
------------------------------------------------------------
[2026-08-23 18:53:04] ACTION=COOLOFF attempted=0 saved=0 failed=0
  Reason: challenge page detected: rew-the-dare-is-thounce
  Cooloff remaining: 16m
  Queue: BREAKER OPEN — cooling off: 16m left, consecutive block 1, reason 'challenge page detected: rew-the-dare-is-thounce'
------------------------------------------------------------
[2026-08-23 18:54:04] ACTION=COOLOFF attempted=0 saved=0 failed=0
  Reason: challenge page detected: rew-the-dare-is-thounce
  Cooloff remaining: 15m
  Queue: BREAKER OPEN — cooling off: 15m left, consecutive block 1, reason 'challenge page detected: rew-the-dare-is-thounce'
------------------------------------------------------------
[2026-08-23 18:55:05] ACTION=COOLOFF attempted=0 saved=0 failed=0
  Reason: challenge page detected: rew-the-dare-is-thounce
  Cooloff remaining: 14m
  Queue: BREAKER OPEN — cooling off: 14m left, consecutive block 1, reason 'challenge page detected: rew-the-dare-is-thounce'
------------------------------------------------------------
[2026-08-23 18:56:05] ACTION=COOLOFF attempted=0 saved=0 failed=0
  Reason: challenge page detected: rew-the-dare-is-thounce
  Cooloff remaining: 13m
  Queue: BREAKER OPEN — cooling off: 13m left, consecutive block 1, reason 'challenge page detected: rew-the-dare-is-thounce'
------------------------------------------------------------
[2026-08-23 18:57:05] ACTION=COOLOFF attempted=0 saved=0 failed=0
  Reason: challenge page detected: rew-the-dare-is-thounce
  Cooloff remaining: 12m
  Queue: BREAKER OPEN — cooling off: 12m left, consecutive block 1, reason 'challenge page detected: rew-the-dare-is-thounce'
------------------------------------------------------------
[2026-08-23 18:58:05] ACTION=COOLOFF attempted=0 saved=0 failed=0
  Reason: challenge page detected: rew-the-dare-is-thounce
  Cooloff remaining: 11m
  Queue: BREAKER OPEN — cooling off: 11m left, consecutive block 1, reason 'challenge page detected: rew-the-dare-is-thounce'
------------------------------------------------------------
[2026-08-23 18:59:06] ACTION=COOLOFF attempted=0 saved=0 failed=0
  Reason: challenge page detected: rew-the-dare-is-thounce
  Cooloff remaining: 10m
  Queue: BREAKER OPEN — cooling off: 10m left, consecutive block 1, reason 'challenge page detected: rew-the-dare-is-thounce'
------------------------------------------------------------
[2026-08-23 19:00:06] ACTION=COOLOFF attempted=0 saved=0 failed=0
  Reason: challenge page detected: rew-the-dare-is-thounce
  Cooloff remaining: 9m
  Queue: BREAKER OPEN — cooling off: 9m left, consecutive block 1, reason 'challenge page detected: rew-the-dare-is-thounce'
------------------------------------------------------------
[2026-08-23 19:01:04] ACTION=COOLOFF attempted=0 saved=0 failed=0
  Reason: challenge page detected: rew-the-dare-is-thounce
  Cooloff remaining: 8m
  Queue: BREAKER OPEN — cooling off: 8m left, consecutive block 1, reason 'challenge page detected: rew-the-dare-is-thounce'
------------------------------------------------------------
[2026-08-23 19:02:05] ACTION=COOLOFF attempted=0 saved=0 failed=0
  Reason: challenge page detected: rew-the-dare-is-thounce
  Cooloff remaining: 7m
  Queue: BREAKER OPEN — cooling off: 7m left, consecutive block 1, reason 'challenge page detected: rew-the-dare-is-thounce'
------------------------------------------------------------
[2026-08-23 19:03:05] ACTION=COOLOFF attempted=0 saved=0 failed=0
  Reason: challenge page detected: rew-the-dare-is-thounce
  Cooloff remaining: 6m
  Queue: BREAKER OPEN — cooling off: 6m left, consecutive block 1, reason 'challenge page detected: rew-the-dare-is-thounce'
------------------------------------------------------------
[2026-08-23 19:04:05] ACTION=COOLOFF attempted=0 saved=0 failed=0
  Reason: challenge page detected: rew-the-dare-is-thounce
  Cooloff remaining: 5m
  Queue: BREAKER OPEN — cooling off: 5m left, consecutive block 1, reason 'challenge page detected: rew-the-dare-is-thounce'
------------------------------------------------------------
[2026-08-23 19:05:05] ACTION=COOLOFF attempted=0 saved=0 failed=0
  Reason: challenge page detected: rew-the-dare-is-thounce
  Cooloff remaining: 4m
  Queue: BREAKER OPEN — cooling off: 4m left, consecutive block 1, reason 'challenge page detected: rew-the-dare-is-thounce'
------------------------------------------------------------
[2026-08-23 19:06:04] ACTION=COOLOFF attempted=0 saved=0 failed=0
  Reason: challenge page detected: rew-the-dare-is-thounce
  Cooloff remaining: 3m
  Queue: BREAKER OPEN — cooling off: 3m left, consecutive block 1, reason 'challenge page detected: rew-the-dare-is-thounce'
------------------------------------------------------------
[2026-08-23 19:07:05] ACTION=COOLOFF attempted=0 saved=0 failed=0
  Reason: challenge page detected: rew-the-dare-is-thounce
  Cooloff remaining: 2m
  Queue: BREAKER OPEN — cooling off: 2m left, consecutive block 1, reason 'challenge page detected: rew-the-dare-is-thounce'
------------------------------------------------------------
[2026-08-23 19:07:33] ACTION=CAPTURE attempted=1 saved=1 failed=0
  Details: Batch finished: 1 saved, 0 failed. Latest: mc-scibif/subj-gene20001 (1965 chars).
  Queue: 57 program(s) prioritised — 29 still to assemble
------------------------------------------------------------
[2026-08-23 19:08:09] ACTION=CAPTURE attempted=1 saved=1 failed=0
  Details: Batch finished: 1 saved, 0 failed. Latest: mc-scibif/subj-gene20001-assessment (1159 chars).
  Queue: 57 program(s) prioritised — 29 still to assemble
------------------------------------------------------------
[2026-08-23 19:09:15] ACTION=CAPTURE attempted=1 saved=1 failed=0
  Details: Batch finished: 1 saved, 0 failed. Latest: mc-scibif/subj-info90002 (3327 chars).
  Queue: 57 program(s) prioritised — 29 still to assemble
------------------------------------------------------------
[2026-08-23 19:10:09] ACTION=CAPTURE attempted=1 saved=1 failed=0
  Details: Batch finished: 1 saved, 0 failed. Latest: mc-scibif/subj-info90002-assessment (2223 chars).
  Queue: 57 program(s) prioritised — 29 still to assemble
------------------------------------------------------------
[2026-08-23 19:11:10] ACTION=CAPTURE attempted=1 saved=1 failed=0
  Details: Batch finished: 1 saved, 0 failed. Latest: mc-scibif/subj-isys90069 (2886 chars).
  Queue: 57 program(s) prioritised — 29 still to assemble
------------------------------------------------------------
[2026-08-23 19:12:09] ACTION=CAPTURE attempted=1 saved=1 failed=0
  Details: Batch finished: 1 saved, 0 failed. Latest: mc-scibif/subj-isys90069-assessment (3038 chars).
  Queue: 57 program(s) prioritised — 29 still to assemble
------------------------------------------------------------
[2026-08-23 19:13:10] ACTION=CAPTURE attempted=1 saved=1 failed=0
  Details: Batch finished: 1 saved, 0 failed. Latest: mc-scibif/subj-mast20005 (2722 chars).
  Queue: 57 program(s) prioritised — 29 still to assemble
------------------------------------------------------------
[2026-08-23 19:14:09] ACTION=CAPTURE attempted=1 saved=1 failed=0
  Details: Batch finished: 1 saved, 0 failed. Latest: mc-scibif/subj-mast20005-assessment (1196 chars).
  Queue: 57 program(s) prioritised — 29 still to assemble
------------------------------------------------------------
[2026-08-23 19:15:09] ACTION=CAPTURE attempted=1 saved=1 failed=0
  Details: Batch finished: 1 saved, 0 failed. Latest: mc-scibif/subj-mast20006 (2955 chars).
  Queue: 57 program(s) prioritised — 29 still to assemble
------------------------------------------------------------
[2026-08-23 19:16:16] ACTION=CAPTURE attempted=1 saved=1 failed=0
  Details: Batch finished: 1 saved, 0 failed. Latest: mc-scibif/subj-mast20006-assessment (910 chars).
  Queue: 57 program(s) prioritised — 29 still to assemble
------------------------------------------------------------
[2026-08-23 19:17:09] ACTION=CAPTURE attempted=1 saved=1 failed=0
  Details: Batch finished: 1 saved, 0 failed. Latest: mc-scibif/subj-mast90044 (2060 chars).
  Queue: 57 program(s) prioritised — 29 still to assemble
------------------------------------------------------------
[2026-08-23 19:18:09] ACTION=CAPTURE attempted=1 saved=1 failed=0
  Details: Batch finished: 1 saved, 0 failed. Latest: mc-scibif/subj-mast90044-assessment (824 chars).
  Queue: 57 program(s) prioritised — 29 still to assemble
------------------------------------------------------------
[2026-08-23 19:19:09] ACTION=CAPTURE attempted=1 saved=1 failed=0
  Details: Batch finished: 1 saved, 0 failed. Latest: mc-scibif/subj-mast90125 (2508 chars).
  Queue: 57 program(s) prioritised — 29 still to assemble
------------------------------------------------------------
[2026-08-23 19:20:09] ACTION=CAPTURE attempted=1 saved=1 failed=0
  Details: Batch finished: 1 saved, 0 failed. Latest: mc-scibif/subj-mast90125-assessment (1029 chars).
  Queue: 57 program(s) prioritised — 28 still to assemble
------------------------------------------------------------
[2026-08-23 19:35:30] ACTION=CAPTURE attempted=1 saved=1 failed=0
  Details: Batch finished: 1 saved, 0 failed. Latest: mc-scibio/course (1647 chars).
  Queue: 57 program(s) prioritised — 28 still to assemble
------------------------------------------------------------
[2026-08-23 19:36:09] ACTION=CAPTURE attempted=1 saved=1 failed=0
  Details: Batch finished: 1 saved, 0 failed. Latest: mc-scibio/attributes (2418 chars).
  Queue: 57 program(s) prioritised — 28 still to assemble
------------------------------------------------------------
[2026-08-23 19:37:18] ACTION=CAPTURE attempted=1 saved=1 failed=0
  Details: Batch finished: 1 saved, 0 failed. Latest: mc-scibio/structure (13183 chars).
  Queue: 57 program(s) prioritised — 28 still to assemble
------------------------------------------------------------
[2026-08-23 19:37:57] ACTION=CAPTURE attempted=1 saved=1 failed=0
  Details: Batch finished: 1 saved, 0 failed. Latest: mc-scibio/subj-atoc90002 (2829 chars).
  Queue: 57 program(s) prioritised — 28 still to assemble
------------------------------------------------------------
[2026-08-23 19:38:11] ACTION=CAPTURE attempted=1 saved=1 failed=0
  Details: Batch finished: 1 saved, 0 failed. Latest: mc-scibio/subj-atoc90002-assessment (912 chars).
  Queue: 57 program(s) prioritised — 28 still to assemble
------------------------------------------------------------
[2026-08-23 19:39:10] ACTION=CAPTURE attempted=1 saved=1 failed=0
  Details: Batch finished: 1 saved, 0 failed. Latest: mc-scibio/subj-biol90001 (2211 chars).
  Queue: 57 program(s) prioritised — 28 still to assemble
------------------------------------------------------------
[2026-08-23 19:40:11] ACTION=CAPTURE attempted=1 saved=1 failed=0
  Details: Batch finished: 1 saved, 0 failed. Latest: mc-scibio/subj-biol90001-assessment (863 chars).
  Queue: 57 program(s) prioritised — 28 still to assemble
------------------------------------------------------------
[2026-08-23 19:41:08] ACTION=CAPTURE attempted=1 saved=1 failed=0
  Details: Batch finished: 1 saved, 0 failed. Latest: mc-scibio/subj-biol90002 (2441 chars).
  Queue: 57 program(s) prioritised — 28 still to assemble
------------------------------------------------------------
[2026-08-23 19:42:08] ACTION=CAPTURE attempted=1 saved=1 failed=0
  Details: Batch finished: 1 saved, 0 failed. Latest: mc-scibio/subj-biol90002-assessment (1026 chars).
  Queue: 57 program(s) prioritised — 28 still to assemble
------------------------------------------------------------
[2026-08-23 19:43:08] ACTION=CAPTURE attempted=1 saved=1 failed=0
  Details: Batch finished: 1 saved, 0 failed. Latest: mc-scibio/subj-biol90040 (2551 chars).
  Queue: 57 program(s) prioritised — 28 still to assemble
------------------------------------------------------------
[2026-08-23 19:44:08] ACTION=CAPTURE attempted=1 saved=1 failed=0
  Details: Batch finished: 1 saved, 0 failed. Latest: mc-scibio/subj-biol90040-assessment (1342 chars).
  Queue: 57 program(s) prioritised — 28 still to assemble
------------------------------------------------------------
[2026-08-23 19:45:08] ACTION=CAPTURE attempted=1 saved=1 failed=0
  Details: Batch finished: 1 saved, 0 failed. Latest: mc-scibio/subj-bmen90011 (3702 chars).
  Queue: 57 program(s) prioritised — 28 still to assemble
------------------------------------------------------------
[2026-08-23 19:46:09] ACTION=CAPTURE attempted=1 saved=1 failed=0
  Details: Batch finished: 1 saved, 0 failed. Latest: mc-scibio/subj-bmen90011-assessment (1191 chars).
  Queue: 57 program(s) prioritised — 28 still to assemble
------------------------------------------------------------
[2026-08-23 19:47:09] ACTION=CAPTURE attempted=1 saved=1 failed=0
  Details: Batch finished: 1 saved, 0 failed. Latest: mc-scibio/subj-bota90005 (2314 chars).
  Queue: 57 program(s) prioritised — 28 still to assemble
------------------------------------------------------------
[2026-08-23 19:48:09] ACTION=CAPTURE attempted=1 saved=1 failed=0
  Details: Batch finished: 1 saved, 0 failed. Latest: mc-scibio/subj-bota90005-assessment (814 chars).
  Queue: 57 program(s) prioritised — 28 still to assemble
------------------------------------------------------------
[2026-08-23 19:49:08] ACTION=CAPTURE attempted=1 saved=1 failed=0
  Details: Batch finished: 1 saved, 0 failed. Latest: mc-scibio/subj-btch90005 (2540 chars).
  Queue: 57 program(s) prioritised — 28 still to assemble
------------------------------------------------------------
[2026-08-23 19:50:08] ACTION=CAPTURE attempted=1 saved=1 failed=0
  Details: Batch finished: 1 saved, 0 failed. Latest: mc-scibio/subj-btch90005-assessment (850 chars).
  Queue: 57 program(s) prioritised — 28 still to assemble
------------------------------------------------------------
[2026-08-23 19:51:44] ACTION=ERROR attempted=0 saved=0 failed=0
  Reason: Challenge detected: challenge page detected: rew-the-dare-is-thounce
  Queue: BREAKER OPEN — cooling off: 29m left, consecutive block 1, reason 'challenge page detected: rew-the-dare-is-thounce'
------------------------------------------------------------
[2026-08-23 19:52:04] ACTION=COOLOFF attempted=0 saved=0 failed=0
  Reason: challenge page detected: rew-the-dare-is-thounce
  Cooloff remaining: 29m
  Queue: BREAKER OPEN — cooling off: 29m left, consecutive block 1, reason 'challenge page detected: rew-the-dare-is-thounce'
------------------------------------------------------------
[2026-08-23 19:53:05] ACTION=COOLOFF attempted=0 saved=0 failed=0
  Reason: challenge page detected: rew-the-dare-is-thounce
  Cooloff remaining: 28m
  Queue: BREAKER OPEN — cooling off: 28m left, consecutive block 1, reason 'challenge page detected: rew-the-dare-is-thounce'
------------------------------------------------------------
[2026-08-23 19:54:03] ACTION=COOLOFF attempted=0 saved=0 failed=0
  Reason: challenge page detected: rew-the-dare-is-thounce
  Cooloff remaining: 27m
  Queue: BREAKER OPEN — cooling off: 27m left, consecutive block 1, reason 'challenge page detected: rew-the-dare-is-thounce'
------------------------------------------------------------
[2026-08-23 19:55:04] ACTION=COOLOFF attempted=0 saved=0 failed=0
  Reason: challenge page detected: rew-the-dare-is-thounce
  Cooloff remaining: 26m
  Queue: BREAKER OPEN — cooling off: 26m left, consecutive block 1, reason 'challenge page detected: rew-the-dare-is-thounce'
------------------------------------------------------------
[2026-08-23 19:56:04] ACTION=COOLOFF attempted=0 saved=0 failed=0
  Reason: challenge page detected: rew-the-dare-is-thounce
  Cooloff remaining: 25m
  Queue: BREAKER OPEN — cooling off: 25m left, consecutive block 1, reason 'challenge page detected: rew-the-dare-is-thounce'
------------------------------------------------------------
[2026-08-23 19:57:05] ACTION=COOLOFF attempted=0 saved=0 failed=0
  Reason: challenge page detected: rew-the-dare-is-thounce
  Cooloff remaining: 24m
  Queue: BREAKER OPEN — cooling off: 24m left, consecutive block 1, reason 'challenge page detected: rew-the-dare-is-thounce'
------------------------------------------------------------
[2026-08-23 19:58:05] ACTION=COOLOFF attempted=0 saved=0 failed=0
  Reason: challenge page detected: rew-the-dare-is-thounce
  Cooloff remaining: 23m
  Queue: BREAKER OPEN — cooling off: 23m left, consecutive block 1, reason 'challenge page detected: rew-the-dare-is-thounce'
------------------------------------------------------------
[2026-08-23 19:59:04] ACTION=COOLOFF attempted=0 saved=0 failed=0
  Reason: challenge page detected: rew-the-dare-is-thounce
  Cooloff remaining: 22m
  Queue: BREAKER OPEN — cooling off: 22m left, consecutive block 1, reason 'challenge page detected: rew-the-dare-is-thounce'
------------------------------------------------------------
[2026-08-23 20:00:10] ACTION=COOLOFF attempted=0 saved=0 failed=0
  Reason: challenge page detected: rew-the-dare-is-thounce
  Cooloff remaining: 21m
  Queue: BREAKER OPEN — cooling off: 21m left, consecutive block 1, reason 'challenge page detected: rew-the-dare-is-thounce'
------------------------------------------------------------
[2026-08-23 20:01:05] ACTION=COOLOFF attempted=0 saved=0 failed=0
  Reason: challenge page detected: rew-the-dare-is-thounce
  Cooloff remaining: 20m
  Queue: BREAKER OPEN — cooling off: 20m left, consecutive block 1, reason 'challenge page detected: rew-the-dare-is-thounce'
------------------------------------------------------------
[2026-08-23 20:02:05] ACTION=COOLOFF attempted=0 saved=0 failed=0
  Reason: challenge page detected: rew-the-dare-is-thounce
  Cooloff remaining: 19m
  Queue: BREAKER OPEN — cooling off: 19m left, consecutive block 1, reason 'challenge page detected: rew-the-dare-is-thounce'
------------------------------------------------------------
[2026-08-23 20:03:05] ACTION=COOLOFF attempted=0 saved=0 failed=0
  Reason: challenge page detected: rew-the-dare-is-thounce
  Cooloff remaining: 18m
  Queue: BREAKER OPEN — cooling off: 18m left, consecutive block 1, reason 'challenge page detected: rew-the-dare-is-thounce'
------------------------------------------------------------
[2026-08-23 20:04:07] ACTION=COOLOFF attempted=0 saved=0 failed=0
  Reason: challenge page detected: rew-the-dare-is-thounce
  Cooloff remaining: 17m
  Queue: BREAKER OPEN — cooling off: 17m left, consecutive block 1, reason 'challenge page detected: rew-the-dare-is-thounce'
------------------------------------------------------------
[2026-08-23 20:05:05] ACTION=COOLOFF attempted=0 saved=0 failed=0
  Reason: challenge page detected: rew-the-dare-is-thounce
  Cooloff remaining: 16m
  Queue: BREAKER OPEN — cooling off: 16m left, consecutive block 1, reason 'challenge page detected: rew-the-dare-is-thounce'
------------------------------------------------------------
[2026-08-23 20:06:04] ACTION=COOLOFF attempted=0 saved=0 failed=0
  Reason: challenge page detected: rew-the-dare-is-thounce
  Cooloff remaining: 15m
  Queue: BREAKER OPEN — cooling off: 15m left, consecutive block 1, reason 'challenge page detected: rew-the-dare-is-thounce'
------------------------------------------------------------
[2026-08-23 20:07:05] ACTION=COOLOFF attempted=0 saved=0 failed=0
  Reason: challenge page detected: rew-the-dare-is-thounce
  Cooloff remaining: 14m
  Queue: BREAKER OPEN — cooling off: 14m left, consecutive block 1, reason 'challenge page detected: rew-the-dare-is-thounce'
------------------------------------------------------------
[2026-08-23 20:08:04] ACTION=COOLOFF attempted=0 saved=0 failed=0
  Reason: challenge page detected: rew-the-dare-is-thounce
  Cooloff remaining: 13m
  Queue: BREAKER OPEN — cooling off: 13m left, consecutive block 1, reason 'challenge page detected: rew-the-dare-is-thounce'
------------------------------------------------------------
[2026-08-23 20:09:04] ACTION=COOLOFF attempted=0 saved=0 failed=0
  Reason: challenge page detected: rew-the-dare-is-thounce
  Cooloff remaining: 12m
  Queue: BREAKER OPEN — cooling off: 12m left, consecutive block 1, reason 'challenge page detected: rew-the-dare-is-thounce'
------------------------------------------------------------
[2026-08-23 20:10:04] ACTION=COOLOFF attempted=0 saved=0 failed=0
  Reason: challenge page detected: rew-the-dare-is-thounce
  Cooloff remaining: 11m
  Queue: BREAKER OPEN — cooling off: 11m left, consecutive block 1, reason 'challenge page detected: rew-the-dare-is-thounce'
------------------------------------------------------------
[2026-08-23 20:11:14] ACTION=COOLOFF attempted=0 saved=0 failed=0
  Reason: challenge page detected: rew-the-dare-is-thounce
  Cooloff remaining: 10m
  Queue: BREAKER OPEN — cooling off: 10m left, consecutive block 1, reason 'challenge page detected: rew-the-dare-is-thounce'
------------------------------------------------------------
[2026-08-23 20:12:04] ACTION=COOLOFF attempted=0 saved=0 failed=0
  Reason: challenge page detected: rew-the-dare-is-thounce
  Cooloff remaining: 9m
  Queue: BREAKER OPEN — cooling off: 9m left, consecutive block 1, reason 'challenge page detected: rew-the-dare-is-thounce'
------------------------------------------------------------
[2026-08-23 20:13:05] ACTION=COOLOFF attempted=0 saved=0 failed=0
  Reason: challenge page detected: rew-the-dare-is-thounce
  Cooloff remaining: 8m
  Queue: BREAKER OPEN — cooling off: 8m left, consecutive block 1, reason 'challenge page detected: rew-the-dare-is-thounce'
------------------------------------------------------------
[2026-08-23 20:14:05] ACTION=COOLOFF attempted=0 saved=0 failed=0
  Reason: challenge page detected: rew-the-dare-is-thounce
  Cooloff remaining: 7m
  Queue: BREAKER OPEN — cooling off: 7m left, consecutive block 1, reason 'challenge page detected: rew-the-dare-is-thounce'
------------------------------------------------------------
[2026-08-23 20:15:04] ACTION=COOLOFF attempted=0 saved=0 failed=0
  Reason: challenge page detected: rew-the-dare-is-thounce
  Cooloff remaining: 6m
  Queue: BREAKER OPEN — cooling off: 6m left, consecutive block 1, reason 'challenge page detected: rew-the-dare-is-thounce'
------------------------------------------------------------
[2026-08-23 20:16:10] ACTION=COOLOFF attempted=0 saved=0 failed=0
  Reason: challenge page detected: rew-the-dare-is-thounce
  Cooloff remaining: 5m
  Queue: BREAKER OPEN — cooling off: 5m left, consecutive block 1, reason 'challenge page detected: rew-the-dare-is-thounce'
------------------------------------------------------------
[2026-08-23 20:17:06] ACTION=COOLOFF attempted=0 saved=0 failed=0
  Reason: challenge page detected: rew-the-dare-is-thounce
  Cooloff remaining: 4m
  Queue: BREAKER OPEN — cooling off: 4m left, consecutive block 1, reason 'challenge page detected: rew-the-dare-is-thounce'
------------------------------------------------------------
[2026-08-23 20:18:05] ACTION=COOLOFF attempted=0 saved=0 failed=0
  Reason: challenge page detected: rew-the-dare-is-thounce
  Cooloff remaining: 3m
  Queue: BREAKER OPEN — cooling off: 3m left, consecutive block 1, reason 'challenge page detected: rew-the-dare-is-thounce'
------------------------------------------------------------
[2026-08-23 20:19:04] ACTION=COOLOFF attempted=0 saved=0 failed=0
  Reason: challenge page detected: rew-the-dare-is-thounce
  Cooloff remaining: 2m
  Queue: BREAKER OPEN — cooling off: 2m left, consecutive block 1, reason 'challenge page detected: rew-the-dare-is-thounce'
------------------------------------------------------------
[2026-08-23 20:20:04] ACTION=COOLOFF attempted=0 saved=0 failed=0
  Reason: challenge page detected: rew-the-dare-is-thounce
  Cooloff remaining: 1m
  Queue: BREAKER OPEN — cooling off: 1m left, consecutive block 1, reason 'challenge page detected: rew-the-dare-is-thounce'
------------------------------------------------------------
[2026-08-23 20:21:05] ACTION=COOLOFF attempted=0 saved=0 failed=0
  Reason: challenge page detected: rew-the-dare-is-thounce
  Queue: BREAKER OPEN — cooling off: 0m left, consecutive block 1, reason 'challenge page detected: rew-the-dare-is-thounce'
------------------------------------------------------------
[2026-08-23 20:21:22] ACTION=CAPTURE attempted=1 saved=1 failed=0
  Details: Batch finished: 1 saved, 0 failed. Latest: mc-scibio/subj-btch90009 (2566 chars).
  Queue: 57 program(s) prioritised — 28 still to assemble
------------------------------------------------------------
[2026-08-23 20:22:11] ACTION=CAPTURE attempted=1 saved=1 failed=0
  Details: Batch finished: 1 saved, 0 failed. Latest: mc-scibio/subj-btch90009-assessment (859 chars).
  Queue: 57 program(s) prioritised — 28 still to assemble
------------------------------------------------------------
[2026-08-23 20:23:22] ACTION=CAPTURE attempted=1 saved=1 failed=0
  Details: Batch finished: 1 saved, 0 failed. Latest: mc-scibio/subj-btch90010 (2362 chars).
  Queue: 57 program(s) prioritised — 28 still to assemble
------------------------------------------------------------
[2026-08-23 20:24:10] ACTION=CAPTURE attempted=1 saved=1 failed=0
  Details: Batch finished: 1 saved, 0 failed. Latest: mc-scibio/subj-btch90010-assessment (755 chars).
  Queue: 57 program(s) prioritised — 28 still to assemble
------------------------------------------------------------
[2026-08-23 20:25:11] ACTION=CAPTURE attempted=1 saved=1 failed=0
  Details: Batch finished: 1 saved, 0 failed. Latest: mc-scibio/subj-enen90028 (2884 chars).
  Queue: 57 program(s) prioritised — 28 still to assemble
------------------------------------------------------------
[2026-08-23 20:26:10] ACTION=CAPTURE attempted=1 saved=1 failed=0
  Details: Batch finished: 1 saved, 0 failed. Latest: mc-scibio/subj-enen90028-assessment (1676 chars).
  Queue: 57 program(s) prioritised — 28 still to assemble
------------------------------------------------------------
[2026-08-23 20:27:10] ACTION=CAPTURE attempted=1 saved=1 failed=0
  Details: Batch finished: 1 saved, 0 failed. Latest: mc-scibio/subj-evsc90014 (3265 chars).
  Queue: 57 program(s) prioritised — 28 still to assemble
------------------------------------------------------------
[2026-08-23 20:28:09] ACTION=CAPTURE attempted=1 saved=1 failed=0
  Details: Batch finished: 1 saved, 0 failed. Latest: mc-scibio/subj-evsc90014-assessment (996 chars).
  Queue: 57 program(s) prioritised — 28 still to assemble
------------------------------------------------------------
[2026-08-23 20:29:09] ACTION=CAPTURE attempted=1 saved=1 failed=0
  Details: Batch finished: 1 saved, 0 failed. Latest: mc-scibio/subj-evsc90015 (1733 chars).
  Queue: 57 program(s) prioritised — 28 still to assemble
------------------------------------------------------------
[2026-08-23 20:30:11] ACTION=CAPTURE attempted=1 saved=1 failed=0
  Details: Batch finished: 1 saved, 0 failed. Latest: mc-scibio/subj-evsc90015-assessment (904 chars).
  Queue: 57 program(s) prioritised — 28 still to assemble
------------------------------------------------------------
[2026-08-23 20:31:09] ACTION=CAPTURE attempted=1 saved=1 failed=0
  Details: Batch finished: 1 saved, 0 failed. Latest: mc-scibio/subj-evsc90017 (2631 chars).
  Queue: 57 program(s) prioritised — 28 still to assemble
------------------------------------------------------------
[2026-08-23 20:32:11] ACTION=CAPTURE attempted=1 saved=1 failed=0
  Details: Batch finished: 1 saved, 0 failed. Latest: mc-scibio/subj-evsc90017-assessment (1614 chars).
  Queue: 57 program(s) prioritised — 28 still to assemble
------------------------------------------------------------
[2026-08-23 20:33:11] ACTION=CAPTURE attempted=1 saved=1 failed=0
  Details: Batch finished: 1 saved, 0 failed. Latest: mc-scibio/subj-evsc90020 (2243 chars).
  Queue: 57 program(s) prioritised — 28 still to assemble
------------------------------------------------------------
[2026-08-23 20:34:12] ACTION=CAPTURE attempted=1 saved=1 failed=0
  Details: Batch finished: 1 saved, 0 failed. Latest: mc-scibio/subj-evsc90020-assessment (835 chars).
  Queue: 57 program(s) prioritised — 28 still to assemble
------------------------------------------------------------
[2026-08-23 20:35:12] ACTION=CAPTURE attempted=1 saved=1 failed=0
  Details: Batch finished: 1 saved, 0 failed. Latest: mc-scibio/subj-evsc90026 (933 chars).
  Queue: 57 program(s) prioritised — 28 still to assemble
------------------------------------------------------------
[2026-08-23 20:36:11] ACTION=CAPTURE attempted=1 saved=1 failed=0
  Details: Batch finished: 1 saved, 0 failed. Latest: mc-scibio/subj-evsc90026-assessment (933 chars).
  Queue: 57 program(s) prioritised — 28 still to assemble
------------------------------------------------------------
[2026-08-23 20:37:11] ACTION=CAPTURE attempted=1 saved=1 failed=0
  Details: Batch finished: 1 saved, 0 failed. Latest: mc-scibio/subj-mast90044 (2046 chars).
  Queue: 57 program(s) prioritised — 28 still to assemble
------------------------------------------------------------
[2026-08-23 20:38:11] ACTION=CAPTURE attempted=1 saved=1 failed=0
  Details: Batch finished: 1 saved, 0 failed. Latest: mc-scibio/subj-mast90044-assessment (810 chars).
  Queue: 57 program(s) prioritised — 27 still to assemble
------------------------------------------------------------
[2026-08-23 20:39:12] ACTION=CAPTURE attempted=1 saved=1 failed=0
  Details: Batch finished: 1 saved, 0 failed. Latest: mc-sciepi/course (1737 chars).
  Queue: 57 program(s) prioritised — 27 still to assemble
------------------------------------------------------------
[2026-08-23 20:40:09] ACTION=CAPTURE attempted=1 saved=1 failed=0
  Details: Batch finished: 1 saved, 0 failed. Latest: mc-sciepi/attributes (2108 chars).
  Queue: 57 program(s) prioritised — 27 still to assemble
------------------------------------------------------------
[2026-08-23 20:41:09] ACTION=CAPTURE attempted=1 saved=1 failed=0
  Details: Batch finished: 1 saved, 0 failed. Latest: mc-sciepi/structure (7374 chars).
  Queue: 57 program(s) prioritised — 27 still to assemble
------------------------------------------------------------
[2026-08-23 20:42:10] ACTION=CAPTURE attempted=1 saved=1 failed=0
  Details: Batch finished: 1 saved, 0 failed. Latest: mc-sciepi/subj-comp90089 (2219 chars).
  Queue: 57 program(s) prioritised — 27 still to assemble
------------------------------------------------------------
[2026-08-23 20:43:14] ACTION=CAPTURE attempted=1 saved=1 failed=0
  Details: Batch finished: 1 saved, 0 failed. Latest: mc-sciepi/subj-comp90089-assessment (1576 chars).
  Queue: 57 program(s) prioritised — 27 still to assemble
------------------------------------------------------------
[2026-08-23 20:44:10] ACTION=CAPTURE attempted=1 saved=1 failed=0
  Details: Batch finished: 1 saved, 0 failed. Latest: mc-sciepi/subj-geom90006 (3859 chars).
  Queue: 57 program(s) prioritised — 27 still to assemble
------------------------------------------------------------
[2026-08-23 20:45:13] ACTION=CAPTURE attempted=1 saved=1 failed=0
  Details: Batch finished: 1 saved, 0 failed. Latest: mc-sciepi/subj-geom90006-assessment (2897 chars).
  Queue: 57 program(s) prioritised — 27 still to assemble
------------------------------------------------------------
[2026-08-23 20:46:11] ACTION=CAPTURE attempted=1 saved=1 failed=0
  Details: Batch finished: 1 saved, 0 failed. Latest: mc-sciepi/subj-geom90008 (3816 chars).
  Queue: 57 program(s) prioritised — 27 still to assemble
------------------------------------------------------------
[2026-08-23 20:47:11] ACTION=CAPTURE attempted=1 saved=1 failed=0
  Details: Batch finished: 1 saved, 0 failed. Latest: mc-sciepi/subj-geom90008-assessment (2283 chars).
  Queue: 57 program(s) prioritised — 27 still to assemble
------------------------------------------------------------
[2026-08-23 20:48:10] ACTION=CAPTURE attempted=1 saved=1 failed=0
  Details: Batch finished: 1 saved, 0 failed. Latest: mc-sciepi/subj-mast90083 (2794 chars).
  Queue: 57 program(s) prioritised — 27 still to assemble
------------------------------------------------------------
[2026-08-23 20:49:10] ACTION=CAPTURE attempted=1 saved=1 failed=0
  Details: Batch finished: 1 saved, 0 failed. Latest: mc-sciepi/subj-mast90083-assessment (982 chars).
  Queue: 57 program(s) prioritised — 27 still to assemble
------------------------------------------------------------
[2026-08-23 20:50:10] ACTION=CAPTURE attempted=1 saved=1 failed=0
  Details: Batch finished: 1 saved, 0 failed. Latest: mc-sciepi/subj-mast90099 (2928 chars).
  Queue: 57 program(s) prioritised — 27 still to assemble
------------------------------------------------------------
[2026-08-23 20:51:13] ACTION=CAPTURE attempted=1 saved=1 failed=0
  Details: Batch finished: 1 saved, 0 failed. Latest: mc-sciepi/subj-mast90099-assessment (985 chars).
  Queue: 57 program(s) prioritised — 27 still to assemble
------------------------------------------------------------
[2026-08-23 20:52:10] ACTION=CAPTURE attempted=1 saved=1 failed=0
  Details: Batch finished: 1 saved, 0 failed. Latest: mc-sciepi/subj-mast90100 (2844 chars).
  Queue: 57 program(s) prioritised — 27 still to assemble
------------------------------------------------------------
[2026-08-23 20:53:09] ACTION=CAPTURE attempted=1 saved=1 failed=0
  Details: Batch finished: 1 saved, 0 failed. Latest: mc-sciepi/subj-mast90100-assessment (893 chars).
  Queue: 57 program(s) prioritised — 27 still to assemble
------------------------------------------------------------
[2026-08-23 20:54:09] ACTION=CAPTURE attempted=1 saved=1 failed=0
  Details: Batch finished: 1 saved, 0 failed. Latest: mc-sciepi/subj-mast90102 (2896 chars).
  Queue: 57 program(s) prioritised — 27 still to assemble
------------------------------------------------------------
[2026-08-23 20:55:08] ACTION=CAPTURE attempted=1 saved=1 failed=0
  Details: Batch finished: 1 saved, 0 failed. Latest: mc-sciepi/subj-mast90102-assessment (1224 chars).
  Queue: 57 program(s) prioritised — 27 still to assemble
------------------------------------------------------------
[2026-08-23 20:56:08] ACTION=CAPTURE attempted=1 saved=1 failed=0
  Details: Batch finished: 1 saved, 0 failed. Latest: mc-sciepi/subj-mast90125 (2494 chars).
  Queue: 57 program(s) prioritised — 27 still to assemble
------------------------------------------------------------
[2026-08-23 20:57:08] ACTION=CAPTURE attempted=1 saved=1 failed=0
  Details: Batch finished: 1 saved, 0 failed. Latest: mc-sciepi/subj-mast90125-assessment (1015 chars).
  Queue: 57 program(s) prioritised — 27 still to assemble
------------------------------------------------------------
[2026-08-23 20:58:08] ACTION=CAPTURE attempted=1 saved=1 failed=0
  Details: Batch finished: 1 saved, 0 failed. Latest: mc-sciepi/subj-mast90144 (3086 chars).
  Queue: 57 program(s) prioritised — 27 still to assemble
------------------------------------------------------------
[2026-08-23 20:59:08] ACTION=CAPTURE attempted=1 saved=1 failed=0
  Details: Batch finished: 1 saved, 0 failed. Latest: mc-sciepi/subj-mast90144-assessment (841 chars).
  Queue: 57 program(s) prioritised — 27 still to assemble
------------------------------------------------------------
[2026-08-23 21:00:11] ACTION=CAPTURE attempted=1 saved=1 failed=0
  Details: Batch finished: 1 saved, 0 failed. Latest: mc-sciepi/subj-poph90013 (2372 chars).
  Queue: 57 program(s) prioritised — 27 still to assemble
------------------------------------------------------------
[2026-08-23 21:01:09] ACTION=CAPTURE attempted=1 saved=1 failed=0
  Details: Batch finished: 1 saved, 0 failed. Latest: mc-sciepi/subj-poph90013-assessment (1281 chars).
  Queue: 57 program(s) prioritised — 27 still to assemble
------------------------------------------------------------
[2026-08-23 21:02:09] ACTION=CAPTURE attempted=1 saved=1 failed=0
  Details: Batch finished: 1 saved, 0 failed. Latest: mc-sciepi/subj-poph90014 (4088 chars).
  Queue: 57 program(s) prioritised — 27 still to assemble
------------------------------------------------------------
[2026-08-23 21:03:11] ACTION=CAPTURE attempted=1 saved=1 failed=0
  Details: Batch finished: 1 saved, 0 failed. Latest: mc-sciepi/subj-poph90014-assessment (1054 chars).
  Queue: 57 program(s) prioritised — 27 still to assemble
------------------------------------------------------------
[2026-08-23 21:04:09] ACTION=CAPTURE attempted=1 saved=1 failed=0
  Details: Batch finished: 1 saved, 0 failed. Latest: mc-sciepi/subj-poph90093 (2826 chars).
  Queue: 57 program(s) prioritised — 27 still to assemble
------------------------------------------------------------
[2026-08-23 21:05:09] ACTION=CAPTURE attempted=1 saved=1 failed=0
  Details: Batch finished: 1 saved, 0 failed. Latest: mc-sciepi/subj-poph90093-assessment (1387 chars).
  Queue: 57 program(s) prioritised — 27 still to assemble
------------------------------------------------------------
[2026-08-23 21:06:13] ACTION=CAPTURE attempted=1 saved=1 failed=0
  Details: Batch finished: 1 saved, 0 failed. Latest: mc-sciepi/subj-poph90144 (2368 chars).
  Queue: 57 program(s) prioritised — 27 still to assemble
------------------------------------------------------------
[2026-08-23 21:07:09] ACTION=CAPTURE attempted=1 saved=1 failed=0
  Details: Batch finished: 1 saved, 0 failed. Latest: mc-sciepi/subj-poph90144-assessment (870 chars).
  Queue: 57 program(s) prioritised — 27 still to assemble
------------------------------------------------------------
[2026-08-23 21:08:10] ACTION=CAPTURE attempted=1 saved=1 failed=0
  Details: Batch finished: 1 saved, 0 failed. Latest: mc-sciepi/subj-poph90145 (2781 chars).
  Queue: 57 program(s) prioritised — 27 still to assemble
------------------------------------------------------------
[2026-08-23 21:09:11] ACTION=CAPTURE attempted=1 saved=1 failed=0
  Details: Batch finished: 1 saved, 0 failed. Latest: mc-sciepi/subj-poph90145-assessment (1129 chars).
  Queue: 57 program(s) prioritised — 27 still to assemble
------------------------------------------------------------
[2026-08-23 21:10:10] ACTION=CAPTURE attempted=1 saved=1 failed=0
  Details: Batch finished: 1 saved, 0 failed. Latest: mc-sciepi/subj-poph90242 (2977 chars).
  Queue: 57 program(s) prioritised — 27 still to assemble
------------------------------------------------------------
[2026-08-23 21:11:10] ACTION=CAPTURE attempted=1 saved=1 failed=0
  Details: Batch finished: 1 saved, 0 failed. Latest: mc-sciepi/subj-poph90242-assessment (724 chars).
  Queue: 57 program(s) prioritised — 27 still to assemble
------------------------------------------------------------
[2026-08-23 21:12:09] ACTION=CAPTURE attempted=1 saved=1 failed=0
  Details: Batch finished: 1 saved, 0 failed. Latest: mc-sciepi/subj-poph90243 (2675 chars).
  Queue: 57 program(s) prioritised — 27 still to assemble
------------------------------------------------------------
[2026-08-23 21:13:11] ACTION=CAPTURE attempted=1 saved=1 failed=0
  Details: Batch finished: 1 saved, 0 failed. Latest: mc-sciepi/subj-poph90243-assessment (1143 chars).
  Queue: 57 program(s) prioritised — 26 still to assemble
------------------------------------------------------------
[2026-08-23 21:14:09] ACTION=CAPTURE attempted=1 saved=1 failed=0
  Details: Batch finished: 1 saved, 0 failed. Latest: mc-scwr/course (1763 chars).
  Queue: 57 program(s) prioritised — 26 still to assemble
------------------------------------------------------------
[2026-08-23 21:15:09] ACTION=CAPTURE attempted=1 saved=1 failed=0
  Details: Batch finished: 1 saved, 0 failed. Latest: mc-scwr/attributes (1827 chars).
  Queue: 57 program(s) prioritised — 26 still to assemble
------------------------------------------------------------
[2026-08-23 21:16:10] ACTION=CAPTURE attempted=1 saved=1 failed=0
  Details: Batch finished: 1 saved, 0 failed. Latest: mc-scwr/structure (1339 chars).
  Queue: 57 program(s) prioritised — 26 still to assemble
------------------------------------------------------------
[2026-08-23 21:17:09] ACTION=CAPTURE attempted=1 saved=1 failed=0
  Details: Batch finished: 1 saved, 0 failed. Latest: mc-scwr/subj-fltv70041 (1849 chars).
  Queue: 57 program(s) prioritised — 26 still to assemble
------------------------------------------------------------
[2026-08-23 21:18:10] ACTION=CAPTURE attempted=1 saved=1 failed=0
  Details: Batch finished: 1 saved, 0 failed. Latest: mc-scwr/subj-fltv70041-assessment (763 chars).
  Queue: 57 program(s) prioritised — 26 still to assemble
------------------------------------------------------------
[2026-08-23 21:19:09] ACTION=CAPTURE attempted=1 saved=1 failed=0
  Details: Batch finished: 1 saved, 0 failed. Latest: mc-scwr/subj-fltv70042 (2009 chars).
  Queue: 57 program(s) prioritised — 26 still to assemble
------------------------------------------------------------
[2026-08-23 21:20:09] ACTION=CAPTURE attempted=1 saved=1 failed=0
  Details: Batch finished: 1 saved, 0 failed. Latest: mc-scwr/subj-fltv70042-assessment (914 chars).
  Queue: 57 program(s) prioritised — 26 still to assemble
------------------------------------------------------------
[2026-08-23 21:21:09] ACTION=CAPTURE attempted=1 saved=1 failed=0
  Details: Batch finished: 1 saved, 0 failed. Latest: mc-scwr/subj-fltv70043 (1971 chars).
  Queue: 57 program(s) prioritised — 26 still to assemble
------------------------------------------------------------
[2026-08-23 21:22:09] ACTION=CAPTURE attempted=1 saved=1 failed=0
  Details: Batch finished: 1 saved, 0 failed. Latest: mc-scwr/subj-fltv70043-assessment (915 chars).
  Queue: 57 program(s) prioritised — 26 still to assemble
------------------------------------------------------------
[2026-08-23 21:23:10] ACTION=CAPTURE attempted=1 saved=1 failed=0
  Details: Batch finished: 1 saved, 0 failed. Latest: mc-scwr/subj-fltv70044 (1713 chars).
  Queue: 57 program(s) prioritised — 26 still to assemble
------------------------------------------------------------
[2026-08-23 21:24:10] ACTION=CAPTURE attempted=1 saved=1 failed=0
  Details: Batch finished: 1 saved, 0 failed. Latest: mc-scwr/subj-fltv70044-assessment (758 chars).
  Queue: 57 program(s) prioritised — 26 still to assemble
------------------------------------------------------------
[2026-08-23 21:25:10] ACTION=CAPTURE attempted=1 saved=1 failed=0
  Details: Batch finished: 1 saved, 0 failed. Latest: mc-scwr/subj-fltv70045 (1959 chars).
  Queue: 57 program(s) prioritised — 26 still to assemble
------------------------------------------------------------
[2026-08-23 21:26:10] ACTION=CAPTURE attempted=1 saved=1 failed=0
  Details: Batch finished: 1 saved, 0 failed. Latest: mc-scwr/subj-fltv70045-assessment (854 chars).
  Queue: 57 program(s) prioritised — 26 still to assemble
------------------------------------------------------------
[2026-08-23 21:27:09] ACTION=CAPTURE attempted=1 saved=1 failed=0
  Details: Batch finished: 1 saved, 0 failed. Latest: mc-scwr/subj-fltv70046 (1581 chars).
  Queue: 57 program(s) prioritised — 26 still to assemble
------------------------------------------------------------
[2026-08-23 21:28:10] ACTION=CAPTURE attempted=1 saved=1 failed=0
  Details: Batch finished: 1 saved, 0 failed. Latest: mc-scwr/subj-fltv70046-assessment (816 chars).
  Queue: 57 program(s) prioritised — 26 still to assemble
------------------------------------------------------------
[2026-08-23 21:29:12] ACTION=CAPTURE attempted=1 saved=1 failed=0
  Details: Batch finished: 1 saved, 0 failed. Latest: mc-scwr/subj-fltv70047 (1851 chars).
  Queue: 57 program(s) prioritised — 26 still to assemble
------------------------------------------------------------
[2026-08-23 21:30:10] ACTION=CAPTURE attempted=1 saved=1 failed=0
  Details: Batch finished: 1 saved, 0 failed. Latest: mc-scwr/subj-fltv70047-assessment (769 chars).
  Queue: 57 program(s) prioritised — 25 still to assemble
------------------------------------------------------------
[2026-08-23 21:31:12] ACTION=CAPTURE attempted=1 saved=1 failed=0
  Details: Batch finished: 1 saved, 0 failed. Latest: mc-urbhort/course (3004 chars).
  Queue: 57 program(s) prioritised — 25 still to assemble
------------------------------------------------------------
[2026-08-23 21:32:09] ACTION=CAPTURE attempted=1 saved=1 failed=0
  Details: Batch finished: 1 saved, 0 failed. Latest: mc-urbhort/attributes (4151 chars).
  Queue: 57 program(s) prioritised — 25 still to assemble
------------------------------------------------------------
[2026-08-23 21:33:09] ACTION=CAPTURE attempted=1 saved=1 failed=0
  Details: Batch finished: 1 saved, 0 failed. Latest: mc-urbhort/structure (4010 chars).
  Queue: 57 program(s) prioritised — 25 still to assemble
------------------------------------------------------------
[2026-08-23 21:34:33] ACTION=CAPTURE attempted=1 saved=1 failed=0
  Details: Batch finished: 1 saved, 0 failed. Latest: mc-urbhort/subj-abpl90337 (2403 chars).
  Queue: 57 program(s) prioritised — 25 still to assemble
------------------------------------------------------------
[2026-08-23 21:35:08] ACTION=CAPTURE attempted=1 saved=1 failed=0
  Details: Batch finished: 1 saved, 0 failed. Latest: mc-urbhort/subj-abpl90337-assessment (908 chars).
  Queue: 57 program(s) prioritised — 25 still to assemble
------------------------------------------------------------
[2026-08-23 21:36:08] ACTION=CAPTURE attempted=1 saved=1 failed=0
  Details: Batch finished: 1 saved, 0 failed. Latest: mc-urbhort/subj-agri90075 (2885 chars).
  Queue: 57 program(s) prioritised — 25 still to assemble
------------------------------------------------------------
[2026-08-23 21:37:08] ACTION=CAPTURE attempted=1 saved=1 failed=0
  Details: Batch finished: 1 saved, 0 failed. Latest: mc-urbhort/subj-agri90075-assessment (1047 chars).
  Queue: 57 program(s) prioritised — 25 still to assemble
------------------------------------------------------------
[2026-08-23 21:38:09] ACTION=CAPTURE attempted=1 saved=1 failed=0
  Details: Batch finished: 1 saved, 0 failed. Latest: mc-urbhort/subj-enst30003 (2504 chars).
  Queue: 57 program(s) prioritised — 25 still to assemble
------------------------------------------------------------
[2026-08-23 21:39:08] ACTION=CAPTURE attempted=1 saved=1 failed=0
  Details: Batch finished: 1 saved, 0 failed. Latest: mc-urbhort/subj-enst30003-assessment (779 chars).
  Queue: 57 program(s) prioritised — 25 still to assemble
------------------------------------------------------------
[2026-08-23 21:40:08] ACTION=CAPTURE attempted=1 saved=1 failed=0
  Details: Batch finished: 1 saved, 0 failed. Latest: mc-urbhort/subj-enst90045 (2322 chars).
  Queue: 57 program(s) prioritised — 25 still to assemble
------------------------------------------------------------
[2026-08-23 21:41:09] ACTION=CAPTURE attempted=1 saved=1 failed=0
  Details: Batch finished: 1 saved, 0 failed. Latest: mc-urbhort/subj-enst90045-assessment (911 chars).
  Queue: 57 program(s) prioritised — 25 still to assemble
------------------------------------------------------------
[2026-08-23 21:42:09] ACTION=CAPTURE attempted=1 saved=1 failed=0
  Details: Batch finished: 1 saved, 0 failed. Latest: mc-urbhort/subj-enst90048 (3110 chars).
  Queue: 57 program(s) prioritised — 25 still to assemble
------------------------------------------------------------
[2026-08-23 21:43:09] ACTION=CAPTURE attempted=1 saved=1 failed=0
  Details: Batch finished: 1 saved, 0 failed. Latest: mc-urbhort/subj-enst90048-assessment (931 chars).
  Queue: 57 program(s) prioritised — 25 still to assemble
------------------------------------------------------------
[2026-08-23 21:44:11] ACTION=CAPTURE attempted=1 saved=1 failed=0
  Details: Batch finished: 1 saved, 0 failed. Latest: mc-urbhort/subj-erth90028 (2755 chars).
  Queue: 57 program(s) prioritised — 25 still to assemble
------------------------------------------------------------
[2026-08-23 21:45:12] ACTION=CAPTURE attempted=1 saved=1 failed=0
  Details: Batch finished: 1 saved, 0 failed. Latest: mc-urbhort/subj-erth90028-assessment (869 chars).
  Queue: 57 program(s) prioritised — 25 still to assemble
------------------------------------------------------------
[2026-08-23 21:46:09] ACTION=CAPTURE attempted=1 saved=1 failed=0
  Details: Batch finished: 1 saved, 0 failed. Latest: mc-urbhort/subj-frst30003 (3412 chars).
  Queue: 57 program(s) prioritised — 25 still to assemble
------------------------------------------------------------
[2026-08-23 21:47:09] ACTION=CAPTURE attempted=1 saved=1 failed=0
  Details: Batch finished: 1 saved, 0 failed. Latest: mc-urbhort/subj-frst30003-assessment (726 chars).
  Queue: 57 program(s) prioritised — 25 still to assemble
------------------------------------------------------------
[2026-08-23 21:48:09] ACTION=CAPTURE attempted=1 saved=1 failed=0
  Details: Batch finished: 1 saved, 0 failed. Latest: mc-urbhort/subj-hort90004 (2105 chars).
  Queue: 57 program(s) prioritised — 25 still to assemble
------------------------------------------------------------
[2026-08-23 21:49:09] ACTION=CAPTURE attempted=1 saved=1 failed=0
  Details: Batch finished: 1 saved, 0 failed. Latest: mc-urbhort/subj-hort90004-assessment (909 chars).
  Queue: 57 program(s) prioritised — 25 still to assemble
------------------------------------------------------------
[2026-08-23 21:50:09] ACTION=CAPTURE attempted=1 saved=1 failed=0
  Details: Batch finished: 1 saved, 0 failed. Latest: mc-urbhort/subj-hort90008 (2223 chars).
  Queue: 57 program(s) prioritised — 25 still to assemble
------------------------------------------------------------
[2026-08-23 21:51:08] ACTION=CAPTURE attempted=1 saved=1 failed=0
  Details: Batch finished: 1 saved, 0 failed. Latest: mc-urbhort/subj-hort90008-assessment (977 chars).
  Queue: 57 program(s) prioritised — 25 still to assemble
------------------------------------------------------------
[2026-08-23 21:52:09] ACTION=CAPTURE attempted=1 saved=1 failed=0
  Details: Batch finished: 1 saved, 0 failed. Latest: mc-urbhort/subj-hort90033 (1956 chars).
  Queue: 57 program(s) prioritised — 25 still to assemble
------------------------------------------------------------
[2026-08-23 21:53:19] ACTION=CAPTURE attempted=1 saved=1 failed=0
  Details: Batch finished: 1 saved, 0 failed. Latest: mc-urbhort/subj-hort90033-assessment (930 chars).
  Queue: 57 program(s) prioritised — 25 still to assemble
------------------------------------------------------------
[2026-08-23 21:54:09] ACTION=CAPTURE attempted=1 saved=1 failed=0
  Details: Batch finished: 1 saved, 0 failed. Latest: mc-urbhort/subj-hort90034 (2195 chars).
  Queue: 57 program(s) prioritised — 25 still to assemble
------------------------------------------------------------
[2026-08-23 21:55:10] ACTION=CAPTURE attempted=1 saved=1 failed=0
  Details: Batch finished: 1 saved, 0 failed. Latest: mc-urbhort/subj-hort90034-assessment (841 chars).
  Queue: 57 program(s) prioritised — 25 still to assemble
------------------------------------------------------------
[2026-08-23 21:56:10] ACTION=CAPTURE attempted=1 saved=1 failed=0
  Details: Batch finished: 1 saved, 0 failed. Latest: mc-urbhort/subj-hort90044 (2747 chars).
  Queue: 57 program(s) prioritised — 25 still to assemble
------------------------------------------------------------
[2026-08-23 21:57:10] ACTION=CAPTURE attempted=1 saved=1 failed=0
  Details: Batch finished: 1 saved, 0 failed. Latest: mc-urbhort/subj-hort90044-assessment (952 chars).
  Queue: 57 program(s) prioritised — 25 still to assemble
------------------------------------------------------------
[2026-08-23 21:58:09] ACTION=CAPTURE attempted=1 saved=1 failed=0
  Details: Batch finished: 1 saved, 0 failed. Latest: mc-urbhort/subj-hort90048 (2707 chars).
  Queue: 57 program(s) prioritised — 25 still to assemble
------------------------------------------------------------
[2026-08-23 21:59:10] ACTION=CAPTURE attempted=1 saved=1 failed=0
  Details: Batch finished: 1 saved, 0 failed. Latest: mc-urbhort/subj-hort90048-assessment (1006 chars).
  Queue: 57 program(s) prioritised — 25 still to assemble
------------------------------------------------------------
[2026-08-23 22:00:10] ACTION=CAPTURE attempted=1 saved=1 failed=0
  Details: Batch finished: 1 saved, 0 failed. Latest: mc-urbhort/subj-scie90012 (3168 chars).
  Queue: 57 program(s) prioritised — 25 still to assemble
------------------------------------------------------------
[2026-08-23 22:01:09] ACTION=CAPTURE attempted=1 saved=1 failed=0
  Details: Batch finished: 1 saved, 0 failed. Latest: mc-urbhort/subj-scie90012-assessment (1498 chars).
  Queue: 57 program(s) prioritised — 25 still to assemble
------------------------------------------------------------
[2026-08-23 22:02:09] ACTION=CAPTURE attempted=1 saved=1 failed=0
  Details: Batch finished: 1 saved, 0 failed. Latest: mc-urbhort/subj-scie90017 (5356 chars).
  Queue: 57 program(s) prioritised — 25 still to assemble
------------------------------------------------------------
[2026-08-23 22:03:10] ACTION=CAPTURE attempted=1 saved=1 failed=0
  Details: Batch finished: 1 saved, 0 failed. Latest: mc-urbhort/subj-scie90017-assessment (4646 chars).
  Queue: 57 program(s) prioritised — 25 still to assemble
------------------------------------------------------------
[2026-08-23 22:04:08] ACTION=CAPTURE attempted=1 saved=1 failed=0
  Details: Batch finished: 1 saved, 0 failed. Latest: mc-urbhort/subj-scie90027 (5818 chars).
  Queue: 57 program(s) prioritised — 25 still to assemble
------------------------------------------------------------
[2026-08-23 22:05:09] ACTION=CAPTURE attempted=1 saved=1 failed=0
  Details: Batch finished: 1 saved, 0 failed. Latest: mc-urbhort/subj-scie90027-assessment (1538 chars).
  Queue: 57 program(s) prioritised — 24 still to assemble
------------------------------------------------------------
[2026-08-23 22:06:09] ACTION=CAPTURE attempted=1 saved=1 failed=0
  Details: Batch finished: 1 saved, 0 failed. Latest: me-dcd/course (2408 chars).
  Queue: 57 program(s) prioritised — 24 still to assemble
------------------------------------------------------------
[2026-08-23 22:07:09] ACTION=CAPTURE attempted=1 saved=1 failed=0
  Details: Batch finished: 1 saved, 0 failed. Latest: me-dcd/attributes (12160 chars).
  Queue: 57 program(s) prioritised — 24 still to assemble
------------------------------------------------------------
[2026-08-23 22:08:09] ACTION=CAPTURE attempted=1 saved=1 failed=0
  Details: Batch finished: 1 saved, 0 failed. Latest: me-dcd/structure (1122 chars).
  Queue: 57 program(s) prioritised — 24 still to assemble
------------------------------------------------------------
[2026-08-23 22:09:09] ACTION=CAPTURE attempted=1 saved=1 failed=0
  Details: Batch finished: 1 saved, 0 failed. Latest: me-dcd/subj-dent90108 (2434 chars).
  Queue: 57 program(s) prioritised — 24 still to assemble
------------------------------------------------------------
[2026-08-23 22:10:09] ACTION=CAPTURE attempted=1 saved=1 failed=0
  Details: Batch finished: 1 saved, 0 failed. Latest: me-dcd/subj-dent90108-assessment (1206 chars).
  Queue: 57 program(s) prioritised — 24 still to assemble
------------------------------------------------------------
[2026-08-23 22:11:10] ACTION=CAPTURE attempted=1 saved=1 failed=0
  Details: Batch finished: 1 saved, 0 failed. Latest: me-dcd/subj-dent90109 (2178 chars).
  Queue: 57 program(s) prioritised — 24 still to assemble
------------------------------------------------------------
[2026-08-23 22:12:11] ACTION=CAPTURE attempted=1 saved=1 failed=0
  Details: Batch finished: 1 saved, 0 failed. Latest: me-dcd/subj-dent90109-assessment (1437 chars).
  Queue: 57 program(s) prioritised — 24 still to assemble
------------------------------------------------------------
[2026-08-23 22:13:11] ACTION=CAPTURE attempted=1 saved=1 failed=0
  Details: Batch finished: 1 saved, 0 failed. Latest: me-dcd/subj-dent90110 (1121 chars).
  Queue: 57 program(s) prioritised — 24 still to assemble
------------------------------------------------------------
[2026-08-23 22:14:10] ACTION=CAPTURE attempted=1 saved=1 failed=0
  Details: Batch finished: 1 saved, 0 failed. Latest: me-dcd/subj-dent90110-assessment (823 chars).
  Queue: 57 program(s) prioritised — 23 still to assemble
------------------------------------------------------------
[2026-08-23 22:15:05] ACTION=IDLE attempted=0 saved=0 failed=0
  Details: All target pages in flight or complete
  Queue: 57 program(s) prioritised — 23 still to assemble
------------------------------------------------------------
[2026-08-23 22:16:05] ACTION=IDLE attempted=0 saved=0 failed=0
  Details: All target pages in flight or complete
  Queue: 57 program(s) prioritised — 23 still to assemble
------------------------------------------------------------
[2026-08-23 22:17:03] ACTION=IDLE attempted=0 saved=0 failed=0
  Details: All target pages in flight or complete
  Queue: 57 program(s) prioritised — 23 still to assemble
------------------------------------------------------------
[2026-08-23 22:38:13] ACTION=ERROR attempted=0 saved=0 failed=0
  Reason: Challenge detected: challenge page detected: rew-the-dare-is-thounce
  Queue: BREAKER OPEN — cooling off: 29m left, consecutive block 1, reason 'challenge page detected: rew-the-dare-is-thounce'
------------------------------------------------------------
[2026-08-23 22:39:05] ACTION=COOLOFF attempted=0 saved=0 failed=0
  Reason: challenge page detected: rew-the-dare-is-thounce
  Cooloff remaining: 29m
  Queue: BREAKER OPEN — cooling off: 29m left, consecutive block 1, reason 'challenge page detected: rew-the-dare-is-thounce'
------------------------------------------------------------
[2026-08-23 22:40:05] ACTION=COOLOFF attempted=0 saved=0 failed=0
  Reason: challenge page detected: rew-the-dare-is-thounce
  Cooloff remaining: 28m
  Queue: BREAKER OPEN — cooling off: 28m left, consecutive block 1, reason 'challenge page detected: rew-the-dare-is-thounce'
------------------------------------------------------------
[2026-08-23 22:42:05] ACTION=COOLOFF attempted=0 saved=0 failed=0
  Reason: challenge page detected: rew-the-dare-is-thounce
  Cooloff remaining: 26m
  Queue: BREAKER OPEN — cooling off: 26m left, consecutive block 1, reason 'challenge page detected: rew-the-dare-is-thounce'
------------------------------------------------------------
[2026-08-23 22:42:22] ACTION=CAPTURE attempted=1 saved=1 failed=0
  Details: Batch finished: 1 saved, 0 failed. Latest: mc-anp/subj-nurs90167 (2166 chars).
  Queue: 57 program(s) prioritised — 23 still to assemble
------------------------------------------------------------
[2026-08-23 22:43:08] ACTION=CAPTURE attempted=1 saved=1 failed=0
  Details: Batch finished: 1 saved, 0 failed. Latest: mc-anp/subj-nurs90167-assessment (898 chars).
  Queue: 57 program(s) prioritised — 23 still to assemble
------------------------------------------------------------
[2026-08-23 22:44:09] ACTION=CAPTURE attempted=1 saved=1 failed=0
  Details: Batch finished: 1 saved, 0 failed. Latest: mc-anp/subj-phrm90002 (3149 chars).
  Queue: 57 program(s) prioritised — 23 still to assemble
------------------------------------------------------------
[2026-08-23 22:45:09] ACTION=CAPTURE attempted=1 saved=1 failed=0
  Details: Batch finished: 1 saved, 0 failed. Latest: mc-anp/subj-phrm90002-assessment (1672 chars).
  Queue: 57 program(s) prioritised — 22 still to assemble
------------------------------------------------------------
[2026-08-23 22:46:09] ACTION=CAPTURE attempted=1 saved=1 failed=0
  Details: Batch finished: 1 saved, 0 failed. Latest: mc-ap/subj-mktg90004-assessment (1016 chars).
  Queue: 57 program(s) prioritised — 22 still to assemble
------------------------------------------------------------
[2026-08-23 22:47:09] ACTION=CAPTURE attempted=1 saved=1 failed=0
  Details: Batch finished: 1 saved, 0 failed. Latest: mc-ap/subj-mktg90008 (2657 chars).
  Queue: 57 program(s) prioritised — 22 still to assemble
------------------------------------------------------------
[2026-08-23 22:48:09] ACTION=CAPTURE attempted=1 saved=1 failed=0
  Details: Batch finished: 1 saved, 0 failed. Latest: mc-ap/subj-mktg90008-assessment (971 chars).
  Queue: 57 program(s) prioritised — 22 still to assemble
------------------------------------------------------------
[2026-08-23 22:49:09] ACTION=CAPTURE attempted=1 saved=1 failed=0
  Details: Batch finished: 1 saved, 0 failed. Latest: mc-ap/subj-poph90231 (3198 chars).
  Queue: 57 program(s) prioritised — 22 still to assemble
------------------------------------------------------------
[2026-08-23 22:50:09] ACTION=CAPTURE attempted=1 saved=1 failed=0
  Details: Batch finished: 1 saved, 0 failed. Latest: mc-ap/subj-poph90231-assessment (1131 chars).
  Queue: 57 program(s) prioritised — 22 still to assemble
------------------------------------------------------------
[2026-08-23 22:51:10] ACTION=CAPTURE attempted=1 saved=1 failed=0
  Details: Batch finished: 1 saved, 0 failed. Latest: mc-ap/subj-psyc40005 (3415 chars).
  Queue: 57 program(s) prioritised — 22 still to assemble
------------------------------------------------------------
[2026-08-23 22:52:11] ACTION=CAPTURE attempted=1 saved=1 failed=0
  Details: Batch finished: 1 saved, 0 failed. Latest: mc-ap/subj-psyc40005-assessment (1274 chars).
  Queue: 57 program(s) prioritised — 22 still to assemble
------------------------------------------------------------
[2026-08-23 22:53:11] ACTION=CAPTURE attempted=1 saved=1 failed=0
  Details: Batch finished: 1 saved, 0 failed. Latest: mc-ap/subj-psyc90100 (1988 chars).
  Queue: 57 program(s) prioritised — 22 still to assemble
------------------------------------------------------------
[2026-08-23 22:54:09] ACTION=CAPTURE attempted=1 saved=1 failed=0
  Details: Batch finished: 1 saved, 0 failed. Latest: mc-ap/subj-psyc90100-assessment (1108 chars).
  Queue: 57 program(s) prioritised — 22 still to assemble
------------------------------------------------------------
[2026-08-23 22:55:10] ACTION=CAPTURE attempted=1 saved=1 failed=0
  Details: Batch finished: 1 saved, 0 failed. Latest: mc-ap/subj-psyc90101 (1422 chars).
  Queue: 57 program(s) prioritised — 22 still to assemble
------------------------------------------------------------
[2026-08-23 22:56:10] ACTION=CAPTURE attempted=1 saved=1 failed=0
  Details: Batch finished: 1 saved, 0 failed. Latest: mc-ap/subj-psyc90101-assessment (1720 chars).
  Queue: 57 program(s) prioritised — 22 still to assemble
------------------------------------------------------------
[2026-08-23 22:57:45] ACTION=ERROR attempted=0 saved=0 failed=0
  Reason: Challenge detected: challenge page detected: rew-the-dare-is-thounce
  Queue: BREAKER OPEN — cooling off: 29m left, consecutive block 1, reason 'challenge page detected: rew-the-dare-is-thounce'
------------------------------------------------------------
[2026-08-23 22:58:05] ACTION=COOLOFF attempted=0 saved=0 failed=0
  Reason: challenge page detected: rew-the-dare-is-thounce
  Cooloff remaining: 29m
  Queue: BREAKER OPEN — cooling off: 29m left, consecutive block 1, reason 'challenge page detected: rew-the-dare-is-thounce'
------------------------------------------------------------
[2026-08-23 22:59:10] ACTION=COOLOFF attempted=0 saved=0 failed=0
  Reason: challenge page detected: rew-the-dare-is-thounce
  Cooloff remaining: 28m
  Queue: BREAKER OPEN — cooling off: 28m left, consecutive block 1, reason 'challenge page detected: rew-the-dare-is-thounce'
------------------------------------------------------------
[2026-08-23 23:00:05] ACTION=COOLOFF attempted=0 saved=0 failed=0
  Reason: challenge page detected: rew-the-dare-is-thounce
  Cooloff remaining: 27m
  Queue: BREAKER OPEN — cooling off: 27m left, consecutive block 1, reason 'challenge page detected: rew-the-dare-is-thounce'
------------------------------------------------------------
[2026-08-23 23:01:06] ACTION=COOLOFF attempted=0 saved=0 failed=0
  Reason: challenge page detected: rew-the-dare-is-thounce
  Cooloff remaining: 26m
  Queue: BREAKER OPEN — cooling off: 26m left, consecutive block 1, reason 'challenge page detected: rew-the-dare-is-thounce'
------------------------------------------------------------
[2026-08-23 23:02:06] ACTION=COOLOFF attempted=0 saved=0 failed=0
  Reason: challenge page detected: rew-the-dare-is-thounce
  Cooloff remaining: 25m
  Queue: BREAKER OPEN — cooling off: 25m left, consecutive block 1, reason 'challenge page detected: rew-the-dare-is-thounce'
------------------------------------------------------------
[2026-08-23 23:03:07] ACTION=COOLOFF attempted=0 saved=0 failed=0
  Reason: challenge page detected: rew-the-dare-is-thounce
  Cooloff remaining: 24m
  Queue: BREAKER OPEN — cooling off: 24m left, consecutive block 1, reason 'challenge page detected: rew-the-dare-is-thounce'
------------------------------------------------------------
[2026-08-23 23:04:06] ACTION=COOLOFF attempted=0 saved=0 failed=0
  Reason: challenge page detected: rew-the-dare-is-thounce
  Cooloff remaining: 23m
  Queue: BREAKER OPEN — cooling off: 23m left, consecutive block 1, reason 'challenge page detected: rew-the-dare-is-thounce'
------------------------------------------------------------
[2026-08-23 23:05:06] ACTION=COOLOFF attempted=0 saved=0 failed=0
  Reason: challenge page detected: rew-the-dare-is-thounce
  Cooloff remaining: 22m
  Queue: BREAKER OPEN — cooling off: 22m left, consecutive block 1, reason 'challenge page detected: rew-the-dare-is-thounce'
------------------------------------------------------------
[2026-08-23 23:06:05] ACTION=COOLOFF attempted=0 saved=0 failed=0
  Reason: challenge page detected: rew-the-dare-is-thounce
  Cooloff remaining: 21m
  Queue: BREAKER OPEN — cooling off: 21m left, consecutive block 1, reason 'challenge page detected: rew-the-dare-is-thounce'
------------------------------------------------------------
[2026-08-23 23:07:05] ACTION=COOLOFF attempted=0 saved=0 failed=0
  Reason: challenge page detected: rew-the-dare-is-thounce
  Cooloff remaining: 20m
  Queue: BREAKER OPEN — cooling off: 20m left, consecutive block 1, reason 'challenge page detected: rew-the-dare-is-thounce'
------------------------------------------------------------
[2026-08-23 23:08:06] ACTION=COOLOFF attempted=0 saved=0 failed=0
  Reason: challenge page detected: rew-the-dare-is-thounce
  Cooloff remaining: 19m
  Queue: BREAKER OPEN — cooling off: 19m left, consecutive block 1, reason 'challenge page detected: rew-the-dare-is-thounce'
------------------------------------------------------------
[2026-08-23 23:09:06] ACTION=COOLOFF attempted=0 saved=0 failed=0
  Reason: challenge page detected: rew-the-dare-is-thounce
  Cooloff remaining: 18m
  Queue: BREAKER OPEN — cooling off: 18m left, consecutive block 1, reason 'challenge page detected: rew-the-dare-is-thounce'
------------------------------------------------------------
[2026-08-23 23:09:59] ACTION=CAPTURE attempted=1 saved=1 failed=0
  Details: Batch finished: 1 saved, 0 failed. Latest: mc-ap/subj-mktg90004 (2439 chars).
  Queue: 57 program(s) prioritised — 22 still to assemble
------------------------------------------------------------
[2026-08-23 23:10:14] ACTION=CAPTURE attempted=1 saved=1 failed=0
  Details: Batch finished: 1 saved, 0 failed. Latest: mc-ap/subj-psyc90102 (1773 chars).
  Queue: 57 program(s) prioritised — 22 still to assemble
------------------------------------------------------------
[2026-08-23 23:11:10] ACTION=CAPTURE attempted=1 saved=1 failed=0
  Details: Batch finished: 1 saved, 0 failed. Latest: mc-ap/subj-psyc90102-assessment (1277 chars).
  Queue: 57 program(s) prioritised — 22 still to assemble
------------------------------------------------------------
[2026-08-23 23:12:10] ACTION=CAPTURE attempted=1 saved=1 failed=0
  Details: Batch finished: 1 saved, 0 failed. Latest: mc-ap/subj-psyc90103 (2207 chars).
  Queue: 57 program(s) prioritised — 22 still to assemble
------------------------------------------------------------
[2026-08-23 23:13:10] ACTION=CAPTURE attempted=1 saved=1 failed=0
  Details: Batch finished: 1 saved, 0 failed. Latest: mc-ap/subj-psyc90103-assessment (1140 chars).
  Queue: 57 program(s) prioritised — 22 still to assemble
------------------------------------------------------------
[2026-08-23 23:14:10] ACTION=CAPTURE attempted=1 saved=1 failed=0
  Details: Batch finished: 1 saved, 0 failed. Latest: mc-ap/subj-psyc90104 (2277 chars).
  Queue: 57 program(s) prioritised — 22 still to assemble
------------------------------------------------------------
[2026-08-23 23:15:11] ACTION=CAPTURE attempted=1 saved=1 failed=0
  Details: Batch finished: 1 saved, 0 failed. Latest: mc-ap/subj-psyc90104-assessment (1015 chars).
  Queue: 57 program(s) prioritised — 22 still to assemble
------------------------------------------------------------
[2026-08-23 23:16:12] ACTION=CAPTURE attempted=1 saved=1 failed=0
  Details: Batch finished: 1 saved, 0 failed. Latest: mc-ap/subj-psyc90105 (1588 chars).
  Queue: 57 program(s) prioritised — 22 still to assemble
------------------------------------------------------------
[2026-08-23 23:17:09] ACTION=CAPTURE attempted=1 saved=1 failed=0
  Details: Batch finished: 1 saved, 0 failed. Latest: mc-ap/subj-psyc90105-assessment (1125 chars).
  Queue: 57 program(s) prioritised — 22 still to assemble
------------------------------------------------------------
[2026-08-23 23:18:08] ACTION=CAPTURE attempted=1 saved=1 failed=0
  Details: Batch finished: 1 saved, 0 failed. Latest: mc-ap/subj-psyc90106 (1936 chars).
  Queue: 57 program(s) prioritised — 22 still to assemble
------------------------------------------------------------
[2026-08-23 23:20:12] ACTION=CAPTURE attempted=1 saved=1 failed=0
  Details: Batch finished: 1 saved, 0 failed. Latest: mc-ap/subj-psyc90106-assessment (1053 chars).
  Queue: 57 program(s) prioritised — 22 still to assemble
------------------------------------------------------------
[2026-08-23 23:21:08] ACTION=CAPTURE attempted=1 saved=1 failed=0
  Details: Batch finished: 1 saved, 0 failed. Latest: mc-ap/subj-psyc90107 (1860 chars).
  Queue: 57 program(s) prioritised — 22 still to assemble
------------------------------------------------------------
[2026-08-23 23:22:08] ACTION=CAPTURE attempted=1 saved=1 failed=0
  Details: Batch finished: 1 saved, 0 failed. Latest: mc-ap/subj-psyc90107-assessment (1380 chars).
  Queue: 57 program(s) prioritised — 22 still to assemble
------------------------------------------------------------
[2026-08-23 23:23:10] ACTION=CAPTURE attempted=1 saved=1 failed=0
  Details: Batch finished: 1 saved, 0 failed. Latest: mc-ap/subj-psyc90124 (2643 chars).
  Queue: 57 program(s) prioritised — 22 still to assemble
------------------------------------------------------------
[2026-08-23 23:24:09] ACTION=CAPTURE attempted=1 saved=1 failed=0
  Details: Batch finished: 1 saved, 0 failed. Latest: mc-ap/subj-psyc90124-assessment (1133 chars).
  Queue: 57 program(s) prioritised — 21 still to assemble
------------------------------------------------------------
[2026-08-23 23:25:44] ACTION=ERROR attempted=0 saved=0 failed=0
  Reason: Challenge detected: challenge page detected: rew-the-dare-is-thounce
  Queue: BREAKER OPEN — cooling off: 29m left, consecutive block 1, reason 'challenge page detected: rew-the-dare-is-thounce'
------------------------------------------------------------
[2026-08-23 23:26:05] ACTION=COOLOFF attempted=0 saved=0 failed=0
  Reason: challenge page detected: rew-the-dare-is-thounce
  Cooloff remaining: 29m
  Queue: BREAKER OPEN — cooling off: 29m left, consecutive block 1, reason 'challenge page detected: rew-the-dare-is-thounce'
------------------------------------------------------------
[2026-08-23 23:27:05] ACTION=COOLOFF attempted=0 saved=0 failed=0
  Reason: challenge page detected: rew-the-dare-is-thounce
  Cooloff remaining: 28m
  Queue: BREAKER OPEN — cooling off: 28m left, consecutive block 1, reason 'challenge page detected: rew-the-dare-is-thounce'
------------------------------------------------------------
[2026-08-23 23:28:04] ACTION=COOLOFF attempted=0 saved=0 failed=0
  Reason: challenge page detected: rew-the-dare-is-thounce
  Cooloff remaining: 27m
  Queue: BREAKER OPEN — cooling off: 27m left, consecutive block 1, reason 'challenge page detected: rew-the-dare-is-thounce'
------------------------------------------------------------
[2026-08-24 00:37:09] ACTION=CAPTURE attempted=1 saved=1 failed=0
  Details: Batch finished: 1 saved, 0 failed. Latest: mc-chemeng/subj-chen20010 (2884 chars).
  Queue: 57 program(s) prioritised — 21 still to assemble
------------------------------------------------------------
[2026-08-24 00:38:17] ACTION=CAPTURE attempted=1 saved=1 failed=0
  Details: Batch finished: 1 saved, 0 failed. Latest: mc-chemeng/subj-chen20010-assessment (1772 chars).
  Queue: 57 program(s) prioritised — 21 still to assemble
------------------------------------------------------------
[2026-08-24 00:39:17] ACTION=CAPTURE attempted=1 saved=1 failed=0
  Details: Batch finished: 1 saved, 0 failed. Latest: mc-chemeng/subj-chen20011 (3463 chars).
  Queue: 57 program(s) prioritised — 21 still to assemble
------------------------------------------------------------
[2026-08-24 00:40:09] ACTION=CAPTURE attempted=1 saved=1 failed=0
  Details: Batch finished: 1 saved, 0 failed. Latest: mc-chemeng/subj-chen20011-assessment (1647 chars).
  Queue: 57 program(s) prioritised — 21 still to assemble
------------------------------------------------------------
[2026-08-24 00:41:09] ACTION=CAPTURE attempted=1 saved=1 failed=0
  Details: Batch finished: 1 saved, 0 failed. Latest: mc-chemeng/subj-chen20012 (3171 chars).
  Queue: 57 program(s) prioritised — 21 still to assemble
------------------------------------------------------------
[2026-08-24 00:42:11] ACTION=CAPTURE attempted=1 saved=1 failed=0
  Details: Batch finished: 1 saved, 0 failed. Latest: mc-chemeng/subj-chen20012-assessment (1647 chars).
  Queue: 57 program(s) prioritised — 21 still to assemble
------------------------------------------------------------
[2026-08-24 00:43:10] ACTION=CAPTURE attempted=1 saved=1 failed=0
  Details: Batch finished: 1 saved, 0 failed. Latest: mc-chemeng/subj-chen30001 (2363 chars).
  Queue: 57 program(s) prioritised — 21 still to assemble
------------------------------------------------------------
[2026-08-24 00:44:08] ACTION=CAPTURE attempted=1 saved=1 failed=0
  Details: Batch finished: 1 saved, 0 failed. Latest: mc-chemeng/subj-chen30001-assessment (1661 chars).
  Queue: 57 program(s) prioritised — 21 still to assemble
------------------------------------------------------------
[2026-08-24 00:45:14] ACTION=CAPTURE attempted=1 saved=1 failed=0
  Details: Batch finished: 1 saved, 0 failed. Latest: mc-chemeng/subj-chen30015 (3146 chars).
  Queue: 57 program(s) prioritised — 21 still to assemble
------------------------------------------------------------
[2026-08-24 00:46:32] ACTION=CAPTURE attempted=1 saved=1 failed=0
  Details: Batch finished: 1 saved, 0 failed. Latest: mc-chemeng/subj-chen30015-assessment (2821 chars).
  Queue: 57 program(s) prioritised — 21 still to assemble
------------------------------------------------------------
[2026-08-24 00:47:11] ACTION=CAPTURE attempted=1 saved=1 failed=0
  Details: Batch finished: 1 saved, 0 failed. Latest: mc-chemeng/subj-chen30016 (3392 chars).
  Queue: 57 program(s) prioritised — 21 still to assemble
------------------------------------------------------------
[2026-08-24 00:48:19] ACTION=CAPTURE attempted=1 saved=1 failed=0
  Details: Batch finished: 1 saved, 0 failed. Latest: mc-chemeng/subj-chen30016-assessment (1507 chars).
  Queue: 57 program(s) prioritised — 21 still to assemble
------------------------------------------------------------
[2026-08-24 00:49:12] ACTION=CAPTURE attempted=1 saved=1 failed=0
  Details: Batch finished: 1 saved, 0 failed. Latest: mc-chemeng/subj-chen90007 (3116 chars).
  Queue: 57 program(s) prioritised — 21 still to assemble
------------------------------------------------------------
[2026-08-24 00:50:24] ACTION=CAPTURE attempted=1 saved=1 failed=0
  Details: Batch finished: 1 saved, 0 failed. Latest: mc-chemeng/subj-chen90007-assessment (1011 chars).
  Queue: 57 program(s) prioritised — 21 still to assemble
------------------------------------------------------------
[2026-08-24 00:51:13] ACTION=CAPTURE attempted=1 saved=1 failed=0
  Details: Batch finished: 1 saved, 0 failed. Latest: mc-chemeng/subj-chen90012 (3269 chars).
  Queue: 57 program(s) prioritised — 21 still to assemble
------------------------------------------------------------
[2026-08-24 00:52:21] ACTION=CAPTURE attempted=1 saved=1 failed=0
  Details: Batch finished: 1 saved, 0 failed. Latest: mc-chemeng/subj-chen90012-assessment (1242 chars).
  Queue: 57 program(s) prioritised — 21 still to assemble
------------------------------------------------------------
[2026-08-24 00:53:11] ACTION=CAPTURE attempted=1 saved=1 failed=0
  Details: Batch finished: 1 saved, 0 failed. Latest: mc-chemeng/subj-chen90013 (3179 chars).
  Queue: 57 program(s) prioritised — 21 still to assemble
------------------------------------------------------------
[2026-08-24 00:54:13] ACTION=CAPTURE attempted=1 saved=1 failed=0
  Details: Batch finished: 1 saved, 0 failed. Latest: mc-chemeng/subj-chen90013-assessment (1835 chars).
  Queue: 57 program(s) prioritised — 21 still to assemble
------------------------------------------------------------
[2026-08-24 00:55:10] ACTION=CAPTURE attempted=1 saved=1 failed=0
  Details: Batch finished: 1 saved, 0 failed. Latest: mc-chemeng/subj-chen90020 (2363 chars).
  Queue: 57 program(s) prioritised — 21 still to assemble
------------------------------------------------------------
[2026-08-24 00:56:11] ACTION=CAPTURE attempted=1 saved=1 failed=0
  Details: Batch finished: 1 saved, 0 failed. Latest: mc-chemeng/subj-chen90020-assessment (1072 chars).
  Queue: 57 program(s) prioritised — 21 still to assemble
------------------------------------------------------------
[2026-08-24 00:57:07] ACTION=CAPTURE attempted=1 saved=1 failed=0
  Details: Batch finished: 1 saved, 0 failed. Latest: mc-chemeng/subj-chen90031 (2383 chars).
  Queue: 57 program(s) prioritised — 21 still to assemble
------------------------------------------------------------
[2026-08-24 00:58:35] ACTION=CAPTURE attempted=1 saved=1 failed=0
  Details: Batch finished: 1 saved, 0 failed. Latest: mc-chemeng/subj-chen90031-assessment (1556 chars).
  Queue: 57 program(s) prioritised — 21 still to assemble
------------------------------------------------------------
[2026-08-24 00:59:10] ACTION=CAPTURE attempted=1 saved=1 failed=0
  Details: Batch finished: 1 saved, 0 failed. Latest: mc-chemeng/subj-chen90032 (4189 chars).
  Queue: 57 program(s) prioritised — 21 still to assemble
------------------------------------------------------------
[2026-08-24 01:00:09] ACTION=CAPTURE attempted=1 saved=1 failed=0
  Details: Batch finished: 1 saved, 0 failed. Latest: mc-chemeng/subj-chen90032-assessment (1773 chars).
  Queue: 57 program(s) prioritised — 21 still to assemble
------------------------------------------------------------
[2026-08-24 01:01:29] ACTION=CAPTURE attempted=1 saved=1 failed=0
  Details: Batch finished: 1 saved, 0 failed. Latest: mc-chemeng/subj-chen90042 (2614 chars).
  Queue: 57 program(s) prioritised — 21 still to assemble
------------------------------------------------------------
[2026-08-24 01:02:10] ACTION=CAPTURE attempted=1 saved=1 failed=0
  Details: Batch finished: 1 saved, 0 failed. Latest: mc-chemeng/subj-chen90042-assessment (1313 chars).
  Queue: 57 program(s) prioritised — 21 still to assemble
------------------------------------------------------------
[2026-08-24 01:03:10] ACTION=CAPTURE attempted=1 saved=1 failed=0
  Details: Batch finished: 1 saved, 0 failed. Latest: mc-chemeng/subj-engr30002 (3029 chars).
  Queue: 57 program(s) prioritised — 21 still to assemble
------------------------------------------------------------
[2026-08-24 01:04:28] ACTION=CAPTURE attempted=1 saved=1 failed=0
  Details: Batch finished: 1 saved, 0 failed. Latest: mc-chemeng/subj-engr30002-assessment (1151 chars).
  Queue: 57 program(s) prioritised — 21 still to assemble
------------------------------------------------------------
[2026-08-24 01:05:10] ACTION=CAPTURE attempted=1 saved=1 failed=0
  Details: Batch finished: 1 saved, 0 failed. Latest: mc-chemeng/subj-engr90051 (3234 chars).
  Queue: 57 program(s) prioritised — 21 still to assemble
------------------------------------------------------------
[2026-08-24 01:06:16] ACTION=CAPTURE attempted=1 saved=1 failed=0
  Details: Batch finished: 1 saved, 0 failed. Latest: mc-chemeng/subj-engr90051-assessment (2701 chars).
  Queue: 57 program(s) prioritised — 21 still to assemble
------------------------------------------------------------
[2026-08-24 01:07:21] ACTION=CAPTURE attempted=1 saved=1 failed=0
  Details: Batch finished: 1 saved, 0 failed. Latest: mc-chemeng/subj-mast20029 (2752 chars).
  Queue: 57 program(s) prioritised — 21 still to assemble
------------------------------------------------------------
[2026-08-24 01:08:08] ACTION=CAPTURE attempted=1 saved=1 failed=0
  Details: Batch finished: 1 saved, 0 failed. Latest: mc-chemeng/subj-mast20029-assessment (2682 chars).
  Queue: 57 program(s) prioritised — 20 still to assemble
------------------------------------------------------------
[2026-08-24 01:09:34] ACTION=CAPTURE attempted=1 saved=1 failed=0
  Details: Batch finished: 1 saved, 0 failed. Latest: mc-civeng/subj-cven20001 (3398 chars).
  Queue: 57 program(s) prioritised — 20 still to assemble
------------------------------------------------------------
[2026-08-24 01:10:11] ACTION=CAPTURE attempted=1 saved=1 failed=0
  Details: Batch finished: 1 saved, 0 failed. Latest: mc-civeng/subj-cven20001-assessment (1638 chars).
  Queue: 57 program(s) prioritised — 20 still to assemble
------------------------------------------------------------
[2026-08-24 01:11:11] ACTION=CAPTURE attempted=1 saved=1 failed=0
  Details: Batch finished: 1 saved, 0 failed. Latest: mc-civeng/subj-cven30008 (3337 chars).
  Queue: 57 program(s) prioritised — 20 still to assemble
------------------------------------------------------------
[2026-08-24 01:12:10] ACTION=CAPTURE attempted=1 saved=1 failed=0
  Details: Batch finished: 1 saved, 0 failed. Latest: mc-civeng/subj-cven30008-assessment (1189 chars).
  Queue: 57 program(s) prioritised — 20 still to assemble
------------------------------------------------------------
[2026-08-24 01:13:13] ACTION=CAPTURE attempted=1 saved=1 failed=0
  Details: Batch finished: 1 saved, 0 failed. Latest: mc-civeng/subj-cven30009 (3089 chars).
  Queue: 57 program(s) prioritised — 20 still to assemble
------------------------------------------------------------
[2026-08-24 01:14:10] ACTION=CAPTURE attempted=1 saved=1 failed=0
  Details: Batch finished: 1 saved, 0 failed. Latest: mc-civeng/subj-cven30009-assessment (1147 chars).
  Queue: 57 program(s) prioritised — 20 still to assemble
------------------------------------------------------------
[2026-08-24 01:15:08] ACTION=CAPTURE attempted=1 saved=1 failed=0
  Details: Batch finished: 1 saved, 0 failed. Latest: mc-civeng/subj-cven30010 (3820 chars).
  Queue: 57 program(s) prioritised — 20 still to assemble
------------------------------------------------------------
[2026-08-24 01:16:13] ACTION=CAPTURE attempted=1 saved=1 failed=0
  Details: Batch finished: 1 saved, 0 failed. Latest: mc-civeng/subj-cven30010-assessment (1237 chars).
  Queue: 57 program(s) prioritised — 20 still to assemble
------------------------------------------------------------
[2026-08-24 01:17:14] ACTION=CAPTURE attempted=1 saved=1 failed=0
  Details: Batch finished: 1 saved, 0 failed. Latest: mc-civeng/subj-cven90044 (4432 chars).
  Queue: 57 program(s) prioritised — 20 still to assemble
------------------------------------------------------------
[2026-08-24 01:18:10] ACTION=CAPTURE attempted=1 saved=1 failed=0
  Details: Batch finished: 1 saved, 0 failed. Latest: mc-civeng/subj-cven90044-assessment (1520 chars).
  Queue: 57 program(s) prioritised — 20 still to assemble
------------------------------------------------------------
[2026-08-24 01:19:12] ACTION=CAPTURE attempted=1 saved=1 failed=0
  Details: Batch finished: 1 saved, 0 failed. Latest: mc-civeng/subj-cven90045 (3242 chars).
  Queue: 57 program(s) prioritised — 20 still to assemble
------------------------------------------------------------
[2026-08-24 01:20:25] ACTION=CAPTURE attempted=1 saved=1 failed=0
  Details: Batch finished: 1 saved, 0 failed. Latest: mc-civeng/subj-cven90045-assessment (1233 chars).
  Queue: 57 program(s) prioritised — 20 still to assemble
------------------------------------------------------------
[2026-08-24 01:21:08] ACTION=CAPTURE attempted=1 saved=1 failed=0
  Details: Batch finished: 1 saved, 0 failed. Latest: mc-civeng/subj-cven90049 (2867 chars).
  Queue: 57 program(s) prioritised — 20 still to assemble
------------------------------------------------------------
[2026-08-24 01:22:08] ACTION=CAPTURE attempted=1 saved=1 failed=0
  Details: Batch finished: 1 saved, 0 failed. Latest: mc-civeng/subj-cven90049-assessment (2393 chars).
  Queue: 57 program(s) prioritised — 20 still to assemble
------------------------------------------------------------
[2026-08-24 01:23:10] ACTION=CAPTURE attempted=1 saved=1 failed=0
  Details: Batch finished: 1 saved, 0 failed. Latest: mc-civeng/subj-cven90050 (3544 chars).
  Queue: 57 program(s) prioritised — 20 still to assemble
------------------------------------------------------------
[2026-08-24 01:24:09] ACTION=CAPTURE attempted=1 saved=1 failed=0
  Details: Batch finished: 1 saved, 0 failed. Latest: mc-civeng/subj-cven90050-assessment (2004 chars).
  Queue: 57 program(s) prioritised — 20 still to assemble
------------------------------------------------------------
[2026-08-24 01:25:07] ACTION=CAPTURE attempted=1 saved=1 failed=0
  Details: Batch finished: 1 saved, 0 failed. Latest: mc-civeng/subj-cven90051 (3838 chars).
  Queue: 57 program(s) prioritised — 20 still to assemble
------------------------------------------------------------
[2026-08-24 01:26:10] ACTION=CAPTURE attempted=1 saved=1 failed=0
  Details: Batch finished: 1 saved, 0 failed. Latest: mc-civeng/subj-cven90051-assessment (2821 chars).
  Queue: 57 program(s) prioritised — 20 still to assemble
------------------------------------------------------------
[2026-08-24 01:27:08] ACTION=CAPTURE attempted=1 saved=1 failed=0
  Details: Batch finished: 1 saved, 0 failed. Latest: mc-civeng/subj-cven90060 (2506 chars).
  Queue: 57 program(s) prioritised — 20 still to assemble
------------------------------------------------------------
[2026-08-24 01:28:19] ACTION=CAPTURE attempted=1 saved=1 failed=0
  Details: Batch finished: 1 saved, 0 failed. Latest: mc-civeng/subj-cven90060-assessment (1594 chars).
  Queue: 57 program(s) prioritised — 20 still to assemble
------------------------------------------------------------
[2026-08-24 01:29:17] ACTION=CAPTURE attempted=1 saved=1 failed=0
  Details: Batch finished: 1 saved, 0 failed. Latest: mc-civeng/subj-cven90075 (2713 chars).
  Queue: 57 program(s) prioritised — 20 still to assemble
------------------------------------------------------------
[2026-08-24 01:30:16] ACTION=CAPTURE attempted=1 saved=1 failed=0
  Details: Batch finished: 1 saved, 0 failed. Latest: mc-civeng/subj-cven90075-assessment (1836 chars).
  Queue: 57 program(s) prioritised — 20 still to assemble
------------------------------------------------------------
[2026-08-24 01:31:20] ACTION=CAPTURE attempted=1 saved=1 failed=0
  Details: Batch finished: 1 saved, 0 failed. Latest: mc-civeng/subj-enen20002 (2912 chars).
  Queue: 57 program(s) prioritised — 20 still to assemble
------------------------------------------------------------
[2026-08-24 01:32:10] ACTION=CAPTURE attempted=1 saved=1 failed=0
  Details: Batch finished: 1 saved, 0 failed. Latest: mc-civeng/subj-enen20002-assessment (1943 chars).
  Queue: 57 program(s) prioritised — 20 still to assemble
------------------------------------------------------------
[2026-08-24 01:33:15] ACTION=CAPTURE attempted=1 saved=1 failed=0
  Details: Batch finished: 1 saved, 0 failed. Latest: mc-civeng/subj-engr20003 (3274 chars).
  Queue: 57 program(s) prioritised — 20 still to assemble
------------------------------------------------------------
[2026-08-24 01:34:12] ACTION=CAPTURE attempted=1 saved=1 failed=0
  Details: Batch finished: 1 saved, 0 failed. Latest: mc-civeng/subj-engr20003-assessment (1692 chars).
  Queue: 57 program(s) prioritised — 20 still to assemble
------------------------------------------------------------
[2026-08-24 01:35:11] ACTION=CAPTURE attempted=1 saved=1 failed=0
  Details: Batch finished: 1 saved, 0 failed. Latest: mc-civeng/subj-engr30002 (3029 chars).
  Queue: 57 program(s) prioritised — 20 still to assemble
------------------------------------------------------------
[2026-08-24 01:36:09] ACTION=CAPTURE attempted=1 saved=1 failed=0
  Details: Batch finished: 1 saved, 0 failed. Latest: mc-civeng/subj-engr30002-assessment (1151 chars).
  Queue: 57 program(s) prioritised — 20 still to assemble
------------------------------------------------------------
[2026-08-24 01:37:25] ACTION=CAPTURE attempted=1 saved=1 failed=0
  Details: Batch finished: 1 saved, 0 failed. Latest: mc-civeng/subj-engr90051 (3234 chars).
  Queue: 57 program(s) prioritised — 20 still to assemble
------------------------------------------------------------
[2026-08-24 01:38:19] ACTION=CAPTURE attempted=1 saved=1 failed=0
  Details: Batch finished: 1 saved, 0 failed. Latest: mc-civeng/subj-engr90051-assessment (2701 chars).
  Queue: 57 program(s) prioritised — 20 still to assemble
------------------------------------------------------------
[2026-08-24 01:39:10] ACTION=CAPTURE attempted=1 saved=1 failed=0
  Details: Batch finished: 1 saved, 0 failed. Latest: mc-civeng/subj-mast20029 (2752 chars).
  Queue: 57 program(s) prioritised — 20 still to assemble
------------------------------------------------------------
[2026-08-24 01:40:15] ACTION=CAPTURE attempted=1 saved=1 failed=0
  Details: Batch finished: 1 saved, 0 failed. Latest: mc-civeng/subj-mast20029-assessment (2682 chars).
  Queue: 57 program(s) prioritised — 19 still to assemble
------------------------------------------------------------
[2026-08-24 01:41:08] ACTION=CAPTURE attempted=1 saved=1 failed=0
  Details: Batch finished: 1 saved, 0 failed. Latest: mc-cm/specialisations (1471 chars).
  Queue: 57 program(s) prioritised — 19 still to assemble
------------------------------------------------------------
[2026-08-24 01:42:13] ACTION=CAPTURE attempted=1 saved=1 failed=0
  Details: Batch finished: 1 saved, 0 failed. Latest: mc-cm/comp-mc-cm-entry-1 (811 chars).
  Queue: 57 program(s) prioritised — 19 still to assemble
------------------------------------------------------------
[2026-08-24 01:43:11] ACTION=CAPTURE attempted=1 saved=1 failed=0
  Details: Batch finished: 1 saved, 0 failed. Latest: mc-cm/comp-mc-cm-entry-2 (1708 chars).
  Queue: 57 program(s) prioritised — 19 still to assemble
------------------------------------------------------------
[2026-08-24 01:44:15] ACTION=CAPTURE attempted=1 saved=1 failed=0
  Details: Batch finished: 1 saved, 0 failed. Latest: mc-cm/subj-abpl90086 (2735 chars).
  Queue: 57 program(s) prioritised — 19 still to assemble
------------------------------------------------------------
[2026-08-24 01:45:12] ACTION=CAPTURE attempted=1 saved=1 failed=0
  Details: Batch finished: 1 saved, 0 failed. Latest: mc-cm/subj-abpl90086-assessment (1514 chars).
  Queue: 57 program(s) prioritised — 19 still to assemble
------------------------------------------------------------
[2026-08-24 01:46:12] ACTION=CAPTURE attempted=1 saved=1 failed=0
  Details: Batch finished: 1 saved, 0 failed. Latest: mc-cm/subj-abpl90292 (3179 chars).
  Queue: 57 program(s) prioritised — 19 still to assemble
------------------------------------------------------------
[2026-08-24 01:47:15] ACTION=CAPTURE attempted=1 saved=1 failed=0
  Details: Batch finished: 1 saved, 0 failed. Latest: mc-cm/subj-abpl90292-assessment (1284 chars).
  Queue: 57 program(s) prioritised — 19 still to assemble
------------------------------------------------------------
[2026-08-24 01:48:08] ACTION=CAPTURE attempted=1 saved=1 failed=0
  Details: Batch finished: 1 saved, 0 failed. Latest: mc-cm/subj-abpl90293 (2915 chars).
  Queue: 57 program(s) prioritised — 19 still to assemble
------------------------------------------------------------
[2026-08-24 01:49:10] ACTION=CAPTURE attempted=1 saved=1 failed=0
  Details: Batch finished: 1 saved, 0 failed. Latest: mc-cm/subj-abpl90293-assessment (1135 chars).
  Queue: 57 program(s) prioritised — 19 still to assemble
------------------------------------------------------------
[2026-08-24 01:50:18] ACTION=CAPTURE attempted=1 saved=1 failed=0
  Details: Batch finished: 1 saved, 0 failed. Latest: mc-cm/subj-abpl90312 (2939 chars).
  Queue: 57 program(s) prioritised — 19 still to assemble
------------------------------------------------------------
[2026-08-24 01:51:17] ACTION=CAPTURE attempted=1 saved=1 failed=0
  Details: Batch finished: 1 saved, 0 failed. Latest: mc-cm/subj-abpl90312-assessment (1234 chars).
  Queue: 57 program(s) prioritised — 19 still to assemble
------------------------------------------------------------
[2026-08-24 01:52:19] ACTION=CAPTURE attempted=1 saved=1 failed=0
  Details: Batch finished: 1 saved, 0 failed. Latest: mc-cm/subj-abpl90313 (2497 chars).
  Queue: 57 program(s) prioritised — 19 still to assemble
------------------------------------------------------------
[2026-08-24 01:53:11] ACTION=CAPTURE attempted=1 saved=1 failed=0
  Details: Batch finished: 1 saved, 0 failed. Latest: mc-cm/subj-abpl90313-assessment (1402 chars).
  Queue: 57 program(s) prioritised — 19 still to assemble
------------------------------------------------------------
[2026-08-24 01:54:15] ACTION=CAPTURE attempted=1 saved=1 failed=0
  Details: Batch finished: 1 saved, 0 failed. Latest: mc-cm/subj-abpl90324 (2345 chars).
  Queue: 57 program(s) prioritised — 19 still to assemble
------------------------------------------------------------
[2026-08-24 01:55:20] ACTION=CAPTURE attempted=1 saved=1 failed=0
  Details: Batch finished: 1 saved, 0 failed. Latest: mc-cm/subj-abpl90324-assessment (966 chars).
  Queue: 57 program(s) prioritised — 19 still to assemble
------------------------------------------------------------
[2026-08-24 01:56:07] ACTION=CAPTURE attempted=1 saved=1 failed=0
  Details: Batch finished: 1 saved, 0 failed. Latest: mc-cm/subj-abpl90335 (2875 chars).
  Queue: 57 program(s) prioritised — 19 still to assemble
------------------------------------------------------------
[2026-08-24 01:57:11] ACTION=CAPTURE attempted=1 saved=1 failed=0
  Details: Batch finished: 1 saved, 0 failed. Latest: mc-cm/subj-abpl90335-assessment (1195 chars).
  Queue: 57 program(s) prioritised — 19 still to assemble
------------------------------------------------------------
[2026-08-24 01:58:13] ACTION=CAPTURE attempted=1 saved=1 failed=0
  Details: Batch finished: 1 saved, 0 failed. Latest: mc-cm/subj-abpl90435 (2516 chars).
  Queue: 57 program(s) prioritised — 19 still to assemble
------------------------------------------------------------
[2026-08-24 01:59:11] ACTION=CAPTURE attempted=1 saved=1 failed=0
  Details: Batch finished: 1 saved, 0 failed. Latest: mc-cm/subj-abpl90435-assessment (1042 chars).
  Queue: 57 program(s) prioritised — 18 still to assemble
------------------------------------------------------------
[2026-08-24 02:00:14] ACTION=CAPTURE attempted=1 saved=1 failed=0
  Details: Batch finished: 1 saved, 0 failed. Latest: mc-eco/subj-ecom30002 (2300 chars).
  Queue: 57 program(s) prioritised — 18 still to assemble
------------------------------------------------------------
[2026-08-24 02:01:24] ACTION=CAPTURE attempted=1 saved=1 failed=0
  Details: Batch finished: 1 saved, 0 failed. Latest: mc-eco/subj-ecom30002-assessment (888 chars).
  Queue: 57 program(s) prioritised — 18 still to assemble
------------------------------------------------------------
[2026-08-24 02:02:14] ACTION=CAPTURE attempted=1 saved=1 failed=0
  Details: Batch finished: 1 saved, 0 failed. Latest: mc-eco/subj-ecom40006 (2149 chars).
  Queue: 57 program(s) prioritised — 18 still to assemble
------------------------------------------------------------
[2026-08-24 02:03:14] ACTION=CAPTURE attempted=1 saved=1 failed=0
  Details: Batch finished: 1 saved, 0 failed. Latest: mc-eco/subj-ecom40006-assessment (810 chars).
  Queue: 57 program(s) prioritised — 18 still to assemble
------------------------------------------------------------
[2026-08-24 02:04:09] ACTION=CAPTURE attempted=1 saved=1 failed=0
  Details: Batch finished: 1 saved, 0 failed. Latest: mc-eco/subj-ecom90005 (2023 chars).
  Queue: 57 program(s) prioritised — 18 still to assemble
------------------------------------------------------------
[2026-08-24 02:05:12] ACTION=CAPTURE attempted=1 saved=1 failed=0
  Details: Batch finished: 1 saved, 0 failed. Latest: mc-eco/subj-ecom90005-assessment (856 chars).
  Queue: 57 program(s) prioritised — 18 still to assemble
------------------------------------------------------------
[2026-08-24 02:06:26] ACTION=CAPTURE attempted=1 saved=1 failed=0
  Details: Batch finished: 1 saved, 0 failed. Latest: mc-eco/subj-ecom90007 (2948 chars).
  Queue: 57 program(s) prioritised — 18 still to assemble
------------------------------------------------------------
[2026-08-24 02:07:14] ACTION=CAPTURE attempted=1 saved=1 failed=0
  Details: Batch finished: 1 saved, 0 failed. Latest: mc-eco/subj-ecom90007-assessment (1199 chars).
  Queue: 57 program(s) prioritised — 18 still to assemble
------------------------------------------------------------
[2026-08-24 02:08:15] ACTION=CAPTURE attempted=1 saved=1 failed=0
  Details: Batch finished: 1 saved, 0 failed. Latest: mc-eco/subj-ecom90012 (2842 chars).
  Queue: 57 program(s) prioritised — 18 still to assemble
------------------------------------------------------------
[2026-08-24 02:09:23] ACTION=CAPTURE attempted=1 saved=1 failed=0
  Details: Batch finished: 1 saved, 0 failed. Latest: mc-eco/subj-ecom90012-assessment (1104 chars).
  Queue: 57 program(s) prioritised — 18 still to assemble
------------------------------------------------------------
[2026-08-24 02:10:10] ACTION=CAPTURE attempted=1 saved=1 failed=0
  Details: Batch finished: 1 saved, 0 failed. Latest: mc-eco/subj-econ40001 (2216 chars).
  Queue: 57 program(s) prioritised — 18 still to assemble
------------------------------------------------------------
[2026-08-24 02:11:10] ACTION=CAPTURE attempted=1 saved=1 failed=0
  Details: Batch finished: 1 saved, 0 failed. Latest: mc-eco/subj-econ40001-assessment (900 chars).
  Queue: 57 program(s) prioritised — 18 still to assemble
------------------------------------------------------------
[2026-08-24 02:12:19] ACTION=CAPTURE attempted=1 saved=1 failed=0
  Details: Batch finished: 1 saved, 0 failed. Latest: mc-eco/subj-econ40002 (2410 chars).
  Queue: 57 program(s) prioritised — 18 still to assemble
------------------------------------------------------------
[2026-08-24 02:13:12] ACTION=CAPTURE attempted=1 saved=1 failed=0
  Details: Batch finished: 1 saved, 0 failed. Latest: mc-eco/subj-econ40002-assessment (1004 chars).
  Queue: 57 program(s) prioritised — 18 still to assemble
------------------------------------------------------------
[2026-08-24 02:14:11] ACTION=CAPTURE attempted=1 saved=1 failed=0
  Details: Batch finished: 1 saved, 0 failed. Latest: mc-eco/subj-econ90002 (2042 chars).
  Queue: 57 program(s) prioritised — 18 still to assemble
------------------------------------------------------------
[2026-08-24 02:15:17] ACTION=CAPTURE attempted=1 saved=1 failed=0
  Details: Batch finished: 1 saved, 0 failed. Latest: mc-eco/subj-econ90002-assessment (869 chars).
  Queue: 57 program(s) prioritised — 18 still to assemble
------------------------------------------------------------
[2026-08-24 02:16:13] ACTION=CAPTURE attempted=1 saved=1 failed=0
  Details: Batch finished: 1 saved, 0 failed. Latest: mc-eco/subj-econ90003 (2270 chars).
  Queue: 57 program(s) prioritised — 18 still to assemble
------------------------------------------------------------
[2026-08-24 02:17:10] ACTION=CAPTURE attempted=1 saved=1 failed=0
  Details: Batch finished: 1 saved, 0 failed. Latest: mc-eco/subj-econ90003-assessment (913 chars).
  Queue: 57 program(s) prioritised — 18 still to assemble
------------------------------------------------------------
[2026-08-24 02:18:13] ACTION=CAPTURE attempted=1 saved=1 failed=0
  Details: Batch finished: 1 saved, 0 failed. Latest: mc-eco/subj-econ90011 (1813 chars).
  Queue: 57 program(s) prioritised — 18 still to assemble
------------------------------------------------------------
[2026-08-24 02:19:10] ACTION=CAPTURE attempted=1 saved=1 failed=0
  Details: Batch finished: 1 saved, 0 failed. Latest: mc-eco/subj-econ90011-assessment (802 chars).
  Queue: 57 program(s) prioritised — 18 still to assemble
------------------------------------------------------------
[2026-08-24 02:20:11] ACTION=CAPTURE attempted=1 saved=1 failed=0
  Details: Batch finished: 1 saved, 0 failed. Latest: mc-eco/subj-econ90013 (2254 chars).
  Queue: 57 program(s) prioritised — 18 still to assemble
------------------------------------------------------------
[2026-08-24 02:21:09] ACTION=CAPTURE attempted=1 saved=1 failed=0
  Details: Batch finished: 1 saved, 0 failed. Latest: mc-eco/subj-econ90013-assessment (1022 chars).
  Queue: 57 program(s) prioritised — 18 still to assemble
------------------------------------------------------------
[2026-08-24 02:22:23] ACTION=CAPTURE attempted=1 saved=1 failed=0
  Details: Batch finished: 1 saved, 0 failed. Latest: mc-eco/subj-econ90021 (1960 chars).
  Queue: 57 program(s) prioritised — 18 still to assemble
------------------------------------------------------------
[2026-08-24 02:23:11] ACTION=CAPTURE attempted=1 saved=1 failed=0
  Details: Batch finished: 1 saved, 0 failed. Latest: mc-eco/subj-econ90021-assessment (640 chars).
  Queue: 57 program(s) prioritised — 18 still to assemble
------------------------------------------------------------
[2026-08-24 02:24:11] ACTION=CAPTURE attempted=1 saved=1 failed=0
  Details: Batch finished: 1 saved, 0 failed. Latest: mc-eco/subj-econ90022 (1592 chars).
  Queue: 57 program(s) prioritised — 18 still to assemble
------------------------------------------------------------
[2026-08-24 02:25:17] ACTION=CAPTURE attempted=1 saved=1 failed=0
  Details: Batch finished: 1 saved, 0 failed. Latest: mc-eco/subj-econ90022-assessment (962 chars).
  Queue: 57 program(s) prioritised — 18 still to assemble
------------------------------------------------------------
[2026-08-24 02:26:09] ACTION=CAPTURE attempted=1 saved=1 failed=0
  Details: Batch finished: 1 saved, 0 failed. Latest: mc-eco/subj-econ90023 (2302 chars).
  Queue: 57 program(s) prioritised — 18 still to assemble
------------------------------------------------------------
[2026-08-24 02:27:16] ACTION=CAPTURE attempted=1 saved=1 failed=0
  Details: Batch finished: 1 saved, 0 failed. Latest: mc-eco/subj-econ90023-assessment (674 chars).
  Queue: 57 program(s) prioritised — 18 still to assemble
------------------------------------------------------------
[2026-08-24 05:36:12] ACTION=CAPTURE attempted=1 saved=1 failed=0
  Details: Batch finished: 1 saved, 0 failed. Latest: mc-eco/subj-econ90028 (1807 chars).
  Queue: 57 program(s) prioritised — 18 still to assemble
------------------------------------------------------------
[2026-08-24 05:37:10] ACTION=CAPTURE attempted=1 saved=1 failed=0
  Details: Batch finished: 1 saved, 0 failed. Latest: mc-eco/subj-econ90028-assessment (1048 chars).
  Queue: 57 program(s) prioritised — 18 still to assemble
------------------------------------------------------------
[2026-08-24 05:38:20] ACTION=CAPTURE attempted=1 saved=1 failed=0
  Details: Batch finished: 1 saved, 0 failed. Latest: mc-eco/subj-econ90068 (2574 chars).
  Queue: 57 program(s) prioritised — 18 still to assemble
------------------------------------------------------------
[2026-08-24 05:39:08] ACTION=CAPTURE attempted=1 saved=1 failed=0
  Details: Batch finished: 1 saved, 0 failed. Latest: mc-eco/subj-econ90068-assessment (729 chars).
  Queue: 57 program(s) prioritised — 17 still to assemble
------------------------------------------------------------
[2026-08-24 05:39:48] ACTION=CAPTURE attempted=1 saved=1 failed=0
  Details: Batch finished: 1 saved, 0 failed. Latest: mc-engysys/subj-econ90015 (3255 chars).
  Queue: 57 program(s) prioritised — 17 still to assemble
------------------------------------------------------------
[2026-08-24 05:40:03] ACTION=CAPTURE attempted=1 saved=1 failed=0
  Details: Batch finished: 1 saved, 0 failed. Latest: mc-engysys/subj-econ90015-assessment (1013 chars).
  Queue: 57 program(s) prioritised — 17 still to assemble
------------------------------------------------------------
[2026-08-24 05:40:11] ACTION=CAPTURE attempted=1 saved=1 failed=0
  Details: Batch finished: 1 saved, 0 failed. Latest: mc-engysys/subj-elen90069 (2172 chars).
  Queue: 57 program(s) prioritised — 17 still to assemble
------------------------------------------------------------
[2026-08-24 05:41:10] ACTION=CAPTURE attempted=1 saved=1 failed=0
  Details: Batch finished: 1 saved, 0 failed. Latest: mc-engysys/subj-elen90069-assessment (1019 chars).
  Queue: 57 program(s) prioritised — 17 still to assemble
------------------------------------------------------------
[2026-08-24 05:41:43] ACTION=CAPTURE attempted=1 saved=1 failed=0
  Details: Batch finished: 1 saved, 0 failed. Latest: mc-engysys/subj-enen90033 (2819 chars).
  Queue: 57 program(s) prioritised — 17 still to assemble
------------------------------------------------------------
[2026-08-24 05:42:08] ACTION=CAPTURE attempted=1 saved=1 failed=0
  Details: Batch finished: 1 saved, 0 failed. Latest: mc-engysys/subj-enen90033-assessment (936 chars).
  Queue: 57 program(s) prioritised — 17 still to assemble
------------------------------------------------------------
[2026-08-24 05:42:29] ACTION=CAPTURE attempted=1 saved=1 failed=0
  Details: Batch finished: 1 saved, 0 failed. Latest: mc-engysys/subj-engr90028 (2025 chars).
  Queue: 57 program(s) prioritised — 17 still to assemble
------------------------------------------------------------
[2026-08-24 05:42:55] ACTION=CAPTURE attempted=1 saved=1 failed=0
  Details: Batch finished: 1 saved, 0 failed. Latest: mc-engysys/subj-engr90028-assessment (1154 chars).
  Queue: 57 program(s) prioritised — 17 still to assemble
------------------------------------------------------------
[2026-08-24 05:43:32] ACTION=CAPTURE attempted=1 saved=1 failed=0
  Details: Batch finished: 1 saved, 0 failed. Latest: mc-engysys/subj-engr90029 (3009 chars).
  Queue: 57 program(s) prioritised — 17 still to assemble
------------------------------------------------------------
[2026-08-24 05:44:09] ACTION=CAPTURE attempted=1 saved=1 failed=0
  Details: Batch finished: 1 saved, 0 failed. Latest: mc-engysys/subj-engr90029-assessment (1036 chars).
  Queue: 57 program(s) prioritised — 17 still to assemble
------------------------------------------------------------
[2026-08-24 05:45:08] ACTION=CAPTURE attempted=1 saved=1 failed=0
  Details: Batch finished: 1 saved, 0 failed. Latest: mc-engysys/subj-engr90030 (1887 chars).
  Queue: 57 program(s) prioritised — 17 still to assemble
------------------------------------------------------------
[2026-08-24 05:45:25] ACTION=CAPTURE attempted=1 saved=1 failed=0
  Details: Batch finished: 1 saved, 0 failed. Latest: mc-engysys/subj-engr90030-assessment (856 chars).
  Queue: 57 program(s) prioritised — 17 still to assemble
------------------------------------------------------------
[2026-08-24 05:46:09] ACTION=CAPTURE attempted=1 saved=1 failed=0
  Details: Batch finished: 1 saved, 0 failed. Latest: mc-engysys/subj-engr90031 (2053 chars).
  Queue: 57 program(s) prioritised — 17 still to assemble
------------------------------------------------------------
[2026-08-24 05:47:10] ACTION=CAPTURE attempted=1 saved=1 failed=0
  Details: Batch finished: 1 saved, 0 failed. Latest: mc-engysys/subj-engr90031-assessment (1065 chars).
  Queue: 57 program(s) prioritised — 17 still to assemble
------------------------------------------------------------
[2026-08-24 05:47:36] ACTION=CAPTURE attempted=1 saved=1 failed=0
  Details: Batch finished: 1 saved, 0 failed. Latest: mc-engysys/subj-engr90032 (1978 chars).
  Queue: 57 program(s) prioritised — 17 still to assemble
------------------------------------------------------------
[2026-08-24 05:47:52] ACTION=CAPTURE attempted=1 saved=1 failed=0
  Details: Batch finished: 1 saved, 0 failed. Latest: mc-engysys/subj-engr90032-assessment (891 chars).
  Queue: 57 program(s) prioritised — 17 still to assemble
------------------------------------------------------------
[2026-08-24 05:48:09] ACTION=CAPTURE attempted=1 saved=1 failed=0
  Details: Batch finished: 1 saved, 0 failed. Latest: mc-engysys/subj-enst90033 (3050 chars).
  Queue: 57 program(s) prioritised — 17 still to assemble
------------------------------------------------------------
[2026-08-24 05:48:54] ACTION=CAPTURE attempted=1 saved=1 failed=0
  Details: Batch finished: 1 saved, 0 failed. Latest: mc-engysys/subj-enst90033-assessment (893 chars).
  Queue: 57 program(s) prioritised — 17 still to assemble
------------------------------------------------------------
[2026-08-24 05:49:13] ACTION=CAPTURE attempted=1 saved=1 failed=0
  Details: Batch finished: 1 saved, 0 failed. Latest: mc-engysys/subj-enst90034 (2599 chars).
  Queue: 57 program(s) prioritised — 17 still to assemble
------------------------------------------------------------
[2026-08-24 05:50:10] ACTION=CAPTURE attempted=1 saved=1 failed=0
  Details: Batch finished: 1 saved, 0 failed. Latest: mc-engysys/subj-enst90034-assessment (739 chars).
  Queue: 57 program(s) prioritised — 17 still to assemble
------------------------------------------------------------
[2026-08-24 05:50:39] ACTION=CAPTURE attempted=1 saved=1 failed=0
  Details: Batch finished: 1 saved, 0 failed. Latest: mc-engysys/subj-evsc90020 (2243 chars).
  Queue: 57 program(s) prioritised — 17 still to assemble
------------------------------------------------------------
[2026-08-24 05:51:02] ACTION=CAPTURE attempted=1 saved=1 failed=0
  Details: Batch finished: 1 saved, 0 failed. Latest: mc-engysys/subj-evsc90020-assessment (835 chars).
  Queue: 57 program(s) prioritised — 17 still to assemble
------------------------------------------------------------
[2026-08-24 05:51:12] ACTION=CAPTURE attempted=1 saved=1 failed=0
  Details: Batch finished: 1 saved, 0 failed. Latest: mc-engysys/subj-fnce90060 (3462 chars).
  Queue: 57 program(s) prioritised — 17 still to assemble
------------------------------------------------------------
[2026-08-24 05:51:25] ACTION=CAPTURE attempted=1 saved=1 failed=0
  Details: Batch finished: 1 saved, 0 failed. Latest: mc-engysys/subj-fnce90060-assessment (985 chars).
  Queue: 57 program(s) prioritised — 17 still to assemble
------------------------------------------------------------
[2026-08-24 05:52:02] ACTION=CAPTURE attempted=1 saved=1 failed=0
  Details: Batch finished: 1 saved, 0 failed. Latest: mc-engysys/subj-laws70469 (3342 chars).
  Queue: 57 program(s) prioritised — 17 still to assemble
------------------------------------------------------------
[2026-08-24 05:52:10] ACTION=CAPTURE attempted=1 saved=1 failed=0
  Details: Batch finished: 1 saved, 0 failed. Latest: mc-engysys/subj-laws70469-assessment (931 chars).
  Queue: 57 program(s) prioritised — 17 still to assemble
------------------------------------------------------------
[2026-08-24 05:53:10] ACTION=CAPTURE attempted=1 saved=1 failed=0
  Details: Batch finished: 1 saved, 0 failed. Latest: mc-engysys/subj-mast90014 (2356 chars).
  Queue: 57 program(s) prioritised — 17 still to assemble
------------------------------------------------------------
[2026-08-24 05:54:08] ACTION=CAPTURE attempted=1 saved=1 failed=0
  Details: Batch finished: 1 saved, 0 failed. Latest: mc-env/specialisations (1199 chars).
  Queue: 57 program(s) prioritised — 17 still to assemble
------------------------------------------------------------
[2026-08-24 05:55:04] ACTION=CAPTURE attempted=2 saved=2 failed=0
  Details: Batch finished: 2 saved, 0 failed. Latest: mc-env/comp-mc-env-spec-1 (12012 chars).
  Queue: Status unavailable
------------------------------------------------------------
[2026-08-24 05:55:07] ACTION=CAPTURE attempted=1 saved=0 failed=1
  Details: Batch finished: 0 saved, 1 failed.
  Queue: Status unavailable
------------------------------------------------------------
[2026-08-24 05:55:20] ACTION=CAPTURE attempted=5 saved=4 failed=1
  Details: Batch finished: 4 saved, 1 failed. Latest: mc-engysys/subj-scie90014 (2205 chars).
  Queue: Status unavailable
------------------------------------------------------------
[2026-08-24 05:55:49] ACTION=CAPTURE attempted=1 saved=1 failed=0
  Details: Batch finished: 1 saved, 0 failed. Latest: mc-env/comp-mc-env-spec-10 (9778 chars).
  Queue: 57 program(s) prioritised — 17 still to assemble
------------------------------------------------------------
[2026-08-24 05:55:56] ACTION=IDLE attempted=0 saved=0 failed=0
  Details: All target pages in flight or complete
  Queue: 57 program(s) prioritised — 17 still to assemble
------------------------------------------------------------
[2026-08-24 05:56:14] ACTION=CAPTURE attempted=1 saved=1 failed=0
  Details: Batch finished: 1 saved, 0 failed. Latest: mc-env/comp-mc-env-spec-11 (9119 chars).
  Queue: 57 program(s) prioritised — 16 still to assemble
------------------------------------------------------------
[2026-08-24 05:58:09] ACTION=CAPTURE attempted=1 saved=1 failed=0
  Details: Batch finished: 1 saved, 0 failed. Latest: mc-env/comp-mc-env-spec-2 (9613 chars).
  Queue: 57 program(s) prioritised — 16 still to assemble
------------------------------------------------------------
[2026-08-24 05:58:26] ACTION=CAPTURE attempted=1 saved=1 failed=0
  Details: Batch finished: 1 saved, 0 failed. Latest: 572at/specialisations (806 chars).
  Queue: 57 program(s) prioritised — 16 still to assemble
------------------------------------------------------------
[2026-08-24 05:59:08] ACTION=CAPTURE attempted=1 saved=0 failed=1
  Details: Batch finished: 0 saved, 1 failed.
  Queue: 57 program(s) prioritised — 16 still to assemble
------------------------------------------------------------
[2026-08-24 05:59:10] ACTION=CAPTURE attempted=2 saved=2 failed=0
  Details: Batch finished: 2 saved, 0 failed. Latest: mc-evalo/structure (10317 chars).
  Queue: 57 program(s) prioritised — 16 still to assemble
------------------------------------------------------------
[2026-08-24 05:59:50] ACTION=CAPTURE attempted=2 saved=2 failed=0
  Details: Batch finished: 2 saved, 0 failed. Latest: 635aa/structure (9461 chars).
  Queue: 57 program(s) prioritised — 16 still to assemble
------------------------------------------------------------
[2026-08-24 06:00:54] ACTION=CAPTURE attempted=3 saved=3 failed=0
  Details: Batch finished: 3 saved, 0 failed. Latest: mc-finance/structure (6039 chars).
  Queue: 57 program(s) prioritised — 16 still to assemble
------------------------------------------------------------
[2026-08-24 06:01:54] ACTION=CAPTURE attempted=3 saved=3 failed=0
  Details: Batch finished: 3 saved, 0 failed. Latest: mc-gmcom/structure (4476 chars).
  Queue: 57 program(s) prioritised — 16 still to assemble
------------------------------------------------------------
[2026-08-24 06:02:08] ACTION=CAPTURE attempted=1 saved=1 failed=0
  Details: Batch finished: 1 saved, 0 failed. Latest: mc-gmcom/specialisations (829 chars).
  Queue: 57 program(s) prioritised — 16 still to assemble
------------------------------------------------------------
[2026-08-24 06:03:12] ACTION=CAPTURE attempted=3 saved=3 failed=0
  Details: Batch finished: 3 saved, 0 failed. Latest: mc-gmcom/comp-mc-gmcom-entry-3 (5603 chars).
  Queue: 57 program(s) prioritised — 16 still to assemble
------------------------------------------------------------
[2026-08-24 06:04:14] ACTION=CAPTURE attempted=3 saved=3 failed=0
  Details: Batch finished: 3 saved, 0 failed. Latest: mc-inslead/structure (7585 chars).
  Queue: 57 program(s) prioritised — 16 still to assemble
------------------------------------------------------------
[2026-08-24 06:05:14] ACTION=CAPTURE attempted=3 saved=3 failed=0
  Details: Batch finished: 3 saved, 0 failed. Latest: mc-ir/structure (3090 chars).
  Queue: 57 program(s) prioritised — 16 still to assemble
------------------------------------------------------------
[2026-08-24 06:05:27] ACTION=CAPTURE attempted=1 saved=1 failed=0
  Details: Batch finished: 1 saved, 0 failed. Latest: mc-ir/specialisations (850 chars).
  Queue: 57 program(s) prioritised — 16 still to assemble
------------------------------------------------------------
[2026-08-24 06:06:31] ACTION=CAPTURE attempted=3 saved=3 failed=0
  Details: Batch finished: 3 saved, 0 failed. Latest: mc-ir/comp-mc-ir-entry-3 (9294 chars).
  Queue: 57 program(s) prioritised — 16 still to assemble
------------------------------------------------------------
[2026-08-24 06:07:31] ACTION=CAPTURE attempted=3 saved=3 failed=0
  Details: Batch finished: 3 saved, 0 failed. Latest: mc-it/structure (1606 chars).
  Queue: 57 program(s) prioritised — 16 still to assemble
------------------------------------------------------------
[2026-08-24 06:07:45] ACTION=CAPTURE attempted=1 saved=1 failed=0
  Details: Batch finished: 1 saved, 0 failed. Latest: mc-it/specialisations (1127 chars).
  Queue: 57 program(s) prioritised — 16 still to assemble
------------------------------------------------------------
[2026-08-24 06:08:44] ACTION=CAPTURE attempted=3 saved=3 failed=0
  Details: Batch finished: 3 saved, 0 failed. Latest: mc-it/comp-mc-it-entry-3 (725 chars).
  Queue: 57 program(s) prioritised — 16 still to assemble
------------------------------------------------------------
[2026-08-24 06:10:28] ACTION=CAPTURE attempted=3 saved=3 failed=0
  Details: Batch finished: 3 saved, 0 failed. Latest: mc-it/comp-mc-it-entry-3-specs (934 chars).
  Queue: 57 program(s) prioritised — 16 still to assemble
------------------------------------------------------------
[2026-08-24 06:12:39] ACTION=CAPTURE attempted=5 saved=5 failed=0
  Details: Batch finished: 5 saved, 0 failed. Latest: mc-it/comp-mc-it-spec-5-100 (3494 chars).
  Queue: 57 program(s) prioritised — 16 still to assemble
------------------------------------------------------------
[2026-08-24 06:13:41] ACTION=CAPTURE attempted=3 saved=3 failed=0
  Details: Batch finished: 3 saved, 0 failed. Latest: mc-mecheng/structure (10628 chars).
  Queue: 57 program(s) prioritised — 16 still to assemble
------------------------------------------------------------
[2026-08-24 06:14:42] ACTION=CAPTURE attempted=3 saved=3 failed=0
  Details: Batch finished: 3 saved, 0 failed. Latest: mc-mgmt/structure (8689 chars).
  Queue: 57 program(s) prioritised — 16 still to assemble
------------------------------------------------------------
[2026-08-24 06:15:44] ACTION=CAPTURE attempted=3 saved=3 failed=0
  Details: Batch finished: 3 saved, 0 failed. Latest: mc-mgmtact/structure (11527 chars).
  Queue: 57 program(s) prioritised — 16 still to assemble
------------------------------------------------------------
[2026-08-24 06:16:45] ACTION=CAPTURE attempted=3 saved=3 failed=0
  Details: Batch finished: 3 saved, 0 failed. Latest: mc-mgmtfin/structure (12416 chars).
  Queue: 57 program(s) prioritised — 16 still to assemble
------------------------------------------------------------
[2026-08-24 06:17:46] ACTION=CAPTURE attempted=3 saved=3 failed=0
  Details: Batch finished: 3 saved, 0 failed. Latest: mc-mgmtmkt/structure (8183 chars).
  Queue: 57 program(s) prioritised — 16 still to assemble
------------------------------------------------------------
[2026-08-24 06:18:47] ACTION=CAPTURE attempted=3 saved=3 failed=0
  Details: Batch finished: 3 saved, 0 failed. Latest: mc-mktcomm/structure (3296 chars).
  Queue: 57 program(s) prioritised — 16 still to assemble
------------------------------------------------------------
[2026-08-24 06:19:02] ACTION=CAPTURE attempted=1 saved=1 failed=0
  Details: Batch finished: 1 saved, 0 failed. Latest: mc-mktcomm/specialisations (983 chars).
  Queue: 57 program(s) prioritised — 16 still to assemble
------------------------------------------------------------
[2026-08-24 06:19:37] ACTION=CAPTURE attempted=2 saved=2 failed=0
  Details: Batch finished: 2 saved, 0 failed. Latest: mc-mktcomm/comp-mc-mktcomm-entry-2 (5948 chars).
  Queue: 57 program(s) prioritised — 16 still to assemble
------------------------------------------------------------
[2026-08-24 06:20:38] ACTION=CAPTURE attempted=3 saved=3 failed=0
  Details: Batch finished: 3 saved, 0 failed. Latest: mc-socw/structure (3701 chars).
  Queue: 57 program(s) prioritised — 16 still to assemble
------------------------------------------------------------
[2026-08-24 06:21:39] ACTION=CAPTURE attempted=3 saved=3 failed=0
  Details: Batch finished: 3 saved, 0 failed. Latest: mc-spchpth/structure (2836 chars).
  Queue: 57 program(s) prioritised — 16 still to assemble
------------------------------------------------------------
[2026-08-24 06:22:40] ACTION=CAPTURE attempted=3 saved=3 failed=0
  Details: Batch finished: 3 saved, 0 failed. Latest: mc-urpl/structure (8575 chars).
  Queue: 57 program(s) prioritised — 16 still to assemble
------------------------------------------------------------
[2026-08-24 06:26:45] ACTION=CAPTURE attempted=10 saved=10 failed=0
  Details: Batch finished: 10 saved, 0 failed. Latest: mc-finance/subj-fnce90016-assessment (813 chars).
  Queue: 57 program(s) prioritised — 16 still to assemble
------------------------------------------------------------
[2026-08-24 06:30:44] ACTION=CAPTURE attempted=10 saved=10 failed=0
  Details: Batch finished: 10 saved, 0 failed. Latest: mc-finance/subj-fnce90057-assessment (698 chars).
  Queue: 57 program(s) prioritised — 16 still to assemble
------------------------------------------------------------
[2026-08-24 06:35:33] ACTION=CAPTURE attempted=12 saved=12 failed=0
  Details: Batch finished: 12 saved, 0 failed. Latest: mc-finance/subj-fnce90084-assessment (1050 chars).
  Queue: 57 program(s) prioritised — 15 still to assemble
------------------------------------------------------------
[2026-08-24 06:44:26] ACTION=CAPTURE attempted=10 saved=10 failed=0
  Details: Batch finished: 10 saved, 0 failed. Latest: mc-gmcom/subj-mecm90007-assessment (1679 chars).
  Queue: 57 program(s) prioritised — 15 still to assemble
------------------------------------------------------------
[2026-08-24 06:48:26] ACTION=CAPTURE attempted=10 saved=10 failed=0
  Details: Batch finished: 10 saved, 0 failed. Latest: mc-gmcom/subj-mecm90029-assessment (2015 chars).
  Queue: 57 program(s) prioritised — 15 still to assemble
------------------------------------------------------------
[2026-08-24 06:53:19] ACTION=CAPTURE attempted=12 saved=12 failed=0
  Details: Batch finished: 12 saved, 0 failed. Latest: mc-gmcom/subj-mult90019-assessment (1747 chars).
  Queue: 57 program(s) prioritised — 14 still to assemble
------------------------------------------------------------
[2026-08-24 06:59:30] ACTION=CAPTURE attempted=10 saved=10 failed=0
  Details: Batch finished: 10 saved, 0 failed. Latest: mc-inslead/subj-educ90754-assessment (951 chars).
  Queue: 57 program(s) prioritised — 14 still to assemble
------------------------------------------------------------
[2026-08-24 07:03:29] ACTION=CAPTURE attempted=10 saved=10 failed=0
  Details: Batch finished: 10 saved, 0 failed. Latest: mc-inslead/subj-educ90939-assessment (1429 chars).
  Queue: 57 program(s) prioritised — 14 still to assemble
------------------------------------------------------------
[2026-08-24 07:08:19] ACTION=CAPTURE attempted=12 saved=12 failed=0
  Details: Batch finished: 12 saved, 0 failed. Latest: mc-inslead/subj-educ91328-assessment (1227 chars).
  Queue: 57 program(s) prioritised — 13 still to assemble
------------------------------------------------------------
[2026-08-24 07:14:48] ACTION=CAPTURE attempted=10 saved=10 failed=0
  Details: Batch finished: 10 saved, 0 failed. Latest: mc-ir/subj-asia90015-assessment (1602 chars).
  Queue: 57 program(s) prioritised — 13 still to assemble
------------------------------------------------------------
[2026-08-24 07:18:49] ACTION=CAPTURE attempted=10 saved=10 failed=0
  Details: Batch finished: 10 saved, 0 failed. Latest: mc-ir/subj-hist90035-assessment (763 chars).
  Queue: 57 program(s) prioritised — 13 still to assemble
------------------------------------------------------------
[2026-08-24 07:23:40] ACTION=CAPTURE attempted=12 saved=12 failed=0
  Details: Batch finished: 12 saved, 0 failed. Latest: mc-ir/subj-pols90066-assessment (1704 chars).
  Queue: 57 program(s) prioritised — 12 still to assemble
------------------------------------------------------------
[2026-08-24 07:30:13] ACTION=CAPTURE attempted=10 saved=10 failed=0
  Details: Batch finished: 10 saved, 0 failed. Latest: mc-it/subj-comp90018-assessment (1538 chars).
  Queue: 57 program(s) prioritised — 12 still to assemble
------------------------------------------------------------
[2026-08-24 07:34:12] ACTION=CAPTURE attempted=10 saved=10 failed=0
  Details: Batch finished: 10 saved, 0 failed. Latest: mc-it/subj-comp90077-assessment (1356 chars).
  Queue: 57 program(s) prioritised — 12 still to assemble
------------------------------------------------------------
[2026-08-24 07:37:06] ACTION=ERROR attempted=0 saved=0 failed=0
  Reason: Challenge detected: challenge page detected: rew-the-dare-is-thounce
  Queue: BREAKER OPEN — cooling off: 29m left, consecutive block 1, reason 'challenge page detected: rew-the-dare-is-thounce'
------------------------------------------------------------
[2026-08-24 07:37:32] ACTION=COOLOFF attempted=0 saved=0 failed=0
  Reason: challenge page detected: rew-the-dare-is-thounce
  Cooloff remaining: 29m
  Queue: BREAKER OPEN — cooling off: 29m left, consecutive block 1, reason 'challenge page detected: rew-the-dare-is-thounce'
------------------------------------------------------------
[2026-08-24 07:38:26] ACTION=ERROR attempted=0 saved=0 failed=0
  Reason: Challenge detected: challenge page detected: rew-the-dare-is-thounce
  Queue: BREAKER OPEN — cooling off: 29m left, consecutive block 1, reason 'challenge page detected: rew-the-dare-is-thounce'
------------------------------------------------------------
[2026-08-24 08:07:05] ACTION=COOLOFF attempted=0 saved=0 failed=0
  Reason: challenge page detected: rew-the-dare-is-thounce
  Cooloff remaining: 1m
  Queue: BREAKER OPEN — cooling off: 1m left, consecutive block 1, reason 'challenge page detected: rew-the-dare-is-thounce'
------------------------------------------------------------
[2026-08-24 08:08:05] ACTION=COOLOFF attempted=0 saved=0 failed=0
  Reason: challenge page detected: rew-the-dare-is-thounce
  Queue: BREAKER OPEN — cooling off: 0m left, consecutive block 1, reason 'challenge page detected: rew-the-dare-is-thounce'
------------------------------------------------------------
[2026-08-24 08:11:07] ACTION=CAPTURE attempted=7 saved=7 failed=0
  Details: Batch finished: 7 saved, 0 failed. Latest: mc-it/subj-swen90016-assessment (1712 chars).
  Queue: 57 program(s) prioritised — 11 still to assemble
------------------------------------------------------------
[2026-08-24 08:17:50] ACTION=CAPTURE attempted=10 saved=10 failed=0
  Details: Batch finished: 10 saved, 0 failed. Latest: mc-mecheng/subj-engr90051-assessment (2701 chars).
  Queue: 57 program(s) prioritised — 11 still to assemble
------------------------------------------------------------
[2026-08-24 08:22:10] ACTION=CAPTURE attempted=10 saved=10 failed=0
  Details: Batch finished: 10 saved, 0 failed. Latest: mc-mecheng/subj-mcen30021-assessment (1241 chars).
  Queue: 57 program(s) prioritised — 11 still to assemble
------------------------------------------------------------
[2026-08-24 08:27:30] ACTION=CAPTURE attempted=12 saved=12 failed=0
  Details: Batch finished: 12 saved, 0 failed. Latest: mc-mecheng/subj-mcen90054-assessment (1190 chars).
  Queue: 57 program(s) prioritised — 10 still to assemble
------------------------------------------------------------
[2026-08-24 08:34:00] ACTION=CAPTURE attempted=10 saved=10 failed=0
  Details: Batch finished: 10 saved, 0 failed. Latest: mc-mgmt/subj-mgmt90015-assessment (929 chars).
  Queue: 57 program(s) prioritised — 10 still to assemble
------------------------------------------------------------
[2026-08-24 08:38:20] ACTION=CAPTURE attempted=10 saved=10 failed=0
  Details: Batch finished: 10 saved, 0 failed. Latest: mc-mgmt/subj-mgmt90141-assessment (1648 chars).
  Queue: 57 program(s) prioritised — 10 still to assemble
------------------------------------------------------------
[2026-08-24 08:43:36] ACTION=CAPTURE attempted=12 saved=12 failed=0
  Details: Batch finished: 12 saved, 0 failed. Latest: mc-mgmt/subj-mktg90037-assessment (1039 chars).
  Queue: 57 program(s) prioritised — 9 still to assemble
------------------------------------------------------------
[2026-08-24 09:35:50] ACTION=CAPTURE attempted=10 saved=10 failed=0
  Details: Batch finished: 10 saved, 0 failed. Latest: mc-mgmtact/subj-acct90012-assessment (1162 chars).
  Queue: 57 program(s) prioritised — 9 still to assemble
------------------------------------------------------------
[2026-08-24 09:40:14] ACTION=CAPTURE attempted=10 saved=10 failed=0
  Details: Batch finished: 10 saved, 0 failed. Latest: mc-mgmtact/subj-acct90030-assessment (1184 chars).
  Queue: 57 program(s) prioritised — 9 still to assemble
------------------------------------------------------------
[2026-08-24 09:45:33] ACTION=CAPTURE attempted=12 saved=12 failed=0
  Details: Batch finished: 12 saved, 0 failed. Latest: mc-mgmtact/subj-mktg90037-assessment (1039 chars).
  Queue: 57 program(s) prioritised — 8 still to assemble
------------------------------------------------------------
[2026-08-24 09:51:55] ACTION=CAPTURE attempted=10 saved=10 failed=0
  Details: Batch finished: 10 saved, 0 failed. Latest: mc-mgmtfin/subj-fnce90016-assessment (813 chars).
  Queue: 57 program(s) prioritised — 8 still to assemble
------------------------------------------------------------
[2026-08-24 09:56:26] ACTION=CAPTURE attempted=10 saved=10 failed=0
  Details: Batch finished: 10 saved, 0 failed. Latest: mc-mgmtfin/subj-fnce90049-assessment (936 chars).
  Queue: 57 program(s) prioritised — 8 still to assemble
------------------------------------------------------------
[2026-08-24 10:35:20] ACTION=CAPTURE attempted=12 saved=12 failed=0
  Details: Batch finished: 12 saved, 0 failed. Latest: mc-mgmtfin/subj-mktg90037-assessment (1039 chars).
  Queue: 57 program(s) prioritised — 7 still to assemble
------------------------------------------------------------
[2026-08-24 10:42:14] ACTION=CAPTURE attempted=10 saved=10 failed=0
  Details: Batch finished: 10 saved, 0 failed. Latest: mc-mgmtmkt/subj-econ90015-assessment (1013 chars).
  Queue: 57 program(s) prioritised — 7 still to assemble
------------------------------------------------------------
[2026-08-24 10:46:45] ACTION=CAPTURE attempted=10 saved=10 failed=0
  Details: Batch finished: 10 saved, 0 failed. Latest: mc-mgmtmkt/subj-mktg90004-assessment (1016 chars).
  Queue: 57 program(s) prioritised — 7 still to assemble
------------------------------------------------------------
[2026-08-24 10:52:09] ACTION=CAPTURE attempted=12 saved=12 failed=0
  Details: Batch finished: 12 saved, 0 failed. Latest: mc-mgmtmkt/subj-mktg90049-assessment (1001 chars).
  Queue: 57 program(s) prioritised — 6 still to assemble
------------------------------------------------------------
[2026-08-24 10:58:41] ACTION=CAPTURE attempted=10 saved=10 failed=0
  Details: Batch finished: 10 saved, 0 failed. Latest: mc-mktcomm/subj-mecm90035-assessment (1983 chars).
  Queue: 57 program(s) prioritised — 6 still to assemble
------------------------------------------------------------
[2026-08-24 11:03:08] ACTION=CAPTURE attempted=10 saved=10 failed=0
  Details: Batch finished: 10 saved, 0 failed. Latest: mc-mktcomm/subj-mgmt90204-assessment (913 chars).
  Queue: 57 program(s) prioritised — 6 still to assemble
------------------------------------------------------------
[2026-08-24 11:08:27] ACTION=CAPTURE attempted=12 saved=12 failed=0
  Details: Batch finished: 12 saved, 0 failed. Latest: mc-mktcomm/subj-mult90019-assessment (1747 chars).
  Queue: 57 program(s) prioritised — 5 still to assemble
------------------------------------------------------------
[2026-08-24 11:16:57] ACTION=CAPTURE attempted=10 saved=10 failed=0
  Details: Batch finished: 10 saved, 0 failed. Latest: mc-socw/subj-scwk90055-assessment (983 chars).
  Queue: 57 program(s) prioritised — 5 still to assemble
------------------------------------------------------------
[2026-08-24 11:21:28] ACTION=CAPTURE attempted=10 saved=10 failed=0
  Details: Batch finished: 10 saved, 0 failed. Latest: mc-socw/subj-scwk90063-assessment (944 chars).
  Queue: 57 program(s) prioritised — 5 still to assemble
------------------------------------------------------------
[2026-08-24 11:26:46] ACTION=CAPTURE attempted=12 saved=12 failed=0
  Details: Batch finished: 12 saved, 0 failed. Latest: mc-socw/subj-scwk90073-assessment (1227 chars).
  Queue: 57 program(s) prioritised — 4 still to assemble
------------------------------------------------------------
[2026-08-24 11:33:40] ACTION=CAPTURE attempted=10 saved=10 failed=0
  Details: Batch finished: 10 saved, 0 failed. Latest: mc-spchpth/subj-audi90028-assessment (830 chars).
  Queue: 57 program(s) prioritised — 4 still to assemble
------------------------------------------------------------
[2026-08-24 11:38:03] ACTION=CAPTURE attempted=10 saved=10 failed=0
  Details: Batch finished: 10 saved, 0 failed. Latest: mc-spchpth/subj-audi90033-assessment (1542 chars).
  Queue: 57 program(s) prioritised — 4 still to assemble
------------------------------------------------------------
[2026-08-24 11:43:23] ACTION=CAPTURE attempted=12 saved=12 failed=0
  Details: Batch finished: 12 saved, 0 failed. Latest: mc-spchpth/subj-ling90033-assessment (998 chars).
  Queue: 57 program(s) prioritised — 3 still to assemble
------------------------------------------------------------
[2026-08-24 11:50:02] ACTION=CAPTURE attempted=10 saved=10 failed=0
  Details: Batch finished: 10 saved, 0 failed. Latest: mc-urpl/subj-abpl90134-assessment (774 chars).
  Queue: 57 program(s) prioritised — 3 still to assemble
------------------------------------------------------------
[2026-08-24 11:54:24] ACTION=CAPTURE attempted=10 saved=10 failed=0
  Details: Batch finished: 10 saved, 0 failed. Latest: mc-urpl/subj-abpl90320-assessment (1049 chars).
  Queue: 57 program(s) prioritised — 3 still to assemble
------------------------------------------------------------
[2026-08-24 11:59:43] ACTION=CAPTURE attempted=12 saved=12 failed=0
  Details: Batch finished: 12 saved, 0 failed. Latest: mc-urpl/subj-food90041-assessment (634 chars).
  Queue: 57 program(s) prioritised — 2 still to assemble
------------------------------------------------------------
[2026-08-24 12:06:19] ACTION=CAPTURE attempted=10 saved=10 failed=0
  Details: Batch finished: 10 saved, 0 failed. Latest: mc-env/subj-enst90016 (2811 chars).
  Queue: 57 program(s) prioritised — 2 still to assemble
------------------------------------------------------------
[2026-08-24 12:10:39] ACTION=CAPTURE attempted=10 saved=10 failed=0
  Details: Batch finished: 10 saved, 0 failed. Latest: mc-env/subj-enst90037 (2941 chars).
  Queue: 57 program(s) prioritised — 2 still to assemble
------------------------------------------------------------
[2026-08-24 12:16:26] ACTION=CAPTURE attempted=13 saved=13 failed=0
  Details: Batch finished: 13 saved, 0 failed. Latest: mc-env/subj-scie90027-assessment (1538 chars).
  Queue: 57 program(s) prioritised — 1 still to assemble
------------------------------------------------------------
[2026-08-24 12:24:25] ACTION=CAPTURE attempted=10 saved=10 failed=0
  Details: Batch finished: 10 saved, 0 failed. Latest: mc-evalo/subj-devt90041-assessment (1678 chars).
  Queue: 57 program(s) prioritised — 1 still to assemble
------------------------------------------------------------
[2026-08-24 12:28:52] ACTION=CAPTURE attempted=10 saved=10 failed=0
  Details: Batch finished: 10 saved, 0 failed. Latest: mc-evalo/subj-enst90020-assessment (943 chars).
  Queue: 57 program(s) prioritised — 1 still to assemble
------------------------------------------------------------
[2026-08-24 12:35:14] ACTION=CAPTURE attempted=14 saved=14 failed=0
  Details: Batch finished: 14 saved, 0 failed. Latest: mc-evalo/subj-mult90005-assessment (1017 chars).
  Queue: 57 program(s) prioritised — 0 still to assemble
------------------------------------------------------------
[2026-08-25 22:53:55] ACTION=CAPTURE attempted=2 saved=2 failed=0
  Details: Batch finished: 2 saved, 0 failed. Latest: mc-evalo/subj-educ90719 (1808 chars).
  Queue: 57 program(s) prioritised — 1 still to assemble
------------------------------------------------------------
[2026-08-26 00:09:59] ACTION=CAPTURE attempted=2 saved=2 failed=0
  Details: Batch finished: 2 saved, 0 failed. Latest: mc-evalo/subj-mast90078 (1984 chars).
  Queue: 57 program(s) prioritised — 1 still to assemble
------------------------------------------------------------
[2026-08-26 00:14:16] ACTION=CAPTURE attempted=2 saved=2 failed=0
  Details: Batch finished: 2 saved, 0 failed. Latest: 274ab/subj-crim90008 (2742 chars).
  Queue: 57 program(s) prioritised — 1 still to assemble
------------------------------------------------------------
[2026-08-26 00:18:52] ACTION=CAPTURE attempted=2 saved=2 failed=0
  Details: Batch finished: 2 saved, 0 failed. Latest: 274ab/subj-crim90010 (2310 chars).
  Queue: 57 program(s) prioritised — 1 still to assemble
------------------------------------------------------------
[2026-08-26 06:46:47] ACTION=CAPTURE attempted=2 saved=2 failed=0
  Details: Batch finished: 2 saved, 0 failed. Latest: 274ab/subj-asia90001 (4476 chars).
  Queue: 57 program(s) prioritised — 1 still to assemble
------------------------------------------------------------
[2026-08-26 07:11:49] ACTION=CAPTURE attempted=2 saved=2 failed=0
  Details: Batch finished: 2 saved, 0 failed. Latest: 274ab/subj-crim90009 (2458 chars).
  Queue: 57 program(s) prioritised — 1 still to assemble
------------------------------------------------------------
[2026-08-26 07:22:51] ACTION=CAPTURE attempted=2 saved=2 failed=0
  Details: Batch finished: 2 saved, 0 failed. Latest: 274ab/subj-crim90015 (2814 chars).
  Queue: 57 program(s) prioritised — 1 still to assemble
------------------------------------------------------------
[2026-08-26 08:27:06] ACTION=CAPTURE attempted=2 saved=2 failed=0
  Details: Batch finished: 2 saved, 0 failed. Latest: 274ab/subj-crim90011 (3012 chars).
  Queue: 57 program(s) prioritised — 1 still to assemble
------------------------------------------------------------
[2026-08-26 08:38:46] ACTION=CAPTURE attempted=2 saved=2 failed=0
  Details: Batch finished: 2 saved, 0 failed. Latest: 274ab/subj-crim90018 (2804 chars).
  Queue: 57 program(s) prioritised — 1 still to assemble
------------------------------------------------------------
[2026-08-26 08:44:42] ACTION=CAPTURE attempted=2 saved=2 failed=0
  Details: Batch finished: 2 saved, 0 failed. Latest: 274ab/subj-crim90020 (2291 chars).
  Queue: 57 program(s) prioritised — 1 still to assemble
------------------------------------------------------------
[2026-08-26 09:15:16] ACTION=CAPTURE attempted=2 saved=2 failed=0
  Details: Batch finished: 2 saved, 0 failed. Latest: 274ab/subj-crim90017 (2810 chars).
  Queue: 57 program(s) prioritised — 1 still to assemble
------------------------------------------------------------
[2026-08-26 09:32:22] ACTION=CAPTURE attempted=2 saved=2 failed=0
  Details: Batch finished: 2 saved, 0 failed. Latest: 274ab/subj-crim90028 (1981 chars).
  Queue: 57 program(s) prioritised — 1 still to assemble
------------------------------------------------------------
[2026-08-26 09:43:08] ACTION=CAPTURE attempted=2 saved=2 failed=0
  Details: Batch finished: 2 saved, 0 failed. Latest: 274ab/subj-crim90029 (1981 chars).
  Queue: 57 program(s) prioritised — 1 still to assemble
------------------------------------------------------------
[2026-08-26 09:56:49] ACTION=CAPTURE attempted=2 saved=2 failed=0
  Details: Batch finished: 2 saved, 0 failed. Latest: 274ab/subj-crim90033 (2657 chars).
  Queue: 57 program(s) prioritised — 1 still to assemble
------------------------------------------------------------
[2026-08-26 09:59:25] ACTION=CAPTURE attempted=2 saved=2 failed=0
  Details: Batch finished: 2 saved, 0 failed. Latest: 274ab/subj-crim90043 (2944 chars).
  Queue: 57 program(s) prioritised — 1 still to assemble
------------------------------------------------------------
[2026-08-26 10:04:01] ACTION=CAPTURE attempted=2 saved=2 failed=0
  Details: Batch finished: 2 saved, 0 failed. Latest: 294be/subj-busa90001 (2304 chars).
  Queue: 57 program(s) prioritised — 1 still to assemble
------------------------------------------------------------
[2026-08-26 10:07:46] ACTION=CAPTURE attempted=2 saved=2 failed=0
  Details: Batch finished: 2 saved, 0 failed. Latest: 294be/subj-busa90042 (2373 chars).
  Queue: 57 program(s) prioritised — 1 still to assemble
------------------------------------------------------------
[2026-08-26 10:10:37] ACTION=CAPTURE attempted=2 saved=2 failed=0
  Details: Batch finished: 2 saved, 0 failed. Latest: 294be/subj-busa90172 (2339 chars).
  Queue: 57 program(s) prioritised — 1 still to assemble
------------------------------------------------------------
[2026-08-26 10:14:05] ACTION=CAPTURE attempted=2 saved=2 failed=0
  Details: Batch finished: 2 saved, 0 failed. Latest: 294be/subj-busa90224 (1819 chars).
  Queue: 57 program(s) prioritised — 1 still to assemble
------------------------------------------------------------
[2026-08-26 10:16:29] ACTION=CAPTURE attempted=2 saved=2 failed=0
  Details: Batch finished: 2 saved, 0 failed. Latest: 274ab/subj-crim90019 (2621 chars).
  Queue: 57 program(s) prioritised — 1 still to assemble
------------------------------------------------------------
[2026-08-26 10:20:51] ACTION=CAPTURE attempted=2 saved=2 failed=0
  Details: Batch finished: 2 saved, 0 failed. Latest: 294be/subj-busa90248 (1829 chars).
  Queue: 57 program(s) prioritised — 1 still to assemble
------------------------------------------------------------
[2026-08-26 10:30:52] ACTION=CAPTURE attempted=2 saved=2 failed=0
  Details: Batch finished: 2 saved, 0 failed. Latest: 294be/subj-busa90013 (1675 chars).
  Queue: 57 program(s) prioritised — 1 still to assemble
------------------------------------------------------------
[2026-08-26 10:35:35] ACTION=CAPTURE attempted=2 saved=2 failed=0
  Details: Batch finished: 2 saved, 0 failed. Latest: 294be/subj-busa90193 (2314 chars).
  Queue: 57 program(s) prioritised — 1 still to assemble
------------------------------------------------------------
[2026-08-26 10:39:27] ACTION=CAPTURE attempted=2 saved=2 failed=0
  Details: Batch finished: 2 saved, 0 failed. Latest: 294be/subj-busa90258 (2144 chars).
  Queue: 57 program(s) prioritised — 1 still to assemble
------------------------------------------------------------
[2026-08-26 10:49:39] ACTION=CAPTURE attempted=2 saved=2 failed=0
  Details: Batch finished: 2 saved, 0 failed. Latest: 294be/subj-busa90261 (1962 chars).
  Queue: 57 program(s) prioritised — 1 still to assemble
------------------------------------------------------------
[2026-08-26 10:58:50] ACTION=CAPTURE attempted=2 saved=2 failed=0
  Details: Batch finished: 2 saved, 0 failed. Latest: 294be/subj-busa90060 (2877 chars).
  Queue: 57 program(s) prioritised — 1 still to assemble
------------------------------------------------------------
[2026-08-26 11:02:00] ACTION=CAPTURE attempted=2 saved=2 failed=0
  Details: Batch finished: 2 saved, 0 failed. Latest: 294be/subj-busa90273 (2107 chars).
  Queue: 57 program(s) prioritised — 1 still to assemble
------------------------------------------------------------
[2026-08-26 11:05:44] ACTION=CAPTURE attempted=2 saved=2 failed=0
  Details: Batch finished: 2 saved, 0 failed. Latest: 294be/subj-busa90480 (2543 chars).
  Queue: 57 program(s) prioritised — 1 still to assemble
------------------------------------------------------------
[2026-08-26 11:08:36] ACTION=CAPTURE attempted=2 saved=2 failed=0
  Details: Batch finished: 2 saved, 0 failed. Latest: 635aa/subj-laws70110 (2857 chars).
  Queue: 57 program(s) prioritised — 1 still to assemble
------------------------------------------------------------
[2026-08-26 11:12:01] ACTION=CAPTURE attempted=2 saved=2 failed=0
  Details: Batch finished: 2 saved, 0 failed. Latest: 635aa/subj-laws70161 (3815 chars).
  Queue: 57 program(s) prioritised — 1 still to assemble
------------------------------------------------------------
[2026-08-26 11:18:38] ACTION=CAPTURE attempted=2 saved=2 failed=0
  Details: Batch finished: 2 saved, 0 failed. Latest: 635aa/subj-laws70293 (4011 chars).
  Queue: 57 program(s) prioritised — 1 still to assemble
------------------------------------------------------------
[2026-08-26 11:21:34] ACTION=CAPTURE attempted=2 saved=2 failed=0
  Details: Batch finished: 2 saved, 0 failed. Latest: 635aa/subj-laws70420 (2655 chars).
  Queue: 57 program(s) prioritised — 1 still to assemble
------------------------------------------------------------
[2026-08-26 11:25:23] ACTION=CAPTURE attempted=2 saved=2 failed=0
  Details: Batch finished: 2 saved, 0 failed. Latest: 635aa/subj-laws70423 (2377 chars).
  Queue: 57 program(s) prioritised — 1 still to assemble
------------------------------------------------------------
[2026-08-26 11:28:32] ACTION=CAPTURE attempted=2 saved=2 failed=0
  Details: Batch finished: 2 saved, 0 failed. Latest: 294be/subj-busa90481 (1917 chars).
  Queue: 57 program(s) prioritised — 1 still to assemble
------------------------------------------------------------
[2026-08-26 15:14:08] ACTION=CAPTURE attempted=2 saved=2 failed=0
  Details: Batch finished: 2 saved, 0 failed. Latest: 274ab/subj-crim90039 (2538 chars).
  Queue: 57 program(s) prioritised — 1 still to assemble
------------------------------------------------------------
[2026-08-26 15:18:20] ACTION=CAPTURE attempted=2 saved=2 failed=0
  Details: Batch finished: 2 saved, 0 failed. Latest: 294be/subj-busa90299 (1795 chars).
  Queue: 57 program(s) prioritised — 1 still to assemble
------------------------------------------------------------
[2026-08-26 15:22:02] ACTION=CAPTURE attempted=2 saved=2 failed=0
  Details: Batch finished: 2 saved, 0 failed. Latest: 635aa/subj-laws90021 (1956 chars).
  Queue: 57 program(s) prioritised — 1 still to assemble
------------------------------------------------------------
[2026-08-26 15:25:52] ACTION=CAPTURE attempted=2 saved=2 failed=0
  Details: Batch finished: 2 saved, 0 failed. Latest: 635aa/subj-laws90142 (3675 chars).
  Queue: 57 program(s) prioritised — 1 still to assemble
------------------------------------------------------------
[2026-08-26 15:30:46] ACTION=CAPTURE attempted=2 saved=2 failed=0
  Details: Batch finished: 2 saved, 0 failed. Latest: 635aa/subj-laws90144 (3851 chars).
  Queue: 57 program(s) prioritised — 1 still to assemble
------------------------------------------------------------
[2026-08-26 15:34:07] ACTION=CAPTURE attempted=2 saved=2 failed=0
  Details: Batch finished: 2 saved, 0 failed. Latest: mc-evalo/subj-educ90716 (1676 chars).
  Queue: 57 program(s) prioritised — 0 still to assemble
------------------------------------------------------------
[2026-08-26 15:39:01] ACTION=CAPTURE attempted=2 saved=2 failed=0
  Details: Batch finished: 2 saved, 0 failed. Latest: 635aa/subj-laws90250 (1728 chars).
  Queue: 57 program(s) prioritised — 0 still to assemble
------------------------------------------------------------
[2026-08-26 15:42:53] ACTION=CAPTURE attempted=2 saved=2 failed=0
  Details: Batch finished: 2 saved, 0 failed. Latest: 635aa/subj-laws90302 (4314 chars).
  Queue: 57 program(s) prioritised — 0 still to assemble
------------------------------------------------------------
[2026-08-26 15:45:47] ACTION=CAPTURE attempted=2 saved=2 failed=0
  Details: Batch finished: 2 saved, 0 failed. Latest: 635aa/subj-laws90347 (3158 chars).
  Queue: 57 program(s) prioritised — 0 still to assemble
------------------------------------------------------------
[2026-08-26 15:50:27] ACTION=CAPTURE attempted=2 saved=0 failed=2
  Details: Batch finished: 0 saved, 2 failed.
  Queue: 57 program(s) prioritised — 0 still to assemble
------------------------------------------------------------
[2026-08-26 15:53:09] ACTION=CAPTURE attempted=2 saved=0 failed=2
  Details: Batch finished: 0 saved, 2 failed.
  Queue: 57 program(s) prioritised — 0 still to assemble
------------------------------------------------------------
[2026-08-26 16:24:25] ACTION=CAPTURE attempted=2 saved=0 failed=2
  Details: Batch finished: 0 saved, 2 failed.
  Queue: 57 program(s) prioritised — 0 still to assemble
------------------------------------------------------------
[2026-08-26 16:42:36] ACTION=CAPTURE attempted=2 saved=2 failed=0
  Details: Batch finished: 2 saved, 0 failed. Latest: 635aa/subj-laws90143 (3482 chars).
  Queue: 57 program(s) prioritised — 0 still to assemble
------------------------------------------------------------
[2026-08-26 16:47:53] ACTION=CAPTURE attempted=2 saved=2 failed=0
  Details: Batch finished: 2 saved, 0 failed. Latest: 635aa/subj-laws70230 (2632 chars).
  Queue: 57 program(s) prioritised — 0 still to assemble
------------------------------------------------------------
[2026-08-26 16:51:22] ACTION=CAPTURE attempted=2 saved=2 failed=0
  Details: Batch finished: 2 saved, 0 failed. Latest: 635aa/subj-laws90355 (4164 chars).
  Queue: 57 program(s) prioritised — 0 still to assemble
------------------------------------------------------------
[2026-08-26 16:59:37] ACTION=CAPTURE attempted=2 saved=2 failed=0
  Details: Batch finished: 2 saved, 0 failed. Latest: b-faacting/structure (3590 chars).
  Queue: 57 program(s) prioritised — 0 still to assemble
------------------------------------------------------------
[2026-08-26 17:14:41] ACTION=CAPTURE attempted=2 saved=2 failed=0
  Details: Batch finished: 2 saved, 0 failed. Latest: 635aa/subj-laws90051 (2900 chars).
  Queue: 57 program(s) prioritised — 0 still to assemble
------------------------------------------------------------
[2026-08-26 17:19:24] ACTION=CAPTURE attempted=2 saved=2 failed=0
  Details: Batch finished: 2 saved, 0 failed. Latest: b-faacting/course (2619 chars).
  Queue: 57 program(s) prioritised — 0 still to assemble
------------------------------------------------------------
[2026-08-26 17:22:30] ACTION=CAPTURE attempted=2 saved=2 failed=0
  Details: Batch finished: 2 saved, 0 failed. Latest: b-faacting/subj-dram10032 (2179 chars).
  Queue: 57 program(s) prioritised — 0 still to assemble
------------------------------------------------------------
[2026-08-26 17:25:59] ACTION=CAPTURE attempted=2 saved=2 failed=0
  Details: Batch finished: 2 saved, 0 failed. Latest: b-faacting/subj-dram10034 (2060 chars).
  Queue: 57 program(s) prioritised — 0 still to assemble
------------------------------------------------------------
[2026-08-26 17:29:56] ACTION=CAPTURE attempted=2 saved=2 failed=0
  Details: Batch finished: 2 saved, 0 failed. Latest: b-faacting/subj-dram20028 (2083 chars).
  Queue: 57 program(s) prioritised — 0 still to assemble
------------------------------------------------------------
[2026-08-26 17:33:12] ACTION=CAPTURE attempted=2 saved=2 failed=0
  Details: Batch finished: 2 saved, 0 failed. Latest: b-faacting/subj-dram20030 (1851 chars).
  Queue: 57 program(s) prioritised — 0 still to assemble
------------------------------------------------------------
[2026-08-26 21:16:13] ACTION=CAPTURE attempted=2 saved=2 failed=0
  Details: Batch finished: 2 saved, 0 failed. Latest: 635aa/subj-laws90169 (3444 chars).
  Queue: 57 program(s) prioritised — 0 still to assemble
------------------------------------------------------------
[2026-08-26 21:28:08] ACTION=CAPTURE attempted=2 saved=2 failed=0
  Details: Batch finished: 2 saved, 0 failed. Latest: b-faacting/subj-dram10033 (2306 chars).
  Queue: 57 program(s) prioritised — 0 still to assemble
------------------------------------------------------------
[2026-08-26 21:31:36] ACTION=CAPTURE attempted=2 saved=2 failed=0
  Details: Batch finished: 2 saved, 0 failed. Latest: b-faacting/subj-dram20029 (1789 chars).
  Queue: 57 program(s) prioritised — 0 still to assemble
------------------------------------------------------------
[2026-08-26 21:38:02] ACTION=CAPTURE attempted=2 saved=2 failed=0
  Details: Batch finished: 2 saved, 0 failed. Latest: b-faacting/subj-dram20031 (2021 chars).
  Queue: 57 program(s) prioritised — 0 still to assemble
------------------------------------------------------------
[2026-08-26 21:41:52] ACTION=CAPTURE attempted=2 saved=2 failed=0
  Details: Batch finished: 2 saved, 0 failed. Latest: b-faacting/subj-dram30028 (975 chars).
  Queue: 57 program(s) prioritised — 0 still to assemble
------------------------------------------------------------
[2026-08-26 21:48:57] ACTION=CAPTURE attempted=2 saved=0 failed=2
  Details: Batch finished: 0 saved, 2 failed.
  Queue: 57 program(s) prioritised — 0 still to assemble
------------------------------------------------------------
[2026-08-26 21:55:39] ACTION=CAPTURE attempted=2 saved=2 failed=0
  Details: Batch finished: 2 saved, 0 failed. Latest: b-faacting/subj-dram30030 (2070 chars).
  Queue: 57 program(s) prioritised — 0 still to assemble
------------------------------------------------------------
[2026-08-26 21:58:51] ACTION=CAPTURE attempted=2 saved=2 failed=0
  Details: Batch finished: 2 saved, 0 failed. Latest: b-faacting/subj-dram30031 (1791 chars).
  Queue: 57 program(s) prioritised — 0 still to assemble
------------------------------------------------------------
[2026-08-26 22:12:33] ACTION=CAPTURE attempted=2 saved=2 failed=0
  Details: Batch finished: 2 saved, 0 failed. Latest: b-faacting/subj-dram30027 (1566 chars).
  Queue: 57 program(s) prioritised — 0 still to assemble
------------------------------------------------------------
[2026-08-26 22:15:17] ACTION=CAPTURE attempted=2 saved=2 failed=0
  Details: Batch finished: 2 saved, 0 failed. Latest: b-faacting/subj-dram30032 (1583 chars).
  Queue: 57 program(s) prioritised — 0 still to assemble
------------------------------------------------------------
[2026-08-26 22:17:25] ACTION=CAPTURE attempted=2 saved=2 failed=0
  Details: Batch finished: 2 saved, 0 failed. Latest: b-faanim/course (3569 chars).
  Queue: 57 program(s) prioritised — 0 still to assemble
------------------------------------------------------------
[2026-08-26 22:21:09] ACTION=CAPTURE attempted=2 saved=2 failed=0
  Details: Batch finished: 2 saved, 0 failed. Latest: b-faanim/structure (3502 chars).
  Queue: 57 program(s) prioritised — 0 still to assemble
------------------------------------------------------------
[2026-08-26 22:25:13] ACTION=CAPTURE attempted=2 saved=2 failed=0
  Details: Batch finished: 2 saved, 0 failed. Latest: b-faanim/subj-fltv10016 (1914 chars).
  Queue: 57 program(s) prioritised — 0 still to assemble
------------------------------------------------------------
[2026-08-26 22:28:34] ACTION=CAPTURE attempted=2 saved=2 failed=0
  Details: Batch finished: 2 saved, 0 failed. Latest: b-faanim/subj-fltv10019 (1793 chars).
  Queue: 57 program(s) prioritised — 0 still to assemble
------------------------------------------------------------
[2026-08-26 22:33:40] ACTION=CAPTURE attempted=2 saved=2 failed=0
  Details: Batch finished: 2 saved, 0 failed. Latest: b-faanim/subj-fltv10020 (1819 chars).
  Queue: 57 program(s) prioritised — 0 still to assemble
------------------------------------------------------------
[2026-08-26 22:43:43] ACTION=CAPTURE attempted=2 saved=2 failed=0
  Details: Batch finished: 2 saved, 0 failed. Latest: b-faacting/subj-dram10035 (2658 chars).
  Queue: 57 program(s) prioritised — 0 still to assemble
------------------------------------------------------------
[2026-08-26 22:47:30] ACTION=CAPTURE attempted=2 saved=2 failed=0
  Details: Batch finished: 2 saved, 0 failed. Latest: b-faanim/subj-crea10002 (3661 chars).
  Queue: 57 program(s) prioritised — 0 still to assemble
------------------------------------------------------------
[2026-08-26 22:55:14] ACTION=CAPTURE attempted=2 saved=2 failed=0
  Details: Batch finished: 2 saved, 0 failed. Latest: b-faanim/subj-fltv10017 (1988 chars).
  Queue: 57 program(s) prioritised — 0 still to assemble
------------------------------------------------------------
[2026-08-26 22:58:14] ACTION=CAPTURE attempted=2 saved=2 failed=0
  Details: Batch finished: 2 saved, 0 failed. Latest: b-faanim/subj-fltv20013 (1677 chars).
  Queue: 57 program(s) prioritised — 0 still to assemble
------------------------------------------------------------
[2026-08-26 23:02:48] ACTION=CAPTURE attempted=2 saved=2 failed=0
  Details: Batch finished: 2 saved, 0 failed. Latest: b-faanim/subj-fltv20016 (2037 chars).
  Queue: 57 program(s) prioritised — 0 still to assemble
------------------------------------------------------------
[2026-08-26 23:06:01] ACTION=CAPTURE attempted=2 saved=2 failed=0
  Details: Batch finished: 2 saved, 0 failed. Latest: b-faanim/subj-fltv20019 (1974 chars).
  Queue: 57 program(s) prioritised — 0 still to assemble
------------------------------------------------------------
[2026-08-26 23:10:05] ACTION=CAPTURE attempted=2 saved=2 failed=0
  Details: Batch finished: 2 saved, 0 failed. Latest: b-faanim/subj-fltv30018 (1588 chars).
  Queue: 57 program(s) prioritised — 0 still to assemble
------------------------------------------------------------
[2026-08-26 23:17:23] ACTION=ERROR attempted=0 saved=0 failed=0
  Reason: Challenge detected: challenge page detected: rew-the-dare-is-thounce
  Queue: BREAKER OPEN — cooling off: 29m left, consecutive block 1, reason 'challenge page detected: rew-the-dare-is-thounce'
------------------------------------------------------------
[2026-08-26 23:50:59] ACTION=CAPTURE attempted=2 saved=2 failed=0
  Details: Batch finished: 2 saved, 0 failed. Latest: b-faacting/subj-crea10002 (3661 chars).
  Queue: 57 program(s) prioritised — 0 still to assemble
------------------------------------------------------------
[2026-08-26 23:54:07] ACTION=CAPTURE attempted=2 saved=2 failed=0
  Details: Batch finished: 2 saved, 0 failed. Latest: b-faacting/subj-dram30029 (1788 chars).
  Queue: 57 program(s) prioritised — 0 still to assemble
------------------------------------------------------------
[2026-08-26 23:58:02] ACTION=CAPTURE attempted=2 saved=2 failed=0
  Details: Batch finished: 2 saved, 0 failed. Latest: b-faanim/subj-fltv20015 (2068 chars).
  Queue: 57 program(s) prioritised — 0 still to assemble
------------------------------------------------------------
[2026-08-27 00:00:05] ACTION=CAPTURE attempted=2 saved=2 failed=0
  Details: Batch finished: 2 saved, 0 failed. Latest: b-faanim/subj-fltv30023 (2147 chars).
  Queue: 57 program(s) prioritised — 0 still to assemble
------------------------------------------------------------
[2026-08-27 00:03:11] ACTION=CAPTURE attempted=2 saved=2 failed=0
  Details: Batch finished: 2 saved, 0 failed. Latest: b-fadance/course (4561 chars).
  Queue: 57 program(s) prioritised — 0 still to assemble
------------------------------------------------------------
[2026-08-27 00:07:03] ACTION=CAPTURE attempted=2 saved=2 failed=0
  Details: Batch finished: 2 saved, 0 failed. Latest: b-fafilmtv/attributes (4373 chars).
  Queue: 57 program(s) prioritised — 0 still to assemble
------------------------------------------------------------
[2026-08-27 00:09:58] ACTION=CAPTURE attempted=2 saved=2 failed=0
  Details: Batch finished: 2 saved, 0 failed. Latest: b-famusth/structure (4005 chars).
  Queue: 57 program(s) prioritised — 0 still to assemble
------------------------------------------------------------
[2026-08-27 00:14:24] ACTION=CAPTURE attempted=2 saved=2 failed=0
  Details: Batch finished: 2 saved, 0 failed. Latest: b-faacting/subj-dram10026-assessment (1607 chars).
  Queue: 57 program(s) prioritised — 0 still to assemble
------------------------------------------------------------
[2026-08-27 00:18:01] ACTION=CAPTURE attempted=2 saved=2 failed=0
  Details: Batch finished: 2 saved, 0 failed. Latest: b-faanim/subj-fltv10025 (1966 chars).
  Queue: 57 program(s) prioritised — 0 still to assemble
------------------------------------------------------------
[2026-08-27 00:21:01] ACTION=CAPTURE attempted=2 saved=2 failed=0
  Details: Batch finished: 2 saved, 0 failed. Latest: b-famusth/subj-must10013 (2059 chars).
  Queue: 57 program(s) prioritised — 0 still to assemble
------------------------------------------------------------
[2026-08-27 00:23:00] ACTION=CAPTURE attempted=2 saved=2 failed=0
  Details: Batch finished: 2 saved, 0 failed. Latest: b-faanim/subj-fltv30024 (2144 chars).
  Queue: 57 program(s) prioritised — 0 still to assemble
------------------------------------------------------------
[2026-08-27 00:26:10] ACTION=CAPTURE attempted=2 saved=2 failed=0
  Details: Batch finished: 2 saved, 0 failed. Latest: b-famusth/subj-must10016 (1587 chars).
  Queue: 57 program(s) prioritised — 0 still to assemble
------------------------------------------------------------
[2026-08-27 00:30:02] ACTION=CAPTURE attempted=2 saved=2 failed=0
  Details: Batch finished: 2 saved, 0 failed. Latest: b-famusth/course (2930 chars).
  Queue: 57 program(s) prioritised — 0 still to assemble
------------------------------------------------------------
[2026-08-27 00:33:01] ACTION=CAPTURE attempted=2 saved=2 failed=0
  Details: Batch finished: 2 saved, 0 failed. Latest: b-fafilmtv/subj-fltv10006 (2123 chars).
  Queue: 57 program(s) prioritised — 0 still to assemble
------------------------------------------------------------
[2026-08-27 00:36:54] ACTION=CAPTURE attempted=2 saved=2 failed=0
  Details: Batch finished: 2 saved, 0 failed. Latest: b-fafilmtv/subj-fltv10008 (2168 chars).
  Queue: 57 program(s) prioritised — 0 still to assemble
------------------------------------------------------------
[2026-08-27 00:38:44] ACTION=CAPTURE attempted=2 saved=2 failed=0
  Details: Batch finished: 2 saved, 0 failed. Latest: b-fafilmtv/subj-fltv10025 (1966 chars).
  Queue: 57 program(s) prioritised — 0 still to assemble
------------------------------------------------------------
[2026-08-27 00:41:03] ACTION=CAPTURE attempted=2 saved=2 failed=0
  Details: Batch finished: 2 saved, 0 failed. Latest: b-faanim/subj-fltv30021 (1868 chars).
  Queue: 57 program(s) prioritised — 0 still to assemble
------------------------------------------------------------
[2026-08-27 00:43:50] ACTION=CAPTURE attempted=2 saved=2 failed=0
  Details: Batch finished: 2 saved, 0 failed. Latest: b-fafilmtv/subj-fltv20009 (2335 chars).
  Queue: 57 program(s) prioritised — 0 still to assemble
------------------------------------------------------------
[2026-08-27 00:45:46] ACTION=CAPTURE attempted=2 saved=2 failed=0
  Details: Batch finished: 2 saved, 0 failed. Latest: b-fafilmtv/subj-fltv20021 (2530 chars).
  Queue: 57 program(s) prioritised — 0 still to assemble
------------------------------------------------------------
[2026-08-27 00:47:44] ACTION=CAPTURE attempted=2 saved=2 failed=0
  Details: Batch finished: 2 saved, 0 failed. Latest: b-fafilmtv/subj-fltv20023 (2519 chars).
  Queue: 57 program(s) prioritised — 0 still to assemble
------------------------------------------------------------
[2026-08-27 00:49:50] ACTION=CAPTURE attempted=2 saved=2 failed=0
  Details: Batch finished: 2 saved, 0 failed. Latest: b-fafilmtv/subj-fltv30026 (2124 chars).
  Queue: 57 program(s) prioritised — 0 still to assemble
------------------------------------------------------------
[2026-08-27 00:53:18] ACTION=CAPTURE attempted=2 saved=2 failed=0
  Details: Batch finished: 2 saved, 0 failed. Latest: b-fafilmtv/subj-crea10002 (3661 chars).
  Queue: 57 program(s) prioritised — 0 still to assemble
------------------------------------------------------------
[2026-08-27 00:56:02] ACTION=CAPTURE attempted=2 saved=2 failed=0
  Details: Batch finished: 2 saved, 0 failed. Latest: b-fafilmtv/subj-fltv30032 (1920 chars).
  Queue: 57 program(s) prioritised — 0 still to assemble
------------------------------------------------------------
[2026-08-27 00:57:59] ACTION=CAPTURE attempted=2 saved=2 failed=0
  Details: Batch finished: 2 saved, 0 failed. Latest: b-famusth/comp-b-famusth-stdopt-1 (5565 chars).
  Queue: 57 program(s) prioritised — 0 still to assemble
------------------------------------------------------------
[2026-08-27 00:59:55] ACTION=CAPTURE attempted=2 saved=2 failed=0
  Details: Batch finished: 2 saved, 0 failed. Latest: b-famusth/subj-must10013-assessment (1727 chars).
  Queue: 57 program(s) prioritised — 0 still to assemble
------------------------------------------------------------
[2026-08-27 01:02:03] ACTION=CAPTURE attempted=2 saved=2 failed=0
  Details: Batch finished: 2 saved, 0 failed. Latest: b-famusth/subj-must10014-assessment (1370 chars).
  Queue: 57 program(s) prioritised — 0 still to assemble
------------------------------------------------------------
[2026-08-27 01:04:55] ACTION=CAPTURE attempted=2 saved=2 failed=0
  Details: Batch finished: 2 saved, 0 failed. Latest: b-famusth/subj-must10016-assessment (1480 chars).
  Queue: 57 program(s) prioritised — 0 still to assemble
------------------------------------------------------------
[2026-08-27 01:07:52] ACTION=CAPTURE attempted=2 saved=2 failed=0
  Details: Batch finished: 2 saved, 0 failed. Latest: b-fafilmtv/subj-fltv20022 (2674 chars).
  Queue: 57 program(s) prioritised — 0 still to assemble
------------------------------------------------------------
[2026-08-27 01:09:58] ACTION=CAPTURE attempted=2 saved=2 failed=0
  Details: Batch finished: 2 saved, 0 failed. Latest: b-famusth/subj-must20012-assessment (1302 chars).
  Queue: 57 program(s) prioritised — 0 still to assemble
------------------------------------------------------------
[2026-08-27 01:11:55] ACTION=CAPTURE attempted=2 saved=2 failed=0
  Details: Batch finished: 2 saved, 0 failed. Latest: b-famusth/subj-must20014-assessment (1240 chars).
  Queue: 57 program(s) prioritised — 0 still to assemble
------------------------------------------------------------
[2026-08-27 01:13:53] ACTION=CAPTURE attempted=2 saved=2 failed=0
  Details: Batch finished: 2 saved, 0 failed. Latest: b-famusth/subj-must20015-assessment (1423 chars).
  Queue: 57 program(s) prioritised — 0 still to assemble
------------------------------------------------------------
[2026-08-27 01:15:59] ACTION=CAPTURE attempted=2 saved=2 failed=0
  Details: Batch finished: 2 saved, 0 failed. Latest: b-fafilmtv/subj-fltv30027 (1988 chars).
  Queue: 57 program(s) prioritised — 0 still to assemble
------------------------------------------------------------
[2026-08-27 01:18:10] ACTION=CAPTURE attempted=2 saved=2 failed=0
  Details: Batch finished: 2 saved, 0 failed. Latest: b-famusth/subj-must30013-assessment (2094 chars).
  Queue: 57 program(s) prioritised — 0 still to assemble
------------------------------------------------------------
[2026-08-27 01:24:10] ACTION=CAPTURE attempted=2 saved=2 failed=0
  Details: Batch finished: 2 saved, 0 failed. Latest: b-fafilmtv/subj-fltv20006 (2197 chars).
  Queue: 57 program(s) prioritised — 0 still to assemble
------------------------------------------------------------
[2026-08-27 01:27:13] ACTION=CAPTURE attempted=2 saved=2 failed=0
  Details: Batch finished: 2 saved, 0 failed. Latest: b-famusth/subj-must30014-assessment (1446 chars).
  Queue: 57 program(s) prioritised — 0 still to assemble
------------------------------------------------------------
[2026-08-27 01:30:31] ACTION=CAPTURE attempted=2 saved=2 failed=0
  Details: Batch finished: 2 saved, 0 failed. Latest: b-fafilmtv/subj-fltv30009 (1831 chars).
  Queue: 57 program(s) prioritised — 0 still to assemble
------------------------------------------------------------
[2026-08-27 01:33:08] ACTION=CAPTURE attempted=2 saved=2 failed=0
  Details: Batch finished: 2 saved, 0 failed. Latest: b-famusth/subj-must30015-assessment (1401 chars).
  Queue: 57 program(s) prioritised — 0 still to assemble
------------------------------------------------------------
[2026-08-27 01:36:11] ACTION=CAPTURE attempted=2 saved=2 failed=0
  Details: Batch finished: 2 saved, 0 failed. Latest: b-famusth/subj-must30011-assessment (1616 chars).
  Queue: 57 program(s) prioritised — 0 still to assemble
------------------------------------------------------------
[2026-08-27 01:39:10] ACTION=CAPTURE attempted=2 saved=2 failed=0
  Details: Batch finished: 2 saved, 0 failed. Latest: b-famusth/subj-must30016-assessment (1196 chars).
  Queue: 57 program(s) prioritised — 0 still to assemble
------------------------------------------------------------
[2026-08-27 01:42:07] ACTION=CAPTURE attempted=2 saved=2 failed=0
  Details: Batch finished: 2 saved, 0 failed. Latest: b-famusth/subj-must30018-assessment (1197 chars).
  Queue: 57 program(s) prioritised — 0 still to assemble
------------------------------------------------------------
[2026-08-27 01:44:01] ACTION=CAPTURE attempted=2 saved=2 failed=0
  Details: Batch finished: 2 saved, 0 failed. Latest: b-fascwri/course (3143 chars).
  Queue: 57 program(s) prioritised — 0 still to assemble
------------------------------------------------------------
[2026-08-27 01:46:05] ACTION=CAPTURE attempted=2 saved=2 failed=0
  Details: Batch finished: 2 saved, 0 failed. Latest: b-fapro/subj-crea10002-assessment (2168 chars).
  Queue: 57 program(s) prioritised — 0 still to assemble
------------------------------------------------------------
[2026-08-27 01:48:14] ACTION=CAPTURE attempted=2 saved=2 failed=0
  Details: Batch finished: 2 saved, 0 failed. Latest: b-fapro/subj-dpss10005-assessment (1139 chars).
  Queue: 57 program(s) prioritised — 0 still to assemble
------------------------------------------------------------
[2026-08-27 01:51:22] ACTION=ERROR attempted=0 saved=0 failed=0
  Reason: Challenge detected: challenge page detected: rew-the-dare-is-thounce
  Queue: BREAKER OPEN — cooling off: 29m left, consecutive block 1, reason 'challenge page detected: rew-the-dare-is-thounce'
------------------------------------------------------------
[2026-08-27 02:22:14] ACTION=CAPTURE attempted=2 saved=2 failed=0
  Details: Batch finished: 2 saved, 0 failed. Latest: b-fadance/structure (4015 chars).
  Queue: 57 program(s) prioritised — 0 still to assemble
------------------------------------------------------------
[2026-08-27 02:26:14] ACTION=CAPTURE attempted=2 saved=2 failed=0
  Details: Batch finished: 2 saved, 0 failed. Latest: b-fadance/subj-dnce10029 (3168 chars).
  Queue: 57 program(s) prioritised — 0 still to assemble
------------------------------------------------------------
[2026-08-27 02:29:16] ACTION=CAPTURE attempted=2 saved=2 failed=0
  Details: Batch finished: 2 saved, 0 failed. Latest: b-fadance/subj-dnce10031 (2512 chars).
  Queue: 57 program(s) prioritised — 0 still to assemble
------------------------------------------------------------
[2026-08-27 02:32:14] ACTION=CAPTURE attempted=2 saved=2 failed=0
  Details: Batch finished: 2 saved, 0 failed. Latest: b-fadance/subj-dnce20034 (2738 chars).
  Queue: 57 program(s) prioritised — 0 still to assemble
------------------------------------------------------------
[2026-08-27 02:35:07] ACTION=CAPTURE attempted=2 saved=2 failed=0
  Details: Batch finished: 2 saved, 0 failed. Latest: b-fadance/subj-dnce20036 (2704 chars).
  Queue: 57 program(s) prioritised — 0 still to assemble
------------------------------------------------------------
[2026-08-27 02:37:16] ACTION=CAPTURE attempted=2 saved=2 failed=0
  Details: Batch finished: 2 saved, 0 failed. Latest: b-fadance/subj-dnce20038 (1979 chars).
  Queue: 57 program(s) prioritised — 0 still to assemble
------------------------------------------------------------
[2026-08-27 02:40:10] ACTION=CAPTURE attempted=2 saved=2 failed=0
  Details: Batch finished: 2 saved, 0 failed. Latest: b-fadance/subj-dnce30026 (2369 chars).
  Queue: 57 program(s) prioritised — 0 still to assemble
------------------------------------------------------------
[2026-08-27 02:43:05] ACTION=CAPTURE attempted=2 saved=2 failed=0
  Details: Batch finished: 2 saved, 0 failed. Latest: b-fadance/subj-dnce30027 (1838 chars).
  Queue: 57 program(s) prioritised — 0 still to assemble
------------------------------------------------------------
[2026-08-27 02:45:14] ACTION=CAPTURE attempted=2 saved=2 failed=0
  Details: Batch finished: 2 saved, 0 failed. Latest: b-fadance/subj-dnce30029 (2838 chars).
  Queue: 57 program(s) prioritised — 0 still to assemble
------------------------------------------------------------
[2026-08-27 02:49:13] ACTION=CAPTURE attempted=2 saved=2 failed=0
  Details: Batch finished: 2 saved, 0 failed. Latest: b-fadance/subj-dnce10030 (3051 chars).
  Queue: 57 program(s) prioritised — 0 still to assemble
------------------------------------------------------------
[2026-08-27 02:53:17] ACTION=CAPTURE attempted=2 saved=2 failed=0
  Details: Batch finished: 2 saved, 0 failed. Latest: b-fadance/subj-dnce30030 (1610 chars).
  Queue: 57 program(s) prioritised — 0 still to assemble
------------------------------------------------------------
[2026-08-27 02:56:14] ACTION=CAPTURE attempted=2 saved=2 failed=0
  Details: Batch finished: 2 saved, 0 failed. Latest: b-fafilmtv/subj-fltv10008-assessment (1760 chars).
  Queue: 57 program(s) prioritised — 0 still to assemble
------------------------------------------------------------
[2026-08-27 02:59:08] ACTION=CAPTURE attempted=2 saved=2 failed=0
  Details: Batch finished: 2 saved, 0 failed. Latest: b-fafilmtv/subj-fltv20006-assessment (1857 chars).
  Queue: 57 program(s) prioritised — 0 still to assemble
------------------------------------------------------------
[2026-08-27 03:02:04] ACTION=CAPTURE attempted=2 saved=2 failed=0
  Details: Batch finished: 2 saved, 0 failed. Latest: b-fafilmtv/subj-fltv20009-assessment (1768 chars).
  Queue: 57 program(s) prioritised — 0 still to assemble
------------------------------------------------------------
[2026-08-27 03:05:04] ACTION=CAPTURE attempted=2 saved=2 failed=0
  Details: Batch finished: 2 saved, 0 failed. Latest: b-famusth/subj-must20013 (1996 chars).
  Queue: 57 program(s) prioritised — 0 still to assemble
------------------------------------------------------------
[2026-08-27 03:07:07] ACTION=CAPTURE attempted=2 saved=2 failed=0
  Details: Batch finished: 2 saved, 0 failed. Latest: b-famusth/subj-must30017 (1550 chars).
  Queue: 57 program(s) prioritised — 0 still to assemble
------------------------------------------------------------
[2026-08-27 03:10:07] ACTION=CAPTURE attempted=2 saved=2 failed=0
  Details: Batch finished: 2 saved, 0 failed. Latest: b-fapro/course (3001 chars).
  Queue: 57 program(s) prioritised — 0 still to assemble
------------------------------------------------------------
[2026-08-27 03:12:08] ACTION=CAPTURE attempted=2 saved=2 failed=0
  Details: Batch finished: 2 saved, 0 failed. Latest: b-fapro/subj-dpss10008 (2109 chars).
  Queue: 57 program(s) prioritised — 0 still to assemble
------------------------------------------------------------
[2026-08-27 03:14:16] ACTION=CAPTURE attempted=2 saved=2 failed=0
  Details: Batch finished: 2 saved, 0 failed. Latest: b-fapro/subj-dpss10009 (2456 chars).
  Queue: 57 program(s) prioritised — 0 still to assemble
------------------------------------------------------------
[2026-08-27 03:16:58] ACTION=CAPTURE attempted=2 saved=2 failed=0
  Details: Batch finished: 2 saved, 0 failed. Latest: b-fapro/subj-dpss10010 (2234 chars).
  Queue: 57 program(s) prioritised — 0 still to assemble
------------------------------------------------------------
[2026-08-27 03:18:57] ACTION=CAPTURE attempted=2 saved=2 failed=0
  Details: Batch finished: 2 saved, 0 failed. Latest: b-fapro/subj-dpss20010 (1979 chars).
  Queue: 57 program(s) prioritised — 0 still to assemble
------------------------------------------------------------
[2026-08-27 03:20:56] ACTION=CAPTURE attempted=2 saved=2 failed=0
  Details: Batch finished: 2 saved, 0 failed. Latest: b-fapro/subj-dpss20011 (2328 chars).
  Queue: 57 program(s) prioritised — 0 still to assemble
------------------------------------------------------------
[2026-08-27 03:23:00] ACTION=CAPTURE attempted=2 saved=2 failed=0
  Details: Batch finished: 2 saved, 0 failed. Latest: b-fapro/subj-dpss20012 (2020 chars).
  Queue: 57 program(s) prioritised — 0 still to assemble
------------------------------------------------------------
[2026-08-27 03:24:56] ACTION=CAPTURE attempted=2 saved=2 failed=0
  Details: Batch finished: 2 saved, 0 failed. Latest: b-fapro/subj-dpss30007 (2639 chars).
  Queue: 57 program(s) prioritised — 0 still to assemble
------------------------------------------------------------
[2026-08-27 03:27:06] ACTION=CAPTURE attempted=2 saved=2 failed=0
  Details: Batch finished: 2 saved, 0 failed. Latest: b-fapro/subj-dpss30008 (3259 chars).
  Queue: 57 program(s) prioritised — 0 still to assemble
------------------------------------------------------------
[2026-08-27 03:28:58] ACTION=CAPTURE attempted=2 saved=2 failed=0
  Details: Batch finished: 2 saved, 0 failed. Latest: b-fapro/subj-dpss30009 (3336 chars).
  Queue: 57 program(s) prioritised — 0 still to assemble
------------------------------------------------------------
[2026-08-27 03:31:04] ACTION=CAPTURE attempted=2 saved=2 failed=0
  Details: Batch finished: 2 saved, 0 failed. Latest: b-fapro/subj-dpss30010 (3507 chars).
  Queue: 57 program(s) prioritised — 0 still to assemble
------------------------------------------------------------
[2026-08-27 03:32:55] ACTION=CAPTURE attempted=2 saved=2 failed=0
  Details: Batch finished: 2 saved, 0 failed. Latest: b-fapro/subj-dpss30011 (2085 chars).
  Queue: 57 program(s) prioritised — 0 still to assemble
------------------------------------------------------------
[2026-08-27 03:35:03] ACTION=CAPTURE attempted=2 saved=2 failed=0
  Details: Batch finished: 2 saved, 0 failed. Latest: b-fascwri/attributes (4402 chars).
  Queue: 57 program(s) prioritised — 0 still to assemble
------------------------------------------------------------
[2026-08-27 03:37:08] ACTION=CAPTURE attempted=2 saved=2 failed=0
  Details: Batch finished: 2 saved, 0 failed. Latest: b-fath/course (5115 chars).
  Queue: 57 program(s) prioritised — 0 still to assemble
------------------------------------------------------------
[2026-08-27 03:38:57] ACTION=CAPTURE attempted=2 saved=2 failed=0
  Details: Batch finished: 2 saved, 0 failed. Latest: b-fascwri/subj-crea10002 (3661 chars).
  Queue: 57 program(s) prioritised — 0 still to assemble
------------------------------------------------------------
[2026-08-27 03:41:03] ACTION=CAPTURE attempted=2 saved=2 failed=0
  Details: Batch finished: 2 saved, 0 failed. Latest: b-fascwri/subj-dram10026 (3269 chars).
  Queue: 57 program(s) prioritised — 0 still to assemble
------------------------------------------------------------
[2026-08-27 03:43:01] ACTION=CAPTURE attempted=2 saved=2 failed=0
  Details: Batch finished: 2 saved, 0 failed. Latest: b-fadance/subj-dnce20039 (1743 chars).
  Queue: 57 program(s) prioritised — 0 still to assemble
------------------------------------------------------------
[2026-08-27 03:45:06] ACTION=CAPTURE attempted=2 saved=2 failed=0
  Details: Batch finished: 2 saved, 0 failed. Latest: b-fascwri/subj-fltv10012 (1721 chars).
  Queue: 57 program(s) prioritised — 0 still to assemble
------------------------------------------------------------
[2026-08-27 03:47:00] ACTION=CAPTURE attempted=2 saved=2 failed=0
  Details: Batch finished: 2 saved, 0 failed. Latest: b-fascwri/subj-fltv10015 (1913 chars).
  Queue: 57 program(s) prioritised — 0 still to assemble
------------------------------------------------------------
[2026-08-27 03:49:01] ACTION=CAPTURE attempted=2 saved=2 failed=0
  Details: Batch finished: 2 saved, 0 failed. Latest: b-fascwri/subj-fltv10025 (1966 chars).
  Queue: 57 program(s) prioritised — 0 still to assemble
------------------------------------------------------------
[2026-08-27 03:51:05] ACTION=CAPTURE attempted=2 saved=2 failed=0
  Details: Batch finished: 2 saved, 0 failed. Latest: b-fadance/subj-crea10002 (3661 chars).
  Queue: 57 program(s) prioritised — 0 still to assemble
------------------------------------------------------------
[2026-08-27 03:53:07] ACTION=CAPTURE attempted=2 saved=2 failed=0
  Details: Batch finished: 2 saved, 0 failed. Latest: b-fascwri/subj-fltv20012 (2116 chars).
  Queue: 57 program(s) prioritised — 0 still to assemble
------------------------------------------------------------
[2026-08-27 03:55:03] ACTION=CAPTURE attempted=2 saved=2 failed=0
  Details: Batch finished: 2 saved, 0 failed. Latest: b-fascwri/subj-fltv20017 (2099 chars).
  Queue: 57 program(s) prioritised — 0 still to assemble
------------------------------------------------------------
[2026-08-27 03:58:03] ACTION=CAPTURE attempted=2 saved=2 failed=0
  Details: Batch finished: 2 saved, 0 failed. Latest: b-fascwri/subj-fltv20018 (2025 chars).
  Queue: 57 program(s) prioritised — 0 still to assemble
------------------------------------------------------------
[2026-08-27 04:00:02] ACTION=CAPTURE attempted=2 saved=2 failed=0
  Details: Batch finished: 2 saved, 0 failed. Latest: b-fascwri/subj-fltv20023 (2519 chars).
  Queue: 57 program(s) prioritised — 0 still to assemble
------------------------------------------------------------
[2026-08-27 04:07:24] ACTION=CAPTURE attempted=2 saved=2 failed=0
  Details: Batch finished: 2 saved, 0 failed. Latest: b-fadance/subj-dnce20037 (2730 chars).
  Queue: 57 program(s) prioritised — 0 still to assemble
------------------------------------------------------------
[2026-08-27 04:10:12] ACTION=CAPTURE attempted=2 saved=2 failed=0
  Details: Batch finished: 2 saved, 0 failed. Latest: b-fapro/subj-dpss20013 (2326 chars).
  Queue: 57 program(s) prioritised — 0 still to assemble
------------------------------------------------------------
[2026-08-27 04:29:31] ACTION=ERROR attempted=0 saved=0 failed=0
  Reason: Challenge detected: challenge page detected: rew-the-dare-is-thounce
  Queue: BREAKER OPEN — cooling off: 29m left, consecutive block 1, reason 'challenge page detected: rew-the-dare-is-thounce'
------------------------------------------------------------
[2026-08-27 05:00:08] ACTION=CAPTURE attempted=2 saved=2 failed=0
  Details: Batch finished: 2 saved, 0 failed. Latest: b-fadance/subj-dnce10032 (2238 chars).
  Queue: 57 program(s) prioritised — 0 still to assemble
------------------------------------------------------------
[2026-08-27 05:03:18] ACTION=CAPTURE attempted=2 saved=2 failed=0
  Details: Batch finished: 2 saved, 0 failed. Latest: b-fadance/subj-dnce30028 (2013 chars).
  Queue: 57 program(s) prioritised — 0 still to assemble
------------------------------------------------------------
[2026-08-27 05:06:08] ACTION=CAPTURE attempted=2 saved=2 failed=0
  Details: Batch finished: 2 saved, 0 failed. Latest: b-fapro/subj-dpss20009 (1393 chars).
  Queue: 57 program(s) prioritised — 0 still to assemble
------------------------------------------------------------
[2026-08-27 05:09:23] ACTION=CAPTURE attempted=2 saved=2 failed=0
  Details: Batch finished: 2 saved, 0 failed. Latest: b-fascwri/subj-fltv20011 (2074 chars).
  Queue: 57 program(s) prioritised — 0 still to assemble
------------------------------------------------------------
[2026-08-27 05:12:18] ACTION=CAPTURE attempted=2 saved=2 failed=0
  Details: Batch finished: 2 saved, 0 failed. Latest: b-fascwri/subj-fltv30028 (3025 chars).
  Queue: 57 program(s) prioritised — 0 still to assemble
------------------------------------------------------------
[2026-08-27 05:16:19] ACTION=CAPTURE attempted=2 saved=2 failed=0
  Details: Batch finished: 2 saved, 0 failed. Latest: b-fascwri/subj-fltv30030 (2202 chars).
  Queue: 57 program(s) prioritised — 0 still to assemble
------------------------------------------------------------
[2026-08-27 05:18:22] ACTION=CAPTURE attempted=2 saved=2 failed=0
  Details: Batch finished: 2 saved, 0 failed. Latest: b-fath/attributes (3947 chars).
  Queue: 57 program(s) prioritised — 0 still to assemble
------------------------------------------------------------
[2026-08-27 05:21:20] ACTION=CAPTURE attempted=2 saved=2 failed=0
  Details: Batch finished: 2 saved, 0 failed. Latest: b-favisart/course (3179 chars).
  Queue: 57 program(s) prioritised — 0 still to assemble
------------------------------------------------------------
[2026-08-27 05:24:19] ACTION=CAPTURE attempted=2 saved=2 failed=0
  Details: Batch finished: 2 saved, 0 failed. Latest: b-fath/subj-crea10002 (3661 chars).
  Queue: 57 program(s) prioritised — 0 still to assemble
------------------------------------------------------------
[2026-08-27 05:27:19] ACTION=CAPTURE attempted=2 saved=2 failed=0
  Details: Batch finished: 2 saved, 0 failed. Latest: b-fath/subj-dram10026 (3269 chars).
  Queue: 57 program(s) prioritised — 0 still to assemble
------------------------------------------------------------
[2026-08-27 05:31:08] ACTION=CAPTURE attempted=2 saved=2 failed=0
  Details: Batch finished: 2 saved, 0 failed. Latest: b-fath/subj-dram10032 (2179 chars).
  Queue: 57 program(s) prioritised — 0 still to assemble
------------------------------------------------------------
[2026-08-27 05:34:23] ACTION=CAPTURE attempted=2 saved=2 failed=0
  Details: Batch finished: 2 saved, 0 failed. Latest: b-fath/subj-dram10034 (2060 chars).
  Queue: 57 program(s) prioritised — 0 still to assemble
------------------------------------------------------------
[2026-08-27 05:37:20] ACTION=CAPTURE attempted=2 saved=2 failed=0
  Details: Batch finished: 2 saved, 0 failed. Latest: b-fath/subj-dram10036 (2765 chars).
  Queue: 57 program(s) prioritised — 0 still to assemble
------------------------------------------------------------
[2026-08-27 05:40:18] ACTION=CAPTURE attempted=2 saved=2 failed=0
  Details: Batch finished: 2 saved, 0 failed. Latest: b-fath/subj-dram10037 (2916 chars).
  Queue: 57 program(s) prioritised — 0 still to assemble
------------------------------------------------------------
[2026-08-27 05:43:19] ACTION=CAPTURE attempted=2 saved=2 failed=0
  Details: Batch finished: 2 saved, 0 failed. Latest: b-fath/subj-dram20032 (1928 chars).
  Queue: 57 program(s) prioritised — 0 still to assemble
------------------------------------------------------------
[2026-08-27 05:46:10] ACTION=CAPTURE attempted=2 saved=2 failed=0
  Details: Batch finished: 2 saved, 0 failed. Latest: b-fath/subj-dram20033 (2116 chars).
  Queue: 57 program(s) prioritised — 0 still to assemble
------------------------------------------------------------
[2026-08-27 05:48:12] ACTION=CAPTURE attempted=2 saved=2 failed=0
  Details: Batch finished: 2 saved, 0 failed. Latest: b-fath/subj-dram20034 (2765 chars).
  Queue: 57 program(s) prioritised — 0 still to assemble
------------------------------------------------------------
[2026-08-27 05:50:10] ACTION=CAPTURE attempted=2 saved=2 failed=0
  Details: Batch finished: 2 saved, 0 failed. Latest: b-fath/subj-dram30033 (2873 chars).
  Queue: 57 program(s) prioritised — 0 still to assemble
------------------------------------------------------------
[2026-08-27 05:52:12] ACTION=CAPTURE attempted=2 saved=2 failed=0
  Details: Batch finished: 2 saved, 0 failed. Latest: b-fath/subj-dram30034 (2018 chars).
  Queue: 57 program(s) prioritised — 0 still to assemble
------------------------------------------------------------
[2026-08-27 05:54:14] ACTION=CAPTURE attempted=2 saved=2 failed=0
  Details: Batch finished: 2 saved, 0 failed. Latest: b-fascwri/subj-fltv30015 (1781 chars).
  Queue: 57 program(s) prioritised — 0 still to assemble
------------------------------------------------------------
[2026-08-27 05:57:14] ACTION=CAPTURE attempted=2 saved=2 failed=0
  Details: Batch finished: 2 saved, 0 failed. Latest: b-fascwri/subj-fltv30029 (2087 chars).
  Queue: 57 program(s) prioritised — 0 still to assemble
------------------------------------------------------------
[2026-08-27 05:59:20] ACTION=CAPTURE attempted=2 saved=2 failed=0
  Details: Batch finished: 2 saved, 0 failed. Latest: b-fath/subj-dram30038 (2111 chars).
  Queue: 57 program(s) prioritised — 0 still to assemble
------------------------------------------------------------
[2026-08-27 06:02:50] ACTION=CAPTURE attempted=2 saved=2 failed=0
  Details: Batch finished: 2 saved, 0 failed. Latest: b-favisart/attributes (4388 chars).
  Queue: 57 program(s) prioritised — 0 still to assemble
------------------------------------------------------------
[2026-08-27 06:13:52] ACTION=CAPTURE attempted=2 saved=2 failed=0
  Details: Batch finished: 2 saved, 0 failed. Latest: b-fadance/subj-dnce20035 (2303 chars).
  Queue: 57 program(s) prioritised — 0 still to assemble
------------------------------------------------------------
[2026-08-27 06:17:15] ACTION=CAPTURE attempted=2 saved=2 failed=0
  Details: Batch finished: 2 saved, 0 failed. Latest: b-fascwri/subj-fltv10009 (1900 chars).
  Queue: 57 program(s) prioritised — 0 still to assemble
------------------------------------------------------------
[2026-08-27 06:19:16] ACTION=CAPTURE attempted=2 saved=2 failed=0
  Details: Batch finished: 2 saved, 0 failed. Latest: b-fath/subj-dram30035 (1961 chars).
  Queue: 57 program(s) prioritised — 0 still to assemble
------------------------------------------------------------
[2026-08-27 06:22:11] ACTION=CAPTURE attempted=2 saved=2 failed=0
  Details: Batch finished: 2 saved, 0 failed. Latest: b-fath/subj-dram30037 (2017 chars).
  Queue: 57 program(s) prioritised — 0 still to assemble
------------------------------------------------------------
[2026-08-27 06:24:23] ACTION=CAPTURE attempted=2 saved=2 failed=0
  Details: Batch finished: 2 saved, 0 failed. Latest: b-mus/course (2471 chars).
  Queue: 57 program(s) prioritised — 0 still to assemble
------------------------------------------------------------
[2026-08-27 06:26:14] ACTION=CAPTURE attempted=2 saved=2 failed=0
  Details: Batch finished: 2 saved, 0 failed. Latest: b-favisart/subj-fina10025 (3006 chars).
  Queue: 57 program(s) prioritised — 0 still to assemble
------------------------------------------------------------
[2026-08-27 06:28:13] ACTION=CAPTURE attempted=2 saved=2 failed=0
  Details: Batch finished: 2 saved, 0 failed. Latest: b-favisart/subj-fina10032 (2537 chars).
  Queue: 57 program(s) prioritised — 0 still to assemble
------------------------------------------------------------
[2026-08-27 06:30:13] ACTION=CAPTURE attempted=2 saved=2 failed=0
  Details: Batch finished: 2 saved, 0 failed. Latest: b-favisart/subj-fina20027 (3122 chars).
  Queue: 57 program(s) prioritised — 0 still to assemble
------------------------------------------------------------
[2026-08-27 06:32:13] ACTION=CAPTURE attempted=2 saved=2 failed=0
  Details: Batch finished: 2 saved, 0 failed. Latest: b-favisart/subj-fina20030 (3277 chars).
  Queue: 57 program(s) prioritised — 0 still to assemble
------------------------------------------------------------
[2026-08-27 06:34:04] ACTION=CAPTURE attempted=2 saved=2 failed=0
  Details: Batch finished: 2 saved, 0 failed. Latest: b-favisart/subj-fina20032 (2891 chars).
  Queue: 57 program(s) prioritised — 0 still to assemble
------------------------------------------------------------
[2026-08-27 06:36:03] ACTION=CAPTURE attempted=2 saved=2 failed=0
  Details: Batch finished: 2 saved, 0 failed. Latest: b-favisart/subj-fina30017 (2727 chars).
  Queue: 57 program(s) prioritised — 0 still to assemble
------------------------------------------------------------
[2026-08-27 06:38:06] ACTION=CAPTURE attempted=2 saved=2 failed=0
  Details: Batch finished: 2 saved, 0 failed. Latest: b-favisart/subj-fina30018 (3143 chars).
  Queue: 57 program(s) prioritised — 0 still to assemble
------------------------------------------------------------
[2026-08-27 06:40:02] ACTION=CAPTURE attempted=2 saved=2 failed=0
  Details: Batch finished: 2 saved, 0 failed. Latest: b-favisart/subj-fina30025 (1740 chars).
  Queue: 57 program(s) prioritised — 0 still to assemble
------------------------------------------------------------
[2026-08-27 06:42:06] ACTION=CAPTURE attempted=2 saved=2 failed=0
  Details: Batch finished: 2 saved, 0 failed. Latest: b-favisart/subj-fina30027 (2049 chars).
  Queue: 57 program(s) prioritised — 0 still to assemble
------------------------------------------------------------
[2026-08-27 06:44:04] ACTION=CAPTURE attempted=2 saved=2 failed=0
  Details: Batch finished: 2 saved, 0 failed. Latest: b-favisart/subj-fina30028 (3145 chars).
  Queue: 57 program(s) prioritised — 0 still to assemble
------------------------------------------------------------
[2026-08-27 06:46:04] ACTION=CAPTURE attempted=2 saved=2 failed=0
  Details: Batch finished: 2 saved, 0 failed. Latest: b-mus/attributes (4634 chars).
  Queue: 57 program(s) prioritised — 0 still to assemble
------------------------------------------------------------
[2026-08-27 06:48:01] ACTION=CAPTURE attempted=2 saved=2 failed=0
  Details: Batch finished: 2 saved, 0 failed. Latest: b-sciextd/course (2198 chars).
  Queue: 57 program(s) prioritised — 0 still to assemble
------------------------------------------------------------
[2026-08-27 06:50:04] ACTION=CAPTURE attempted=2 saved=2 failed=0
  Details: Batch finished: 2 saved, 0 failed. Latest: b-mus/comp-b-mus-infspc-6 (8574 chars).
  Queue: 57 program(s) prioritised — 0 still to assemble
------------------------------------------------------------
[2026-08-27 06:52:09] ACTION=CAPTURE attempted=2 saved=2 failed=0
  Details: Batch finished: 2 saved, 0 failed. Latest: b-favisart/subj-fina20029 (2675 chars).
  Queue: 57 program(s) prioritised — 0 still to assemble
------------------------------------------------------------
[2026-08-27 06:54:04] ACTION=CAPTURE attempted=2 saved=2 failed=0
  Details: Batch finished: 2 saved, 0 failed. Latest: 294be/subj-busa90243 (2196 chars).
  Queue: 57 program(s) prioritised — 0 still to assemble
------------------------------------------------------------
[2026-08-27 06:56:06] ACTION=CAPTURE attempted=2 saved=2 failed=0
  Details: Batch finished: 2 saved, 0 failed. Latest: b-mus/subj-musi10041-assessment (1085 chars).
  Queue: 57 program(s) prioritised — 0 still to assemble
------------------------------------------------------------
[2026-08-27 06:58:01] ACTION=CAPTURE attempted=2 saved=2 failed=0
  Details: Batch finished: 2 saved, 0 failed. Latest: b-mus/subj-musi10052-assessment (1012 chars).
  Queue: 57 program(s) prioritised — 0 still to assemble
------------------------------------------------------------
[2026-08-27 07:00:40] ACTION=ERROR attempted=0 saved=0 failed=0
  Reason: Challenge detected: challenge page detected: rew-the-dare-is-thounce
  Queue: BREAKER OPEN — cooling off: 29m left, consecutive block 1, reason 'challenge page detected: rew-the-dare-is-thounce'
------------------------------------------------------------
[2026-08-27 07:32:02] ACTION=CAPTURE attempted=2 saved=2 failed=0
  Details: Batch finished: 2 saved, 0 failed. Latest: b-fascwri/subj-thtr10007 (2109 chars).
  Queue: 57 program(s) prioritised — 0 still to assemble
------------------------------------------------------------
[2026-08-27 07:36:08] ACTION=CAPTURE attempted=2 saved=2 failed=0
  Details: Batch finished: 2 saved, 0 failed. Latest: b-favisart/comp-b-favisart-stdopt-1 (5817 chars).
  Queue: 57 program(s) prioritised — 0 still to assemble
------------------------------------------------------------
[2026-08-27 07:39:14] ACTION=CAPTURE attempted=2 saved=2 failed=0
  Details: Batch finished: 2 saved, 0 failed. Latest: b-favisart/subj-fina10034 (3106 chars).
  Queue: 57 program(s) prioritised — 0 still to assemble
------------------------------------------------------------
[2026-08-27 07:43:42] ACTION=CAPTURE attempted=2 saved=2 failed=0
  Details: Batch finished: 2 saved, 0 failed. Latest: b-favisart/subj-fina30026 (2123 chars).
  Queue: 57 program(s) prioritised — 0 still to assemble
------------------------------------------------------------
[2026-08-27 07:48:15] ACTION=CAPTURE attempted=2 saved=2 failed=0
  Details: Batch finished: 2 saved, 0 failed. Latest: b-mus/subj-musi10042-assessment (1082 chars).
  Queue: 57 program(s) prioritised — 0 still to assemble
------------------------------------------------------------
[2026-08-27 07:51:55] ACTION=CAPTURE attempted=2 saved=2 failed=0
  Details: Batch finished: 2 saved, 0 failed. Latest: b-mus/subj-musi10053-assessment (1012 chars).
  Queue: 57 program(s) prioritised — 0 still to assemble
------------------------------------------------------------
[2026-08-27 07:56:18] ACTION=CAPTURE attempted=2 saved=2 failed=0
  Details: Batch finished: 2 saved, 0 failed. Latest: b-fath/subj-dram30035-assessment (1522 chars).
  Queue: 57 program(s) prioritised — 0 still to assemble
------------------------------------------------------------
[2026-08-27 08:07:33] ACTION=CAPTURE attempted=2 saved=2 failed=0
  Details: Batch finished: 2 saved, 0 failed. Latest: b-favisart/subj-fina20032-assessment (1484 chars).
  Queue: 57 program(s) prioritised — 0 still to assemble
------------------------------------------------------------
[2026-08-27 08:15:33] ACTION=CAPTURE attempted=2 saved=2 failed=0
  Details: Batch finished: 2 saved, 0 failed. Latest: b-mus/subj-musi10004 (2083 chars).
  Queue: 57 program(s) prioritised — 0 still to assemble
------------------------------------------------------------
[2026-08-27 08:17:29] ACTION=CAPTURE attempted=2 saved=2 failed=0
  Details: Batch finished: 2 saved, 0 failed. Latest: b-mus/subj-musi10057 (1777 chars).
  Queue: 57 program(s) prioritised — 0 still to assemble
------------------------------------------------------------
[2026-08-27 08:19:31] ACTION=CAPTURE attempted=2 saved=2 failed=0
  Details: Batch finished: 2 saved, 0 failed. Latest: b-mus/subj-musi10059 (2531 chars).
  Queue: 57 program(s) prioritised — 0 still to assemble
------------------------------------------------------------
[2026-08-27 08:33:30] ACTION=CAPTURE attempted=2 saved=2 failed=0
  Details: Batch finished: 2 saved, 0 failed. Latest: b-mus/subj-musi10060 (2609 chars).
  Queue: 57 program(s) prioritised — 0 still to assemble
------------------------------------------------------------
[2026-08-27 08:36:35] ACTION=CAPTURE attempted=2 saved=2 failed=0
  Details: Batch finished: 2 saved, 0 failed. Latest: b-mus/subj-musi10179 (2350 chars).
  Queue: 57 program(s) prioritised — 0 still to assemble
------------------------------------------------------------
[2026-08-27 08:39:32] ACTION=CAPTURE attempted=2 saved=2 failed=0
  Details: Batch finished: 2 saved, 0 failed. Latest: b-mus/subj-musi10058 (2530 chars).
  Queue: 57 program(s) prioritised — 0 still to assemble
------------------------------------------------------------
[2026-08-27 08:42:36] ACTION=CAPTURE attempted=2 saved=2 failed=0
  Details: Batch finished: 2 saved, 0 failed. Latest: b-mus/subj-musi10204 (1765 chars).
  Queue: 57 program(s) prioritised — 0 still to assemble
------------------------------------------------------------
[2026-08-27 08:45:34] ACTION=CAPTURE attempted=2 saved=2 failed=0
  Details: Batch finished: 2 saved, 0 failed. Latest: b-mus/subj-musi10227 (2055 chars).
  Queue: 57 program(s) prioritised — 0 still to assemble
------------------------------------------------------------
[2026-08-27 08:48:35] ACTION=CAPTURE attempted=2 saved=2 failed=0
  Details: Batch finished: 2 saved, 0 failed. Latest: b-sciextd/attributes (3884 chars).
  Queue: 57 program(s) prioritised — 0 still to assemble
------------------------------------------------------------
[2026-08-27 08:52:36] ACTION=CAPTURE attempted=2 saved=2 failed=0
  Details: Batch finished: 2 saved, 0 failed. Latest: d01lf/structure (3182 chars).
  Queue: 57 program(s) prioritised — 0 still to assemble
------------------------------------------------------------
[2026-08-27 08:56:35] ACTION=CAPTURE attempted=2 saved=2 failed=0
  Details: Batch finished: 2 saved, 0 failed. Latest: b-favisart/subj-fina10025-assessment (2766 chars).
  Queue: 57 program(s) prioritised — 0 still to assemble
------------------------------------------------------------
[2026-08-27 08:59:31] ACTION=CAPTURE attempted=2 saved=2 failed=0
  Details: Batch finished: 2 saved, 0 failed. Latest: b-mus/subj-musi10056 (1777 chars).
  Queue: 57 program(s) prioritised — 0 still to assemble
------------------------------------------------------------
[2026-08-27 09:04:10] ACTION=CAPTURE attempted=2 saved=2 failed=0
  Details: Batch finished: 2 saved, 0 failed. Latest: j17re/structure (2937 chars).
  Queue: 57 program(s) prioritised — 0 still to assemble
------------------------------------------------------------
[2026-08-27 09:15:11] ACTION=CAPTURE attempted=2 saved=2 failed=0
  Details: Batch finished: 2 saved, 0 failed. Latest: b-mus/subj-musi10230 (2766 chars).
  Queue: 57 program(s) prioritised — 0 still to assemble
------------------------------------------------------------
[2026-08-27 09:26:12] ACTION=CAPTURE attempted=2 saved=2 failed=0
  Details: Batch finished: 2 saved, 0 failed. Latest: b-mus/subj-musi10184 (2117 chars).
  Queue: 57 program(s) prioritised — 0 still to assemble
------------------------------------------------------------
[2026-08-27 09:28:36] ACTION=CAPTURE attempted=2 saved=2 failed=0
  Details: Batch finished: 2 saved, 0 failed. Latest: j17re/course (2656 chars).
  Queue: 57 program(s) prioritised — 0 still to assemble
------------------------------------------------------------
[2026-08-27 09:30:35] ACTION=CAPTURE attempted=2 saved=2 failed=0
  Details: Batch finished: 2 saved, 0 failed. Latest: j17re/subj-scwk90045-assessment (498 chars).
  Queue: 57 program(s) prioritised — 0 still to assemble
------------------------------------------------------------
[2026-08-27 09:33:37] ACTION=CAPTURE attempted=2 saved=2 failed=0
  Details: Batch finished: 2 saved, 0 failed. Latest: mc-actscen/attributes (3520 chars).
  Queue: 57 program(s) prioritised — 0 still to assemble
------------------------------------------------------------
[2026-08-27 09:36:42] ACTION=CAPTURE attempted=2 saved=2 failed=0
  Details: Batch finished: 2 saved, 0 failed. Latest: mc-actscex/course (1523 chars).
  Queue: 57 program(s) prioritised — 0 still to assemble
------------------------------------------------------------
[2026-08-27 09:39:33] ACTION=CAPTURE attempted=2 saved=2 failed=0
  Details: Batch finished: 2 saved, 0 failed. Latest: mc-actscen/subj-actl90001-assessment (895 chars).
  Queue: 57 program(s) prioritised — 0 still to assemble
------------------------------------------------------------
[2026-08-27 09:42:40] ACTION=CAPTURE attempted=2 saved=2 failed=0
  Details: Batch finished: 2 saved, 0 failed. Latest: mc-actscen/subj-actl90003-assessment (823 chars).
  Queue: 57 program(s) prioritised — 0 still to assemble
------------------------------------------------------------
[2026-08-27 09:45:38] ACTION=CAPTURE attempted=2 saved=2 failed=0
  Details: Batch finished: 2 saved, 0 failed. Latest: mc-actscen/subj-actl90006-assessment (839 chars).
  Queue: 57 program(s) prioritised — 0 still to assemble
------------------------------------------------------------
[2026-08-27 09:48:48] ACTION=CAPTURE attempted=2 saved=2 failed=0
  Details: Batch finished: 2 saved, 0 failed. Latest: d01lf/course (2023 chars).
  Queue: 57 program(s) prioritised — 0 still to assemble
------------------------------------------------------------
[2026-08-27 09:51:34] ACTION=CAPTURE attempted=2 saved=2 failed=0
  Details: Batch finished: 2 saved, 0 failed. Latest: b-sciextd/subj-mast10015-assessment (1323 chars).
  Queue: 57 program(s) prioritised — 0 still to assemble
------------------------------------------------------------
[2026-08-27 09:54:35] ACTION=CAPTURE attempted=2 saved=2 failed=0
  Details: Batch finished: 2 saved, 0 failed. Latest: b-sciextd/subj-scie10006-assessment (1239 chars).
  Queue: 57 program(s) prioritised — 0 still to assemble
------------------------------------------------------------
[2026-08-27 09:58:07] ACTION=CAPTURE attempted=2 saved=2 failed=0
  Details: Batch finished: 2 saved, 0 failed. Latest: b-sciextd/subj-scie10007-assessment (1383 chars).
  Queue: 57 program(s) prioritised — 0 still to assemble
------------------------------------------------------------
[2026-08-27 10:00:43] ACTION=CAPTURE attempted=2 saved=2 failed=0
  Details: Batch finished: 2 saved, 0 failed. Latest: b-sciextd/subj-scie10009-assessment (1429 chars).
  Queue: 57 program(s) prioritised — 0 still to assemble
------------------------------------------------------------
[2026-08-27 10:03:46] ACTION=CAPTURE attempted=2 saved=2 failed=0
  Details: Batch finished: 2 saved, 0 failed. Latest: d01lf/comp-d01lf-entry-2 (4466 chars).
  Queue: 57 program(s) prioritised — 0 still to assemble
------------------------------------------------------------
[2026-08-27 10:08:15] ACTION=CAPTURE attempted=2 saved=1 failed=1
  Details: Batch finished: 1 saved, 1 failed. Latest: d01lf/subj-cwri20005 (2332 chars).
  Queue: 57 program(s) prioritised — 0 still to assemble
------------------------------------------------------------
[2026-08-27 10:16:04] ACTION=CAPTURE attempted=2 saved=2 failed=0
  Details: Batch finished: 2 saved, 0 failed. Latest: b-sciextd/subj-mast10014-assessment (904 chars).
  Queue: 57 program(s) prioritised — 0 still to assemble
------------------------------------------------------------
[2026-08-27 10:18:34] ACTION=CAPTURE attempted=2 saved=2 failed=0
  Details: Batch finished: 2 saved, 0 failed. Latest: b-sciextd/subj-scie10005-assessment (1236 chars).
  Queue: 57 program(s) prioritised — 0 still to assemble
------------------------------------------------------------
[2026-08-27 10:21:04] ACTION=CAPTURE attempted=2 saved=2 failed=0
  Details: Batch finished: 2 saved, 0 failed. Latest: d01lf/subj-cwri20007-assessment (1612 chars).
  Queue: 57 program(s) prioritised — 0 still to assemble
------------------------------------------------------------
[2026-08-27 10:22:59] ACTION=CAPTURE attempted=2 saved=2 failed=0
  Details: Batch finished: 2 saved, 0 failed. Latest: d01lf/subj-cwri20010-assessment (2247 chars).
  Queue: 57 program(s) prioritised — 0 still to assemble
------------------------------------------------------------
[2026-08-27 10:24:57] ACTION=CAPTURE attempted=2 saved=2 failed=0
  Details: Batch finished: 2 saved, 0 failed. Latest: d01lf/subj-cwri20012-assessment (1690 chars).
  Queue: 57 program(s) prioritised — 0 still to assemble
------------------------------------------------------------
[2026-08-27 10:28:00] ACTION=CAPTURE attempted=2 saved=2 failed=0
  Details: Batch finished: 2 saved, 0 failed. Latest: d01lf/subj-cwri30001 (2957 chars).
  Queue: 57 program(s) prioritised — 0 still to assemble
------------------------------------------------------------
[2026-08-27 10:30:00] ACTION=CAPTURE attempted=2 saved=2 failed=0
  Details: Batch finished: 2 saved, 0 failed. Latest: d01lf/subj-cwri30013 (3345 chars).
  Queue: 57 program(s) prioritised — 0 still to assemble
------------------------------------------------------------
[2026-08-27 10:32:03] ACTION=CAPTURE attempted=2 saved=2 failed=0
  Details: Batch finished: 2 saved, 0 failed. Latest: d01lf/subj-cwri30015 (2898 chars).
  Queue: 57 program(s) prioritised — 0 still to assemble
------------------------------------------------------------
[2026-08-27 10:35:04] ACTION=CAPTURE attempted=2 saved=2 failed=0
  Details: Batch finished: 2 saved, 0 failed. Latest: d01lf/subj-cwri90016 (1664 chars).
  Queue: 57 program(s) prioritised — 0 still to assemble
------------------------------------------------------------
[2026-08-27 10:37:59] ACTION=CAPTURE attempted=2 saved=2 failed=0
  Details: Batch finished: 2 saved, 0 failed. Latest: d01lf/subj-cwri90020 (2255 chars).
  Queue: 57 program(s) prioritised — 0 still to assemble
------------------------------------------------------------
[2026-08-27 10:41:07] ACTION=CAPTURE attempted=2 saved=2 failed=0
  Details: Batch finished: 2 saved, 0 failed. Latest: b-sciextd/subj-scie10008-assessment (1426 chars).
  Queue: 57 program(s) prioritised — 0 still to assemble
------------------------------------------------------------
[2026-08-27 10:43:05] ACTION=CAPTURE attempted=2 saved=2 failed=0
  Details: Batch finished: 2 saved, 0 failed. Latest: d01lf/subj-publ90001 (3180 chars).
  Queue: 57 program(s) prioritised — 0 still to assemble
------------------------------------------------------------
[2026-08-27 10:45:04] ACTION=CAPTURE attempted=2 saved=2 failed=0
  Details: Batch finished: 2 saved, 0 failed. Latest: d01lf/subj-publ90002 (2416 chars).
  Queue: 57 program(s) prioritised — 0 still to assemble
------------------------------------------------------------
[2026-08-27 10:50:18] ACTION=CAPTURE attempted=2 saved=2 failed=0
  Details: Batch finished: 2 saved, 0 failed. Latest: d01lf/subj-cwri30006 (2651 chars).
  Queue: 57 program(s) prioritised — 0 still to assemble
------------------------------------------------------------
[2026-08-27 10:53:11] ACTION=CAPTURE attempted=2 saved=2 failed=0
  Details: Batch finished: 2 saved, 0 failed. Latest: j17re/subj-scwk90046 (1288 chars).
  Queue: 57 program(s) prioritised — 0 still to assemble
------------------------------------------------------------
[2026-08-27 10:56:10] ACTION=CAPTURE attempted=2 saved=2 failed=0
  Details: Batch finished: 2 saved, 0 failed. Latest: mc-actscen/subj-actl90002 (1809 chars).
  Queue: 57 program(s) prioritised — 0 still to assemble
------------------------------------------------------------
[2026-08-27 10:59:16] ACTION=CAPTURE attempted=2 saved=2 failed=0
  Details: Batch finished: 2 saved, 0 failed. Latest: mc-actscen/subj-actl90007 (2050 chars).
  Queue: 57 program(s) prioritised — 0 still to assemble
------------------------------------------------------------
[2026-08-27 11:01:03] ACTION=CAPTURE attempted=2 saved=2 failed=0
  Details: Batch finished: 2 saved, 0 failed. Latest: b-mus/subj-musi10219 (1705 chars).
  Queue: 57 program(s) prioritised — 0 still to assemble
------------------------------------------------------------
[2026-08-27 11:04:05] ACTION=CAPTURE attempted=2 saved=2 failed=0
  Details: Batch finished: 2 saved, 0 failed. Latest: mc-actscen/subj-actl90010 (2219 chars).
  Queue: 57 program(s) prioritised — 0 still to assemble
------------------------------------------------------------
[2026-08-27 11:07:15] ACTION=CAPTURE attempted=2 saved=2 failed=0
  Details: Batch finished: 2 saved, 0 failed. Latest: mc-actscen/subj-actl90019 (2068 chars).
  Queue: 57 program(s) prioritised — 0 still to assemble
------------------------------------------------------------
[2026-08-27 11:09:05] ACTION=CAPTURE attempted=2 saved=2 failed=0
  Details: Batch finished: 2 saved, 0 failed. Latest: mc-actscen/subj-actl90021 (1627 chars).
  Queue: 57 program(s) prioritised — 0 still to assemble
------------------------------------------------------------
[2026-08-27 11:10:59] ACTION=CAPTURE attempted=2 saved=2 failed=0
  Details: Batch finished: 2 saved, 0 failed. Latest: mc-actscen/subj-actl90022 (2499 chars).
  Queue: 57 program(s) prioritised — 0 still to assemble
------------------------------------------------------------
[2026-08-27 12:00:17] ACTION=CAPTURE attempted=2 saved=2 failed=0
  Details: Batch finished: 2 saved, 0 failed. Latest: b-sciextd/subj-scie10010-assessment (1412 chars).
  Queue: 57 program(s) prioritised — 0 still to assemble
------------------------------------------------------------
[2026-08-27 12:14:01] ACTION=CAPTURE attempted=2 saved=2 failed=0
  Details: Batch finished: 2 saved, 0 failed. Latest: d01lf/subj-cwri20009-assessment (1886 chars).
  Queue: 57 program(s) prioritised — 0 still to assemble
------------------------------------------------------------
[2026-08-27 12:25:21] ACTION=CAPTURE attempted=2 saved=2 failed=0
  Details: Batch finished: 2 saved, 0 failed. Latest: d01lf/subj-cwri30014 (2496 chars).
  Queue: 57 program(s) prioritised — 0 still to assemble
------------------------------------------------------------
[2026-08-27 12:28:26] ACTION=CAPTURE attempted=2 saved=2 failed=0
  Details: Batch finished: 2 saved, 0 failed. Latest: mc-actscen/subj-acct90042 (1740 chars).
  Queue: 57 program(s) prioritised — 0 still to assemble
------------------------------------------------------------
[2026-08-27 12:33:21] ACTION=CAPTURE attempted=2 saved=2 failed=0
  Details: Batch finished: 2 saved, 0 failed. Latest: mc-actscen/subj-actl90011 (2717 chars).
  Queue: 57 program(s) prioritised — 0 still to assemble
------------------------------------------------------------
[2026-08-27 12:35:32] ACTION=CAPTURE attempted=2 saved=2 failed=0
  Details: Batch finished: 2 saved, 0 failed. Latest: mc-actscen/subj-actl90020 (2243 chars).
  Queue: 57 program(s) prioritised — 0 still to assemble
------------------------------------------------------------
[2026-08-27 12:38:33] ACTION=CAPTURE attempted=2 saved=2 failed=0
  Details: Batch finished: 2 saved, 0 failed. Latest: mc-actscex/attributes (3305 chars).
  Queue: 57 program(s) prioritised — 0 still to assemble
------------------------------------------------------------
[2026-08-27 12:41:23] ACTION=CAPTURE attempted=2 saved=2 failed=0
  Details: Batch finished: 2 saved, 0 failed. Latest: mc-adolhw/structure (5504 chars).
  Queue: 57 program(s) prioritised — 0 still to assemble
------------------------------------------------------------
[2026-08-27 12:43:26] ACTION=CAPTURE attempted=2 saved=2 failed=0
  Details: Batch finished: 2 saved, 0 failed. Latest: mc-adolhw/subj-paed90026-assessment (968 chars).
  Queue: 57 program(s) prioritised — 0 still to assemble
------------------------------------------------------------
[2026-08-27 12:46:16] ACTION=CAPTURE attempted=2 saved=2 failed=0
  Details: Batch finished: 2 saved, 0 failed. Latest: mc-adolhw/subj-poph90013-assessment (1281 chars).
  Queue: 57 program(s) prioritised — 0 still to assemble
------------------------------------------------------------
[2026-08-27 12:56:57] ACTION=CAPTURE attempted=2 saved=2 failed=0
  Details: Batch finished: 2 saved, 0 failed. Latest: d01lf/subj-cwri90015 (2871 chars).
  Queue: 57 program(s) prioritised — 0 still to assemble
------------------------------------------------------------
[2026-08-27 13:00:19] ACTION=CAPTURE attempted=2 saved=2 failed=0
  Details: Batch finished: 2 saved, 0 failed. Latest: mc-actscen/subj-actl90023 (2062 chars).
  Queue: 57 program(s) prioritised — 0 still to assemble
------------------------------------------------------------
[2026-08-27 13:02:17] ACTION=CAPTURE attempted=2 saved=2 failed=0
  Details: Batch finished: 2 saved, 0 failed. Latest: mc-adolhw/subj-poph90090-assessment (801 chars).
  Queue: 57 program(s) prioritised — 0 still to assemble
------------------------------------------------------------
[2026-08-27 13:04:26] ACTION=CAPTURE attempted=2 saved=2 failed=0
  Details: Batch finished: 2 saved, 0 failed. Latest: mc-adolhw/subj-poph90167-assessment (752 chars).
  Queue: 57 program(s) prioritised — 0 still to assemble
------------------------------------------------------------
[2026-08-27 13:07:19] ACTION=CAPTURE attempted=2 saved=2 failed=0
  Details: Batch finished: 2 saved, 0 failed. Latest: mc-adolhw/subj-poph90168-assessment (1649 chars).
  Queue: 57 program(s) prioritised — 0 still to assemble
------------------------------------------------------------
[2026-08-27 13:10:13] ACTION=CAPTURE attempted=2 saved=2 failed=0
  Details: Batch finished: 2 saved, 0 failed. Latest: mc-adolhw/subj-poph90170-assessment (976 chars).
  Queue: 57 program(s) prioritised — 0 still to assemble
------------------------------------------------------------
[2026-08-27 13:12:25] ACTION=CAPTURE attempted=2 saved=2 failed=0
  Details: Batch finished: 2 saved, 0 failed. Latest: mc-adolhw/subj-poph90172-assessment (915 chars).
  Queue: 57 program(s) prioritised — 0 still to assemble
------------------------------------------------------------
[2026-08-27 13:15:17] ACTION=CAPTURE attempted=2 saved=2 failed=0
  Details: Batch finished: 2 saved, 0 failed. Latest: mc-adolhw/subj-poph90201-assessment (1450 chars).
  Queue: 57 program(s) prioritised — 0 still to assemble
------------------------------------------------------------
[2026-08-27 13:18:27] ACTION=CAPTURE attempted=2 saved=2 failed=0
  Details: Batch finished: 2 saved, 0 failed. Latest: mc-adolhw/subj-poph90231-assessment (1131 chars).
  Queue: 57 program(s) prioritised — 0 still to assemble
------------------------------------------------------------
[2026-08-27 13:21:19] ACTION=CAPTURE attempted=2 saved=2 failed=0
  Details: Batch finished: 2 saved, 0 failed. Latest: mc-actscen/subj-actl90008 (2116 chars).
  Queue: 57 program(s) prioritised — 0 still to assemble
------------------------------------------------------------
[2026-08-27 13:25:21] ACTION=CAPTURE attempted=2 saved=2 failed=0
  Details: Batch finished: 2 saved, 0 failed. Latest: mc-adolhw/subj-paed90007-assessment (952 chars).
  Queue: 57 program(s) prioritised — 0 still to assemble
------------------------------------------------------------
[2026-08-27 13:28:10] ACTION=CAPTURE attempted=2 saved=2 failed=0
  Details: Batch finished: 2 saved, 0 failed. Latest: mc-adolhw/subj-poph90268-assessment (1138 chars).
  Queue: 57 program(s) prioritised — 0 still to assemble
------------------------------------------------------------
[2026-08-27 13:31:25] ACTION=CAPTURE attempted=2 saved=2 failed=0
  Details: Batch finished: 2 saved, 0 failed. Latest: mc-adolhw/subj-poph90311-assessment (1144 chars).
  Queue: 57 program(s) prioritised — 0 still to assemble
------------------------------------------------------------
[2026-08-27 13:34:29] ACTION=CAPTURE attempted=2 saved=2 failed=0
  Details: Batch finished: 2 saved, 0 failed. Latest: mc-adolhw/subj-psyc90062-assessment (1085 chars).
  Queue: 57 program(s) prioritised — 0 still to assemble
------------------------------------------------------------
[2026-08-27 13:37:23] ACTION=CAPTURE attempted=2 saved=2 failed=0
  Details: Batch finished: 2 saved, 0 failed. Latest: mc-advnpph/attributes (5723 chars).
  Queue: 57 program(s) prioritised — 0 still to assemble
------------------------------------------------------------
[2026-08-27 13:39:33] ACTION=CAPTURE attempted=2 saved=2 failed=0
  Details: Batch finished: 2 saved, 0 failed. Latest: mc-aecoenh/course (1689 chars).
  Queue: 57 program(s) prioritised — 0 still to assemble
------------------------------------------------------------
[2026-08-27 13:42:28] ACTION=CAPTURE attempted=2 saved=2 failed=0
  Details: Batch finished: 2 saved, 0 failed. Latest: mc-advnpph/subj-nurs90012-assessment (925 chars).
  Queue: 57 program(s) prioritised — 0 still to assemble
------------------------------------------------------------
[2026-08-27 13:46:26] ACTION=CAPTURE attempted=2 saved=2 failed=0
  Details: Batch finished: 2 saved, 0 failed. Latest: mc-advnpph/subj-nurs90018-assessment (905 chars).
  Queue: 57 program(s) prioritised — 0 still to assemble
------------------------------------------------------------
[2026-08-27 14:07:41] ACTION=CAPTURE attempted=2 saved=2 failed=0
  Details: Batch finished: 2 saved, 0 failed. Latest: d01lf/subj-cwri20002-assessment (1887 chars).
  Queue: 57 program(s) prioritised — 0 still to assemble
------------------------------------------------------------
[2026-08-27 14:09:55] ACTION=CAPTURE attempted=2 saved=2 failed=0
  Details: Batch finished: 2 saved, 0 failed. Latest: mc-adolhw/course (2593 chars).
  Queue: 57 program(s) prioritised — 0 still to assemble
------------------------------------------------------------
[2026-08-27 14:11:52] ACTION=CAPTURE attempted=2 saved=2 failed=0
  Details: Batch finished: 2 saved, 0 failed. Latest: mc-actscex/subj-actl90001-assessment (895 chars).
  Queue: 57 program(s) prioritised — 0 still to assemble
------------------------------------------------------------
[2026-08-27 14:13:51] ACTION=CAPTURE attempted=2 saved=2 failed=0
  Details: Batch finished: 2 saved, 0 failed. Latest: mc-actscex/subj-actl90003-assessment (823 chars).
  Queue: 57 program(s) prioritised — 0 still to assemble
------------------------------------------------------------
[2026-08-27 14:15:52] ACTION=CAPTURE attempted=2 saved=2 failed=0
  Details: Batch finished: 2 saved, 0 failed. Latest: mc-actscex/subj-actl90006-assessment (839 chars).
  Queue: 57 program(s) prioritised — 0 still to assemble
------------------------------------------------------------
[2026-08-27 14:17:48] ACTION=CAPTURE attempted=2 saved=2 failed=0
  Details: Batch finished: 2 saved, 0 failed. Latest: mc-actscex/subj-actl90008-assessment (946 chars).
  Queue: 57 program(s) prioritised — 0 still to assemble
------------------------------------------------------------
[2026-08-27 14:19:54] ACTION=CAPTURE attempted=2 saved=2 failed=0
  Details: Batch finished: 2 saved, 0 failed. Latest: mc-actscex/subj-actl90020-assessment (1144 chars).
  Queue: 57 program(s) prioritised — 0 still to assemble
------------------------------------------------------------
[2026-08-27 14:21:53] ACTION=CAPTURE attempted=2 saved=2 failed=0
  Details: Batch finished: 2 saved, 0 failed. Latest: mc-actscex/subj-actl90022-assessment (844 chars).
  Queue: 57 program(s) prioritised — 0 still to assemble
------------------------------------------------------------
[2026-08-27 14:23:55] ACTION=CAPTURE attempted=2 saved=2 failed=0
  Details: Batch finished: 2 saved, 0 failed. Latest: mc-actscex/subj-mast20004-assessment (781 chars).
  Queue: 57 program(s) prioritised — 0 still to assemble
------------------------------------------------------------
[2026-08-27 14:25:52] ACTION=CAPTURE attempted=2 saved=2 failed=0
  Details: Batch finished: 2 saved, 0 failed. Latest: mc-adolhw/subj-poph90169-assessment (1156 chars).
  Queue: 57 program(s) prioritised — 0 still to assemble
------------------------------------------------------------
[2026-08-27 14:28:52] ACTION=CAPTURE attempted=2 saved=2 failed=0
  Details: Batch finished: 2 saved, 0 failed. Latest: mc-adolhw/subj-poph90171-assessment (1230 chars).
  Queue: 57 program(s) prioritised — 0 still to assemble
------------------------------------------------------------
[2026-08-27 14:30:53] ACTION=CAPTURE attempted=2 saved=2 failed=0
  Details: Batch finished: 2 saved, 0 failed. Latest: mc-adolhw/subj-poph90173-assessment (1046 chars).
  Queue: 57 program(s) prioritised — 0 still to assemble
------------------------------------------------------------
[2026-08-27 14:32:51] ACTION=CAPTURE attempted=2 saved=2 failed=0
  Details: Batch finished: 2 saved, 0 failed. Latest: mc-advnpph/subj-nurs90059-assessment (714 chars).
  Queue: 57 program(s) prioritised — 0 still to assemble
------------------------------------------------------------
[2026-08-27 14:34:51] ACTION=CAPTURE attempted=2 saved=2 failed=0
  Details: Batch finished: 2 saved, 0 failed. Latest: mc-advnpph/subj-nurs90069-assessment (1186 chars).
  Queue: 57 program(s) prioritised — 0 still to assemble
------------------------------------------------------------
[2026-08-27 14:36:50] ACTION=CAPTURE attempted=2 saved=2 failed=0
  Details: Batch finished: 2 saved, 0 failed. Latest: mc-advnpph/subj-nurs90070-assessment (1180 chars).
  Queue: 57 program(s) prioritised — 0 still to assemble
------------------------------------------------------------
[2026-08-27 14:38:58] ACTION=CAPTURE attempted=2 saved=2 failed=0
  Details: Batch finished: 2 saved, 0 failed. Latest: mc-advnpph/subj-nurs90072-assessment (738 chars).
  Queue: 57 program(s) prioritised — 0 still to assemble
------------------------------------------------------------
[2026-08-27 14:40:54] ACTION=CAPTURE attempted=2 saved=2 failed=0
  Details: Batch finished: 2 saved, 0 failed. Latest: mc-advnpph/subj-nurs90075-assessment (924 chars).
  Queue: 57 program(s) prioritised — 0 still to assemble
------------------------------------------------------------
[2026-08-27 14:42:58] ACTION=CAPTURE attempted=2 saved=2 failed=0
  Details: Batch finished: 2 saved, 0 failed. Latest: mc-advnpph/subj-nurs90077-assessment (982 chars).
  Queue: 57 program(s) prioritised — 0 still to assemble
------------------------------------------------------------
[2026-08-27 14:44:57] ACTION=CAPTURE attempted=2 saved=2 failed=0
  Details: Batch finished: 2 saved, 0 failed. Latest: mc-advnpph/subj-nurs90078-assessment (901 chars).
  Queue: 57 program(s) prioritised — 0 still to assemble
------------------------------------------------------------
[2026-08-27 14:46:54] ACTION=CAPTURE attempted=2 saved=2 failed=0
  Details: Batch finished: 2 saved, 0 failed. Latest: mc-advnpph/subj-nurs90079-assessment (945 chars).
  Queue: 57 program(s) prioritised — 0 still to assemble
------------------------------------------------------------
[2026-08-27 14:48:52] ACTION=CAPTURE attempted=2 saved=2 failed=0
  Details: Batch finished: 2 saved, 0 failed. Latest: b-fapro/subj-dpss10007 (2127 chars).
  Queue: 57 program(s) prioritised — 0 still to assemble
------------------------------------------------------------
[2026-08-27 14:50:57] ACTION=CAPTURE attempted=2 saved=2 failed=0
  Details: Batch finished: 2 saved, 0 failed. Latest: mc-advnpph/subj-nurs90085-assessment (910 chars).
  Queue: 57 program(s) prioritised — 0 still to assemble
------------------------------------------------------------
[2026-08-27 14:52:54] ACTION=CAPTURE attempted=2 saved=2 failed=0
  Details: Batch finished: 2 saved, 0 failed. Latest: mc-advnpph/subj-nurs90087-assessment (903 chars).
  Queue: 57 program(s) prioritised — 0 still to assemble
------------------------------------------------------------
[2026-08-27 14:53:58] ACTION=CAPTURE attempted=2 saved=2 failed=0
  Details: Batch finished: 2 saved, 0 failed. Latest: mc-advnpph/subj-nurs90093-assessment (1342 chars).
  Queue: 57 program(s) prioritised — 0 still to assemble
------------------------------------------------------------
[2026-08-27 14:56:07] ACTION=CAPTURE attempted=2 saved=2 failed=0
  Details: Batch finished: 2 saved, 0 failed. Latest: mc-advnpph/subj-nurs90094-assessment (623 chars).
  Queue: 57 program(s) prioritised — 0 still to assemble
------------------------------------------------------------
[2026-08-27 14:58:11] ACTION=CAPTURE attempted=2 saved=2 failed=0
  Details: Batch finished: 2 saved, 0 failed. Latest: mc-advnpph/subj-nurs90101-assessment (1586 chars).
  Queue: 57 program(s) prioritised — 0 still to assemble
------------------------------------------------------------
[2026-08-27 15:00:03] ACTION=CAPTURE attempted=2 saved=2 failed=0
  Details: Batch finished: 2 saved, 0 failed. Latest: mc-advnpph/subj-nurs90120-assessment (1070 chars).
  Queue: 57 program(s) prioritised — 0 still to assemble
------------------------------------------------------------
[2026-08-27 15:02:52] ACTION=CAPTURE attempted=2 saved=2 failed=0
  Details: Batch finished: 2 saved, 0 failed. Latest: mc-advnpph/subj-nurs90164-assessment (1041 chars).
  Queue: 57 program(s) prioritised — 0 still to assemble
------------------------------------------------------------
[2026-08-27 15:06:12] ACTION=CAPTURE attempted=2 saved=2 failed=0
  Details: Batch finished: 2 saved, 0 failed. Latest: mc-actscex/subj-actl90023-assessment (920 chars).
  Queue: 57 program(s) prioritised — 0 still to assemble
------------------------------------------------------------
[2026-08-27 15:09:55] ACTION=CAPTURE attempted=2 saved=2 failed=0
  Details: Batch finished: 2 saved, 0 failed. Latest: mc-advnpph/subj-nurs90084-assessment (930 chars).
  Queue: 57 program(s) prioritised — 0 still to assemble
------------------------------------------------------------
[2026-08-27 15:12:01] ACTION=CAPTURE attempted=2 saved=2 failed=0
  Details: Batch finished: 2 saved, 0 failed. Latest: mc-advnpph/subj-nurs90165-assessment (744 chars).
  Queue: 57 program(s) prioritised — 0 still to assemble
------------------------------------------------------------
[2026-08-27 15:14:58] ACTION=CAPTURE attempted=2 saved=2 failed=0
  Details: Batch finished: 2 saved, 0 failed. Latest: mc-advnpph/subj-nurs90086-assessment (816 chars).
  Queue: 57 program(s) prioritised — 0 still to assemble
------------------------------------------------------------
[2026-08-27 15:16:54] ACTION=CAPTURE attempted=2 saved=2 failed=0
  Details: Batch finished: 2 saved, 0 failed. Latest: mc-advnpph/subj-nurs90088-assessment (904 chars).
  Queue: 57 program(s) prioritised — 0 still to assemble
------------------------------------------------------------
[2026-08-27 15:19:02] ACTION=CAPTURE attempted=2 saved=2 failed=0
  Details: Batch finished: 2 saved, 0 failed. Latest: mc-advnpph/subj-nurs90167-assessment (898 chars).
  Queue: 57 program(s) prioritised — 0 still to assemble
------------------------------------------------------------
[2026-08-27 20:40:01] ACTION=CAPTURE attempted=2 saved=2 failed=0
  Details: Batch finished: 2 saved, 0 failed. Latest: mc-actscex/subj-actl90002 (1809 chars).
  Queue: 57 program(s) prioritised — 0 still to assemble
------------------------------------------------------------
[2026-08-27 20:43:11] ACTION=CAPTURE attempted=2 saved=2 failed=0
  Details: Batch finished: 2 saved, 0 failed. Latest: mc-actscex/subj-actl90007 (2050 chars).
  Queue: 57 program(s) prioritised — 0 still to assemble
------------------------------------------------------------
[2026-08-27 20:45:01] ACTION=CAPTURE attempted=2 saved=2 failed=0
  Details: Batch finished: 2 saved, 0 failed. Latest: mc-actscex/subj-actl90021 (1627 chars).
  Queue: 57 program(s) prioritised — 0 still to assemble
------------------------------------------------------------
[2026-08-27 20:46:43] ACTION=CAPTURE attempted=2 saved=2 failed=0
  Details: Batch finished: 2 saved, 0 failed. Latest: mc-advnpph/subj-poph90013 (2372 chars).
  Queue: 57 program(s) prioritised — 0 still to assemble
------------------------------------------------------------
[2026-08-27 20:49:00] ACTION=CAPTURE attempted=2 saved=2 failed=0
  Details: Batch finished: 2 saved, 0 failed. Latest: mc-advnpph/subj-poph90217 (4480 chars).
  Queue: 57 program(s) prioritised — 0 still to assemble
------------------------------------------------------------
[2026-08-27 20:50:46] ACTION=CAPTURE attempted=2 saved=2 failed=0
  Details: Batch finished: 2 saved, 0 failed. Latest: mc-advnpph/subj-poph90231 (3198 chars).
  Queue: 57 program(s) prioritised — 0 still to assemble
------------------------------------------------------------
[2026-08-27 20:54:45] ACTION=CAPTURE attempted=2 saved=2 failed=0
  Details: Batch finished: 2 saved, 0 failed. Latest: mc-advnpph/subj-poph90274 (2950 chars).
  Queue: 57 program(s) prioritised — 0 still to assemble
------------------------------------------------------------
[2026-08-27 20:58:44] ACTION=CAPTURE attempted=2 saved=2 failed=0
  Details: Batch finished: 2 saved, 0 failed. Latest: mc-advnpph/subj-poph90287 (1728 chars).
  Queue: 57 program(s) prioritised — 0 still to assemble
------------------------------------------------------------
[2026-08-28 09:00:10] ACTION=CAPTURE attempted=2 saved=2 failed=0
  Details: Batch finished: 2 saved, 0 failed. Latest: mc-actscex/subj-actl90005 (2031 chars).
  Queue: 57 program(s) prioritised — 0 still to assemble
------------------------------------------------------------
[2026-08-28 09:03:54] ACTION=CAPTURE attempted=2 saved=2 failed=0
  Details: Batch finished: 2 saved, 0 failed. Latest: mc-actscex/subj-mast20005 (2708 chars).
  Queue: 57 program(s) prioritised — 0 still to assemble
------------------------------------------------------------
[2026-08-28 09:08:42] ACTION=CAPTURE attempted=2 saved=2 failed=0
  Details: Batch finished: 2 saved, 0 failed. Latest: mc-advnpph/subj-poph90218 (2746 chars).
  Queue: 57 program(s) prioritised — 0 still to assemble
------------------------------------------------------------
[2026-08-28 09:11:01] ACTION=CAPTURE attempted=2 saved=2 failed=0
  Details: Batch finished: 2 saved, 0 failed. Latest: mc-advnpph/subj-poph90286 (3941 chars).
  Queue: 57 program(s) prioritised — 0 still to assemble
------------------------------------------------------------
[2026-08-28 23:37:27] ACTION=CAPTURE attempted=2 saved=2 failed=0
  Details: Batch finished: 2 saved, 0 failed. Latest: mc-advnpph/subj-poph90014 (4088 chars).
  Queue: 57 program(s) prioritised — 0 still to assemble
------------------------------------------------------------
[2026-08-28 23:39:32] ACTION=CAPTURE attempted=2 saved=2 failed=0
  Details: Batch finished: 2 saved, 0 failed. Latest: mc-advnpph/subj-poph90302 (2957 chars).
  Queue: 57 program(s) prioritised — 0 still to assemble
------------------------------------------------------------
[2026-08-28 23:42:26] ACTION=CAPTURE attempted=2 saved=2 failed=0
  Details: Batch finished: 2 saved, 0 failed. Latest: mc-aemtrcs/course (1551 chars).
  Queue: 57 program(s) prioritised — 0 still to assemble
------------------------------------------------------------
[2026-08-28 23:45:38] ACTION=CAPTURE attempted=2 saved=2 failed=0
  Details: Batch finished: 2 saved, 0 failed. Latest: mc-aecoenh/subj-ecom90001-assessment (1084 chars).
  Queue: 57 program(s) prioritised — 0 still to assemble
------------------------------------------------------------
[2026-08-28 23:48:28] ACTION=CAPTURE attempted=2 saved=2 failed=0
  Details: Batch finished: 2 saved, 0 failed. Latest: mc-aecoenh/subj-ecom90003-assessment (952 chars).
  Queue: 57 program(s) prioritised — 0 still to assemble
------------------------------------------------------------
[2026-08-28 23:53:33] ACTION=CAPTURE attempted=2 saved=2 failed=0
  Details: Batch finished: 2 saved, 0 failed. Latest: mc-aecoenh/subj-ecom90024-assessment (913 chars).
  Queue: 57 program(s) prioritised — 0 still to assemble
------------------------------------------------------------
[2026-08-28 23:57:32] ACTION=CAPTURE attempted=2 saved=2 failed=0
  Details: Batch finished: 2 saved, 0 failed. Latest: mc-aecoenh/subj-ecom90025 (2005 chars).
  Queue: 57 program(s) prioritised — 0 still to assemble
------------------------------------------------------------
[2026-08-29 00:00:45] ACTION=CAPTURE attempted=2 saved=2 failed=0
  Details: Batch finished: 2 saved, 0 failed. Latest: mc-aecoenh/subj-econ30005 (3477 chars).
  Queue: 57 program(s) prioritised — 0 still to assemble
------------------------------------------------------------
[2026-08-29 00:03:28] ACTION=CAPTURE attempted=2 saved=2 failed=0
  Details: Batch finished: 2 saved, 0 failed. Latest: mc-aecoenh/subj-econ30020 (2933 chars).
  Queue: 57 program(s) prioritised — 0 still to assemble
------------------------------------------------------------
[2026-08-29 00:04:41] ACTION=CAPTURE attempted=2 saved=2 failed=0
  Details: Batch finished: 2 saved, 0 failed. Latest: mc-aecoenh/subj-econ90034 (2695 chars).
  Queue: 57 program(s) prioritised — 0 still to assemble
------------------------------------------------------------
[2026-08-29 00:05:12] ACTION=CAPTURE attempted=2 saved=2 failed=0
  Details: Batch finished: 2 saved, 0 failed. Latest: mc-aecoenh/subj-econ90075 (2251 chars).
  Queue: 57 program(s) prioritised — 0 still to assemble
------------------------------------------------------------
[2026-08-29 00:05:45] ACTION=CAPTURE attempted=2 saved=2 failed=0
  Details: Batch finished: 2 saved, 0 failed. Latest: mc-agsc/course (2585 chars).
  Queue: 57 program(s) prioritised — 0 still to assemble
------------------------------------------------------------
[2026-08-29 00:07:03] ACTION=CAPTURE attempted=2 saved=2 failed=0
  Details: Batch finished: 2 saved, 0 failed. Latest: mc-aimo/attributes (3236 chars).
  Queue: 57 program(s) prioritised — 0 still to assemble
------------------------------------------------------------
[2026-08-29 00:08:45] ACTION=CAPTURE attempted=2 saved=2 failed=0
  Details: Batch finished: 2 saved, 0 failed. Latest: mc-anamgt/structure (2909 chars).
  Queue: 57 program(s) prioritised — 0 still to assemble
------------------------------------------------------------
[2026-08-29 00:09:40] ACTION=CAPTURE attempted=2 saved=2 failed=0
  Details: Batch finished: 2 saved, 0 failed. Latest: mc-anamgt/subj-busa90001-assessment (1058 chars).
  Queue: 57 program(s) prioritised — 0 still to assemble
------------------------------------------------------------
[2026-08-29 00:10:38] ACTION=CAPTURE attempted=2 saved=2 failed=0
  Details: Batch finished: 2 saved, 0 failed. Latest: mc-anamgt/subj-busa90193-assessment (1031 chars).
  Queue: 57 program(s) prioritised — 0 still to assemble
------------------------------------------------------------
[2026-08-29 00:11:35] ACTION=CAPTURE attempted=2 saved=2 failed=0
  Details: Batch finished: 2 saved, 0 failed. Latest: mc-anamgt/subj-busa90493-assessment (765 chars).
  Queue: 57 program(s) prioritised — 0 still to assemble
------------------------------------------------------------
[2026-08-29 00:12:36] ACTION=CAPTURE attempted=2 saved=2 failed=0
  Details: Batch finished: 2 saved, 0 failed. Latest: mc-anamgt/subj-fnce90079-assessment (835 chars).
  Queue: 57 program(s) prioritised — 0 still to assemble
------------------------------------------------------------
[2026-08-29 00:13:35] ACTION=CAPTURE attempted=2 saved=2 failed=0
  Details: Batch finished: 2 saved, 0 failed. Latest: mc-anamgt/subj-mktg90039-assessment (1199 chars).
  Queue: 57 program(s) prioritised — 0 still to assemble
------------------------------------------------------------
[2026-08-29 00:14:36] ACTION=CAPTURE attempted=2 saved=2 failed=0
  Details: Batch finished: 2 saved, 0 failed. Latest: mc-apling/structure (2457 chars).
  Queue: 57 program(s) prioritised — 0 still to assemble
------------------------------------------------------------
[2026-08-29 00:15:41] ACTION=CAPTURE attempted=2 saved=2 failed=0
  Details: Batch finished: 2 saved, 0 failed. Latest: mc-archcm/attributes (5678 chars).
  Queue: 57 program(s) prioritised — 0 still to assemble
------------------------------------------------------------
[2026-08-29 00:16:30] ACTION=CAPTURE attempted=2 saved=2 failed=0
  Details: Batch finished: 2 saved, 0 failed. Latest: mc-archeng/structure (5130 chars).
  Queue: 57 program(s) prioritised — 0 still to assemble
------------------------------------------------------------
[2026-08-29 00:16:35] ACTION=CAPTURE attempted=2 saved=2 failed=0
  Details: Batch finished: 2 saved, 0 failed. Latest: mc-archud/structure (9306 chars).
  Queue: 57 program(s) prioritised — 0 still to assemble
------------------------------------------------------------
[2026-08-29 00:17:38] ACTION=CAPTURE attempted=2 saved=2 failed=0
  Details: Batch finished: 2 saved, 0 failed. Latest: mc-archeng/subj-abpl90285-assessment (1436 chars).
  Queue: 57 program(s) prioritised — 0 still to assemble
------------------------------------------------------------
[2026-08-29 00:18:18] ACTION=CAPTURE attempted=2 saved=2 failed=0
  Details: Batch finished: 2 saved, 0 failed. Latest: mc-archeng/subj-abpl90287-assessment (3420 chars).
  Queue: 57 program(s) prioritised — 0 still to assemble
------------------------------------------------------------
[2026-08-29 00:18:40] ACTION=CAPTURE attempted=2 saved=1 failed=1
  Details: Batch finished: 1 saved, 1 failed. Latest: mc-archeng/subj-abpl90390-assessment (3343 chars).
  Queue: 57 program(s) prioritised — 0 still to assemble
------------------------------------------------------------
[2026-08-29 00:19:36] ACTION=CAPTURE attempted=2 saved=2 failed=0
  Details: Batch finished: 2 saved, 0 failed. Latest: mc-archeng/subj-cven30009-assessment (1147 chars).
  Queue: 57 program(s) prioritised — 0 still to assemble
------------------------------------------------------------
[2026-08-29 00:20:38] ACTION=CAPTURE attempted=2 saved=2 failed=0
  Details: Batch finished: 2 saved, 0 failed. Latest: mc-archeng/subj-cven90044-assessment (1520 chars).
  Queue: 57 program(s) prioritised — 0 still to assemble
------------------------------------------------------------
[2026-08-29 00:21:14] ACTION=CAPTURE attempted=2 saved=2 failed=0
  Details: Batch finished: 2 saved, 0 failed. Latest: mc-archeng/subj-engr20003-assessment (2752 chars).
  Queue: 57 program(s) prioritised — 0 still to assemble
------------------------------------------------------------
[2026-08-29 00:21:38] ACTION=CAPTURE attempted=2 saved=2 failed=0
  Details: Batch finished: 2 saved, 0 failed. Latest: mc-archeng/subj-mast20029-assessment (2682 chars).
  Queue: 57 program(s) prioritised — 0 still to assemble
------------------------------------------------------------
[2026-08-29 00:22:40] ACTION=CAPTURE attempted=2 saved=2 failed=0
  Details: Batch finished: 2 saved, 0 failed. Latest: mc-archud/subj-abpl90061-assessment (1207 chars).
  Queue: 57 program(s) prioritised — 0 still to assemble
------------------------------------------------------------
[2026-08-29 00:23:15] ACTION=CAPTURE attempted=2 saved=2 failed=0
  Details: Batch finished: 2 saved, 0 failed. Latest: mc-aecoenh/attributes (2192 chars).
  Queue: 57 program(s) prioritised — 0 still to assemble
------------------------------------------------------------
[2026-08-29 00:23:36] ACTION=CAPTURE attempted=2 saved=1 failed=1
  Details: Batch finished: 1 saved, 1 failed. Latest: mc-archud/subj-abpl90089-assessment (995 chars).
  Queue: 57 program(s) prioritised — 0 still to assemble
------------------------------------------------------------
[2026-08-29 00:24:37] ACTION=CAPTURE attempted=2 saved=2 failed=0
  Details: Batch finished: 2 saved, 0 failed. Latest: mc-archud/subj-abpl90118-assessment (1480 chars).
  Queue: 57 program(s) prioritised — 0 still to assemble
------------------------------------------------------------
[2026-08-29 00:25:38] ACTION=CAPTURE attempted=2 saved=2 failed=0
  Details: Batch finished: 2 saved, 0 failed. Latest: mc-archud/subj-abpl90123-assessment (1076 chars).
  Queue: 57 program(s) prioritised — 0 still to assemble
------------------------------------------------------------
[2026-08-29 00:26:20] ACTION=CAPTURE attempted=2 saved=2 failed=0
  Details: Batch finished: 2 saved, 0 failed. Latest: mc-aemtrcs/attributes (4838 chars).
  Queue: 57 program(s) prioritised — 0 still to assemble
------------------------------------------------------------
[2026-08-29 00:26:38] ACTION=CAPTURE attempted=2 saved=2 failed=0
  Details: Batch finished: 2 saved, 0 failed. Latest: mc-archud/subj-abpl90132 (2308 chars).
  Queue: 57 program(s) prioritised — 0 still to assemble
------------------------------------------------------------
[2026-08-29 00:27:37] ACTION=CAPTURE attempted=2 saved=2 failed=0
  Details: Batch finished: 2 saved, 0 failed. Latest: mc-archud/subj-abpl90140 (3282 chars).
  Queue: 57 program(s) prioritised — 0 still to assemble
------------------------------------------------------------
[2026-08-29 00:28:40] ACTION=CAPTURE attempted=2 saved=2 failed=0
  Details: Batch finished: 2 saved, 0 failed. Latest: mc-archud/subj-abpl90153 (2231 chars).
  Queue: 57 program(s) prioritised — 0 still to assemble
------------------------------------------------------------
[2026-08-29 00:29:17] ACTION=CAPTURE attempted=2 saved=2 failed=0
  Details: Batch finished: 2 saved, 0 failed. Latest: mc-archud/subj-abpl90246 (2691 chars).
  Queue: 57 program(s) prioritised — 0 still to assemble
------------------------------------------------------------
[2026-08-29 00:29:42] ACTION=CAPTURE attempted=2 saved=2 failed=0
  Details: Batch finished: 2 saved, 0 failed. Latest: mc-archud/subj-abpl90266 (2236 chars).
  Queue: 57 program(s) prioritised — 0 still to assemble
------------------------------------------------------------
[2026-08-29 00:30:40] ACTION=CAPTURE attempted=2 saved=2 failed=0
  Details: Batch finished: 2 saved, 0 failed. Latest: mc-archud/subj-abpl90273 (4621 chars).
  Queue: 57 program(s) prioritised — 0 still to assemble
------------------------------------------------------------
[2026-08-29 00:31:39] ACTION=CAPTURE attempted=2 saved=2 failed=0
  Details: Batch finished: 2 saved, 0 failed. Latest: mc-archud/subj-abpl90282 (2298 chars).
  Queue: 57 program(s) prioritised — 0 still to assemble
------------------------------------------------------------
[2026-08-29 00:32:16] ACTION=CAPTURE attempted=2 saved=2 failed=0
  Details: Batch finished: 2 saved, 0 failed. Latest: mc-archud/subj-abpl90284 (2383 chars).
  Queue: 57 program(s) prioritised — 0 still to assemble
------------------------------------------------------------
[2026-08-29 00:32:38] ACTION=CAPTURE attempted=2 saved=2 failed=0
  Details: Batch finished: 2 saved, 0 failed. Latest: mc-archud/subj-abpl90285 (2411 chars).
  Queue: 57 program(s) prioritised — 0 still to assemble
------------------------------------------------------------
[2026-08-29 00:33:39] ACTION=CAPTURE attempted=2 saved=2 failed=0
  Details: Batch finished: 2 saved, 0 failed. Latest: mc-archud/subj-abpl90286 (2345 chars).
  Queue: 57 program(s) prioritised — 0 still to assemble
------------------------------------------------------------
[2026-08-29 00:34:37] ACTION=CAPTURE attempted=2 saved=2 failed=0
  Details: Batch finished: 2 saved, 0 failed. Latest: mc-archud/subj-abpl90288-assessment (1241 chars).
  Queue: 57 program(s) prioritised — 0 still to assemble
------------------------------------------------------------
[2026-08-29 00:35:37] ACTION=CAPTURE attempted=2 saved=2 failed=0
  Details: Batch finished: 2 saved, 0 failed. Latest: mc-archud/subj-abpl90424 (2580 chars).
  Queue: 57 program(s) prioritised — 0 still to assemble
------------------------------------------------------------
[2026-08-29 00:36:39] ACTION=CAPTURE attempted=2 saved=2 failed=0
  Details: Batch finished: 2 saved, 0 failed. Latest: mc-archud/subj-abpl90437-assessment (2521 chars).
  Queue: 57 program(s) prioritised — 0 still to assemble
------------------------------------------------------------
[2026-08-29 00:37:37] ACTION=CAPTURE attempted=2 saved=2 failed=0
  Details: Batch finished: 2 saved, 0 failed. Latest: mc-archud/subj-abpl90439-assessment (2166 chars).
  Queue: 57 program(s) prioritised — 0 still to assemble
------------------------------------------------------------
[2026-08-29 00:38:37] ACTION=CAPTURE attempted=2 saved=2 failed=0
  Details: Batch finished: 2 saved, 0 failed. Latest: mc-archeng/subj-abpl90288-assessment (1241 chars).
  Queue: 57 program(s) prioritised — 0 still to assemble
------------------------------------------------------------
[2026-08-29 00:39:39] ACTION=CAPTURE attempted=2 saved=2 failed=0
  Details: Batch finished: 2 saved, 0 failed. Latest: mc-archeng/subj-cven20001 (3398 chars).
  Queue: 57 program(s) prioritised — 0 still to assemble
------------------------------------------------------------
[2026-08-29 00:40:42] ACTION=CAPTURE attempted=2 saved=2 failed=0
  Details: Batch finished: 2 saved, 0 failed. Latest: mc-archud/subj-abpl90448 (2547 chars).
  Queue: 57 program(s) prioritised — 0 still to assemble
------------------------------------------------------------
[2026-08-29 00:41:38] ACTION=CAPTURE attempted=2 saved=2 failed=0
  Details: Batch finished: 2 saved, 0 failed. Latest: mc-archeng/subj-engr90051-assessment (2701 chars).
  Queue: 57 program(s) prioritised — 0 still to assemble
------------------------------------------------------------
[2026-08-29 00:42:37] ACTION=CAPTURE attempted=2 saved=2 failed=0
  Details: Batch finished: 2 saved, 0 failed. Latest: mc-anpnp/structure (2759 chars).
  Queue: 57 program(s) prioritised — 0 still to assemble
------------------------------------------------------------
[2026-08-29 00:43:37] ACTION=CAPTURE attempted=2 saved=2 failed=0
  Details: Batch finished: 2 saved, 0 failed. Latest: mc-anpnp/subj-nurs90069-assessment (1186 chars).
  Queue: 57 program(s) prioritised — 0 still to assemble
------------------------------------------------------------
[2026-08-29 00:44:53] ACTION=CAPTURE attempted=2 saved=2 failed=0
  Details: Batch finished: 2 saved, 0 failed. Latest: mc-anpnp/subj-nurs90120-assessment (1070 chars).
  Queue: 57 program(s) prioritised — 0 still to assemble
------------------------------------------------------------
[2026-08-29 00:45:39] ACTION=CAPTURE attempted=2 saved=2 failed=0
  Details: Batch finished: 2 saved, 0 failed. Latest: mc-anpnp/subj-nurs90132-assessment (1494 chars).
  Queue: 57 program(s) prioritised — 0 still to assemble
------------------------------------------------------------
[2026-08-29 00:46:38] ACTION=CAPTURE attempted=2 saved=2 failed=0
  Details: Batch finished: 2 saved, 0 failed. Latest: mc-anpnp/subj-nurs90163 (2934 chars).
  Queue: 57 program(s) prioritised — 0 still to assemble
------------------------------------------------------------
[2026-08-29 01:15:52] ACTION=CAPTURE attempted=2 saved=2 failed=0
  Details: Batch finished: 2 saved, 0 failed. Latest: mc-anpnp/subj-poph90302 (2957 chars).
  Queue: 57 program(s) prioritised — 0 still to assemble
------------------------------------------------------------
[2026-08-29 01:16:18] ACTION=ERROR attempted=0 saved=0 failed=0
  Reason: Challenge detected: challenge page detected: rew-the-dare-is-thounce
  Queue: BREAKER OPEN — cooling off: 29m left, consecutive block 1, reason 'challenge page detected: rew-the-dare-is-thounce'
------------------------------------------------------------
[2026-08-29 01:24:37] ACTION=CAPTURE attempted=2 saved=2 failed=0
  Details: Batch finished: 2 saved, 0 failed. Latest: mc-aecoenh/subj-ecom90004-assessment (2015 chars).
  Queue: 57 program(s) prioritised — 0 still to assemble
------------------------------------------------------------
[2026-08-29 02:05:48] ACTION=ERROR attempted=0 saved=0 failed=0
  Reason: Challenge detected: challenge page detected: rew-the-dare-is-thounce
  Queue: BREAKER OPEN — cooling off: 29m left, consecutive block 1, reason 'challenge page detected: rew-the-dare-is-thounce'
------------------------------------------------------------
[2026-08-29 03:14:30] ACTION=CAPTURE attempted=2 saved=2 failed=0
  Details: Batch finished: 2 saved, 0 failed. Latest: mc-aecoenh/subj-busa90520-assessment (1387 chars).
  Queue: 57 program(s) prioritised — 0 still to assemble
------------------------------------------------------------
[2026-08-29 03:20:41] ACTION=CAPTURE attempted=2 saved=2 failed=0
  Details: Batch finished: 2 saved, 0 failed. Latest: mc-aecoenh/subj-econ30010 (2734 chars).
  Queue: 57 program(s) prioritised — 0 still to assemble
------------------------------------------------------------
[2026-08-29 03:21:59] ACTION=CAPTURE attempted=2 saved=2 failed=0
  Details: Batch finished: 2 saved, 0 failed. Latest: mc-aecoenh/subj-econ30024 (2447 chars).
  Queue: 57 program(s) prioritised — 0 still to assemble
------------------------------------------------------------
[2026-08-29 03:23:46] ACTION=CAPTURE attempted=2 saved=2 failed=0
  Details: Batch finished: 2 saved, 0 failed. Latest: mc-agsc/attributes (2901 chars).
  Queue: 57 program(s) prioritised — 0 still to assemble
------------------------------------------------------------
[2026-08-29 03:24:29] ACTION=CAPTURE attempted=2 saved=2 failed=0
  Details: Batch finished: 2 saved, 0 failed. Latest: mc-aemtrcs/subj-ecom90002-assessment (923 chars).
  Queue: 57 program(s) prioritised — 0 still to assemble
------------------------------------------------------------
[2026-08-29 03:42:33] ACTION=CAPTURE attempted=2 saved=2 failed=0
  Details: Batch finished: 2 saved, 0 failed. Latest: mc-aemtrcs/subj-ecom90024-assessment (1131 chars).
  Queue: 57 program(s) prioritised — 0 still to assemble
------------------------------------------------------------
[2026-08-29 03:44:14] ACTION=CAPTURE attempted=2 saved=1 failed=1
  Details: Batch finished: 1 saved, 1 failed. Latest: mc-advnpph/subj-poph90239 (950 chars).
  Queue: 57 program(s) prioritised — 0 still to assemble
------------------------------------------------------------
[2026-08-29 03:59:08] ACTION=CAPTURE attempted=2 saved=2 failed=0
  Details: Batch finished: 2 saved, 0 failed. Latest: mc-aecoenh/subj-econ90016 (2113 chars).
  Queue: 57 program(s) prioritised — 0 still to assemble
------------------------------------------------------------
[2026-08-29 04:15:16] ACTION=CAPTURE attempted=2 saved=2 failed=0
  Details: Batch finished: 2 saved, 0 failed. Latest: mc-aemtrcs/subj-ecom90001-assessment (1084 chars).
  Queue: 57 program(s) prioritised — 0 still to assemble
------------------------------------------------------------
[2026-08-29 04:16:45] ACTION=CAPTURE attempted=2 saved=2 failed=0
  Details: Batch finished: 2 saved, 0 failed. Latest: mc-aecoenh/subj-ecom90025-assessment (1102 chars).
  Queue: 57 program(s) prioritised — 0 still to assemble
------------------------------------------------------------
[2026-08-29 04:34:42] ACTION=CAPTURE attempted=2 saved=2 failed=0
  Details: Batch finished: 2 saved, 0 failed. Latest: mc-aemtrcs/subj-busa90520 (2015 chars).
  Queue: 57 program(s) prioritised — 0 still to assemble
------------------------------------------------------------
[2026-08-29 04:56:27] ACTION=CAPTURE attempted=2 saved=2 failed=0
  Details: Batch finished: 2 saved, 0 failed. Latest: mc-aecoenh/subj-ecom90002 (2459 chars).
  Queue: 57 program(s) prioritised — 0 still to assemble
------------------------------------------------------------
[2026-08-29 05:12:20] ACTION=ERROR attempted=0 saved=0 failed=0
  Reason: Challenge detected: challenge page detected: rew-the-dare-is-thounce
  Queue: BREAKER OPEN — cooling off: 29m left, consecutive block 1, reason 'challenge page detected: rew-the-dare-is-thounce'
------------------------------------------------------------
[2026-08-29 05:40:24] ACTION=ERROR attempted=0 saved=0 failed=0
  Reason: Challenge detected: challenge page detected: rew-the-dare-is-thounce
  Queue: BREAKER OPEN — cooling off: 59m left, consecutive block 2, reason 'challenge page detected: rew-the-dare-is-thounce'
------------------------------------------------------------
[2026-08-29 07:14:59] ACTION=CAPTURE attempted=2 saved=2 failed=0
  Details: Batch finished: 2 saved, 0 failed. Latest: mc-aecoenh/subj-econ90034-assessment (945 chars).
  Queue: 57 program(s) prioritised — 0 still to assemble
------------------------------------------------------------
[2026-08-29 07:15:22] ACTION=CAPTURE attempted=2 saved=2 failed=0
  Details: Batch finished: 2 saved, 0 failed. Latest: mc-aemtrcs/subj-ecom90025 (1387 chars).
  Queue: 57 program(s) prioritised — 0 still to assemble
------------------------------------------------------------
[2026-08-29 07:31:55] ACTION=CAPTURE attempted=2 saved=2 failed=0
  Details: Batch finished: 2 saved, 0 failed. Latest: mc-aemtrcs/subj-ecom90003 (1932 chars).
  Queue: 57 program(s) prioritised — 0 still to assemble
------------------------------------------------------------
[2026-08-29 07:55:09] ACTION=CAPTURE attempted=2 saved=2 failed=0
  Details: Batch finished: 2 saved, 0 failed. Latest: mc-aemtrcs/subj-econ30005 (3477 chars).
  Queue: 57 program(s) prioritised — 0 still to assemble
------------------------------------------------------------
[2026-08-29 08:11:04] ACTION=CAPTURE attempted=2 saved=2 failed=0
  Details: Batch finished: 2 saved, 0 failed. Latest: mc-aemtrcs/subj-econ30005-assessment (1043 chars).
  Queue: 57 program(s) prioritised — 0 still to assemble
------------------------------------------------------------
[2026-08-29 08:33:05] ACTION=CAPTURE attempted=2 saved=2 failed=0
  Details: Batch finished: 2 saved, 0 failed. Latest: mc-aemtrcs/subj-ecom90003-assessment (952 chars).
  Queue: 57 program(s) prioritised — 0 still to assemble
------------------------------------------------------------
[2026-08-29 08:37:04] ACTION=CAPTURE attempted=2 saved=2 failed=0
  Details: Batch finished: 2 saved, 0 failed. Latest: mc-aemtrcs/subj-econ30024 (2447 chars).
  Queue: 57 program(s) prioritised — 0 still to assemble
------------------------------------------------------------
[2026-08-29 08:41:42] ACTION=CAPTURE attempted=2 saved=2 failed=0
  Details: Batch finished: 2 saved, 0 failed. Latest: mc-aemtrcs/subj-econ90047 (1717 chars).
  Queue: 57 program(s) prioritised — 0 still to assemble
------------------------------------------------------------
[2026-08-29 08:57:42] ACTION=CAPTURE attempted=2 saved=2 failed=0
  Details: Batch finished: 2 saved, 0 failed. Latest: mc-anamgt/course (1150 chars).
  Queue: 57 program(s) prioritised — 0 still to assemble
------------------------------------------------------------
[2026-08-29 09:28:03] ACTION=ERROR attempted=0 saved=0 failed=0
  Reason: Challenge detected: challenge page detected: rew-the-dare-is-thounce
  Queue: BREAKER OPEN — cooling off: 29m left, consecutive block 1, reason 'challenge page detected: rew-the-dare-is-thounce'
------------------------------------------------------------
[2026-08-29 09:33:27] ACTION=ERROR attempted=0 saved=0 failed=0
  Reason: Challenge detected: challenge page detected: rew-the-dare-is-thounce
  Queue: BREAKER OPEN — cooling off: 59m left, consecutive block 2, reason 'challenge page detected: rew-the-dare-is-thounce'
------------------------------------------------------------
[2026-08-29 10:53:34] ACTION=CAPTURE attempted=2 saved=2 failed=0
  Details: Batch finished: 2 saved, 0 failed. Latest: mc-aemtrcs/subj-econ30024-assessment (950 chars).
  Queue: 57 program(s) prioritised — 0 still to assemble
------------------------------------------------------------
[2026-08-29 11:02:09] ACTION=CAPTURE attempted=2 saved=2 failed=0
  Details: Batch finished: 2 saved, 0 failed. Latest: mc-aemtrcs/subj-econ90075-assessment (1212 chars).
  Queue: 57 program(s) prioritised — 0 still to assemble
------------------------------------------------------------
[2026-08-29 11:02:34] ACTION=CAPTURE attempted=2 saved=2 failed=0
  Details: Batch finished: 2 saved, 0 failed. Latest: mc-aimo/subj-comp90101 (2542 chars).
  Queue: 57 program(s) prioritised — 0 still to assemble
------------------------------------------------------------
[2026-08-29 11:02:56] ACTION=CAPTURE attempted=2 saved=2 failed=0
  Details: Batch finished: 2 saved, 0 failed. Latest: mc-aimo/subj-comp90104 (2233 chars).
  Queue: 57 program(s) prioritised — 0 still to assemble
------------------------------------------------------------
[2026-08-29 11:03:33] ACTION=CAPTURE attempted=2 saved=2 failed=0
  Details: Batch finished: 2 saved, 0 failed. Latest: mc-aimo/subj-comp90107 (2987 chars).
  Queue: 57 program(s) prioritised — 0 still to assemble
------------------------------------------------------------
[2026-08-29 11:04:10] ACTION=CAPTURE attempted=2 saved=2 failed=0
  Details: Batch finished: 2 saved, 0 failed. Latest: mc-aimo/subj-comp90110 (2639 chars).
  Queue: 57 program(s) prioritised — 0 still to assemble
------------------------------------------------------------
[2026-08-29 11:04:48] ACTION=CAPTURE attempted=2 saved=2 failed=0
  Details: Batch finished: 2 saved, 0 failed. Latest: mc-aimo/subj-comp90113 (2814 chars).
  Queue: 57 program(s) prioritised — 0 still to assemble
------------------------------------------------------------
[2026-08-29 11:05:29] ACTION=CAPTURE attempted=2 saved=2 failed=0
  Details: Batch finished: 2 saved, 0 failed. Latest: mc-anamgt/subj-bisy90016 (1996 chars).
  Queue: 57 program(s) prioritised — 0 still to assemble
------------------------------------------------------------
[2026-08-29 11:06:06] ACTION=CAPTURE attempted=2 saved=2 failed=0
  Details: Batch finished: 2 saved, 0 failed. Latest: mc-anamgt/subj-busa90093 (2127 chars).
  Queue: 57 program(s) prioritised — 0 still to assemble
------------------------------------------------------------
[2026-08-29 11:06:47] ACTION=CAPTURE attempted=2 saved=2 failed=0
  Details: Batch finished: 2 saved, 0 failed. Latest: mc-anamgt/subj-busa90521 (2630 chars).
  Queue: 57 program(s) prioritised — 0 still to assemble
------------------------------------------------------------
[2026-08-29 11:07:26] ACTION=CAPTURE attempted=2 saved=2 failed=0
  Details: Batch finished: 2 saved, 0 failed. Latest: mc-anpnp/course (2166 chars).
  Queue: 57 program(s) prioritised — 0 still to assemble
------------------------------------------------------------
[2026-08-29 11:08:05] ACTION=CAPTURE attempted=2 saved=2 failed=0
  Details: Batch finished: 2 saved, 0 failed. Latest: mc-anpnp/subj-nurs90163-assessment (1249 chars).
  Queue: 57 program(s) prioritised — 0 still to assemble
------------------------------------------------------------
[2026-08-29 11:08:31] ACTION=CAPTURE attempted=2 saved=2 failed=0
  Details: Batch finished: 2 saved, 0 failed. Latest: mc-apling/specialisations (1087 chars).
  Queue: 57 program(s) prioritised — 0 still to assemble
------------------------------------------------------------
[2026-08-29 11:08:49] ACTION=CAPTURE attempted=2 saved=2 failed=0
  Details: Batch finished: 2 saved, 0 failed. Latest: mc-archeng/subj-abpl90286-assessment (1170 chars).
  Queue: 57 program(s) prioritised — 0 still to assemble
------------------------------------------------------------
[2026-08-29 11:09:34] ACTION=CAPTURE attempted=2 saved=2 failed=0
  Details: Batch finished: 2 saved, 0 failed. Latest: mc-archeng/subj-cven20001-assessment (1638 chars).
  Queue: 57 program(s) prioritised — 0 still to assemble
------------------------------------------------------------
[2026-08-29 11:10:15] ACTION=CAPTURE attempted=2 saved=2 failed=0
  Details: Batch finished: 2 saved, 0 failed. Latest: mc-archud/course (3312 chars).
  Queue: 57 program(s) prioritised — 0 still to assemble
------------------------------------------------------------
[2026-08-29 11:10:30] ACTION=CAPTURE attempted=2 saved=2 failed=0
  Details: Batch finished: 2 saved, 0 failed. Latest: mc-archud/subj-abpl90020-assessment (877 chars).
  Queue: 57 program(s) prioritised — 0 still to assemble
------------------------------------------------------------
[2026-08-29 11:11:00] ACTION=CAPTURE attempted=2 saved=2 failed=0
  Details: Batch finished: 2 saved, 0 failed. Latest: mc-archud/subj-abpl90117 (2087 chars).
  Queue: 57 program(s) prioritised — 0 still to assemble
------------------------------------------------------------
[2026-08-29 11:11:39] ACTION=CAPTURE attempted=2 saved=2 failed=0
  Details: Batch finished: 2 saved, 0 failed. Latest: mc-archud/subj-abpl90131 (2429 chars).
  Queue: 57 program(s) prioritised — 0 still to assemble
------------------------------------------------------------
[2026-08-29 11:12:19] ACTION=CAPTURE attempted=2 saved=2 failed=0
  Details: Batch finished: 2 saved, 0 failed. Latest: mc-archud/subj-abpl90149 (1520 chars).
  Queue: 57 program(s) prioritised — 0 still to assemble
------------------------------------------------------------
[2026-08-29 11:12:32] ACTION=ERROR attempted=0 saved=0 failed=0
  Reason: Challenge detected: challenge page detected: rew-the-dare-is-thounce
  Queue: BREAKER OPEN — cooling off: 29m left, consecutive block 1, reason 'challenge page detected: rew-the-dare-is-thounce'
------------------------------------------------------------
[2026-08-29 11:12:59] ACTION=CAPTURE attempted=2 saved=2 failed=0
  Details: Batch finished: 2 saved, 0 failed. Latest: mc-archud/subj-abpl90438-assessment (2466 chars).
  Queue: 57 program(s) prioritised — 0 still to assemble
------------------------------------------------------------
[2026-08-29 11:12:59] ACTION=CAPTURE attempted=2 saved=2 failed=0
  Details: Batch finished: 2 saved, 0 failed. Latest: mc-app/course (2425 chars).
  Queue: 57 program(s) prioritised — 0 still to assemble
------------------------------------------------------------
[2026-08-29 11:13:39] ACTION=CAPTURE attempted=2 saved=2 failed=0
  Details: Batch finished: 2 saved, 0 failed. Latest: mc-aemtrcs/subj-econ90016-assessment (1155 chars).
  Queue: 57 program(s) prioritised — 0 still to assemble
------------------------------------------------------------
[2026-08-29 11:14:16] ACTION=CAPTURE attempted=2 saved=2 failed=0
  Details: Batch finished: 2 saved, 0 failed. Latest: mc-aimo/subj-comp90101-assessment (883 chars).
  Queue: 57 program(s) prioritised — 0 still to assemble
------------------------------------------------------------
[2026-08-29 11:14:54] ACTION=CAPTURE attempted=2 saved=2 failed=0
  Details: Batch finished: 2 saved, 0 failed. Latest: mc-aimo/subj-comp90105-assessment (1111 chars).
  Queue: 57 program(s) prioritised — 0 still to assemble
------------------------------------------------------------
[2026-08-29 11:15:30] ACTION=CAPTURE attempted=2 saved=2 failed=0
  Details: Batch finished: 2 saved, 0 failed. Latest: mc-aimo/subj-comp90110-assessment (683 chars).
  Queue: 57 program(s) prioritised — 0 still to assemble
------------------------------------------------------------
[2026-08-29 11:16:09] ACTION=ERROR attempted=0 saved=0 failed=0
  Reason: Challenge detected: challenge page detected: rew-the-dare-is-thounce
  Queue: BREAKER OPEN — cooling off: 29m left, consecutive block 1, reason 'challenge page detected: rew-the-dare-is-thounce'
------------------------------------------------------------
[2026-08-29 11:16:10] ACTION=CAPTURE attempted=2 saved=2 failed=0
  Details: Batch finished: 2 saved, 0 failed. Latest: mc-anamgt/subj-bisy90016-assessment (769 chars).
  Queue: 57 program(s) prioritised — 0 still to assemble
------------------------------------------------------------
[2026-08-29 11:16:47] ACTION=CAPTURE attempted=2 saved=2 failed=0
  Details: Batch finished: 2 saved, 0 failed. Latest: mc-anamgt/subj-busa90521-assessment (813 chars).
  Queue: 57 program(s) prioritised — 0 still to assemble
------------------------------------------------------------
[2026-08-29 11:17:33] ACTION=CAPTURE attempted=2 saved=2 failed=0
  Details: Batch finished: 2 saved, 0 failed. Latest: mc-anpnp/subj-nurs90071 (3117 chars).
  Queue: 57 program(s) prioritised — 0 still to assemble
------------------------------------------------------------
[2026-08-29 11:18:10] ACTION=CAPTURE attempted=2 saved=0 failed=2
  Details: Batch finished: 0 saved, 2 failed.
  Queue: 57 program(s) prioritised — 0 still to assemble
------------------------------------------------------------
[2026-08-29 11:18:42] ACTION=CAPTURE attempted=2 saved=2 failed=0
  Details: Batch finished: 2 saved, 0 failed. Latest: mc-archcm/structure (1605 chars).
  Queue: 57 program(s) prioritised — 0 still to assemble
------------------------------------------------------------
[2026-08-29 11:18:48] ACTION=CAPTURE attempted=2 saved=2 failed=0
  Details: Batch finished: 2 saved, 0 failed. Latest: mc-app/subj-educ90790-assessment (946 chars).
  Queue: 57 program(s) prioritised — 0 still to assemble
------------------------------------------------------------
[2026-08-29 11:19:29] ACTION=CAPTURE attempted=2 saved=2 failed=0
  Details: Batch finished: 2 saved, 0 failed. Latest: mc-app/subj-educ91043-assessment (1053 chars).
  Queue: 57 program(s) prioritised — 0 still to assemble
------------------------------------------------------------
[2026-08-29 11:20:09] ACTION=CAPTURE attempted=2 saved=2 failed=0
  Details: Batch finished: 2 saved, 0 failed. Latest: mc-app/subj-educ91046-assessment (1060 chars).
  Queue: 57 program(s) prioritised — 0 still to assemble
------------------------------------------------------------
[2026-08-29 11:20:44] ACTION=CAPTURE attempted=2 saved=2 failed=0
  Details: Batch finished: 2 saved, 0 failed. Latest: mc-archeng/subj-abpl90284-assessment (1695 chars).
  Queue: 57 program(s) prioritised — 0 still to assemble
------------------------------------------------------------
[2026-08-29 11:20:50] ACTION=CAPTURE attempted=2 saved=2 failed=0
  Details: Batch finished: 2 saved, 0 failed. Latest: mc-archeng/subj-enen20002-assessment (1943 chars).
  Queue: 57 program(s) prioritised — 0 still to assemble
------------------------------------------------------------
[2026-08-29 11:21:29] ACTION=CAPTURE attempted=2 saved=2 failed=0
  Details: Batch finished: 2 saved, 0 failed. Latest: mc-archud/subj-abpl90075 (2816 chars).
  Queue: 57 program(s) prioritised — 0 still to assemble
------------------------------------------------------------
[2026-08-29 11:22:08] ACTION=CAPTURE attempted=2 saved=2 failed=0
  Details: Batch finished: 2 saved, 0 failed. Latest: mc-archud/subj-abpl90246-assessment (1045 chars).
  Queue: 57 program(s) prioritised — 0 still to assemble
------------------------------------------------------------
[2026-08-29 11:22:48] ACTION=CAPTURE attempted=2 saved=2 failed=0
  Details: Batch finished: 2 saved, 0 failed. Latest: mc-archud/subj-abpl90424-assessment (1302 chars).
  Queue: 57 program(s) prioritised — 0 still to assemble
------------------------------------------------------------
[2026-08-29 11:23:28] ACTION=CAPTURE attempted=2 saved=2 failed=0
  Details: Batch finished: 2 saved, 0 failed. Latest: mc-archup/structure (11025 chars).
  Queue: 57 program(s) prioritised — 0 still to assemble
------------------------------------------------------------
[2026-08-29 11:23:31] ACTION=CAPTURE attempted=2 saved=2 failed=0
  Details: Batch finished: 2 saved, 0 failed. Latest: mc-arcprop/course (3225 chars).
  Queue: 57 program(s) prioritised — 0 still to assemble
------------------------------------------------------------
[2026-08-29 11:24:08] ACTION=CAPTURE attempted=2 saved=2 failed=0
  Details: Batch finished: 2 saved, 0 failed. Latest: mc-archup/subj-abpl90022-assessment (928 chars).
  Queue: 57 program(s) prioritised — 0 still to assemble
------------------------------------------------------------
[2026-08-29 11:24:48] ACTION=CAPTURE attempted=2 saved=2 failed=0
  Details: Batch finished: 2 saved, 0 failed. Latest: mc-archup/subj-abpl90056-assessment (747 chars).
  Queue: 57 program(s) prioritised — 0 still to assemble
------------------------------------------------------------
[2026-08-29 11:25:32] ACTION=CAPTURE attempted=2 saved=2 failed=0
  Details: Batch finished: 2 saved, 0 failed. Latest: mc-archup/subj-abpl90075-assessment (821 chars).
  Queue: 57 program(s) prioritised — 0 still to assemble
------------------------------------------------------------
[2026-08-29 11:26:11] ACTION=CAPTURE attempted=2 saved=2 failed=0
  Details: Batch finished: 2 saved, 0 failed. Latest: mc-archup/subj-abpl90130-assessment (1026 chars).
  Queue: 57 program(s) prioritised — 0 still to assemble
------------------------------------------------------------
[2026-08-29 11:26:32] ACTION=CAPTURE attempted=2 saved=2 failed=0
  Details: Batch finished: 2 saved, 0 failed. Latest: mc-archup/subj-abpl90132-assessment (865 chars).
  Queue: 57 program(s) prioritised — 0 still to assemble
------------------------------------------------------------
[2026-08-29 11:26:51] ACTION=CAPTURE attempted=2 saved=2 failed=0
  Details: Batch finished: 2 saved, 0 failed. Latest: mc-archup/subj-abpl90140-assessment (1311 chars).
  Queue: 57 program(s) prioritised — 0 still to assemble
------------------------------------------------------------
[2026-08-29 11:27:29] ACTION=CAPTURE attempted=2 saved=2 failed=0
  Details: Batch finished: 2 saved, 0 failed. Latest: mc-archup/subj-abpl90284-assessment (1695 chars).
  Queue: 57 program(s) prioritised — 0 still to assemble
------------------------------------------------------------
[2026-08-29 11:28:06] ACTION=CAPTURE attempted=2 saved=2 failed=0
  Details: Batch finished: 2 saved, 0 failed. Latest: mc-archup/subj-abpl90287-assessment (1515 chars).
  Queue: 57 program(s) prioritised — 0 still to assemble
------------------------------------------------------------
[2026-08-29 11:28:43] ACTION=CAPTURE attempted=2 saved=2 failed=0
  Details: Batch finished: 2 saved, 0 failed. Latest: mc-archup/subj-abpl90315-assessment (965 chars).
  Queue: 57 program(s) prioritised — 0 still to assemble
------------------------------------------------------------
[2026-08-29 11:29:22] ACTION=CAPTURE attempted=2 saved=2 failed=0
  Details: Batch finished: 2 saved, 0 failed. Latest: mc-archup/subj-abpl90424-assessment (1302 chars).
  Queue: 57 program(s) prioritised — 0 still to assemble
------------------------------------------------------------
[2026-08-29 11:29:34] ACTION=CAPTURE attempted=2 saved=2 failed=0
  Details: Batch finished: 2 saved, 0 failed. Latest: mc-archup/subj-abpl90438-assessment (2425 chars).
  Queue: 57 program(s) prioritised — 0 still to assemble
------------------------------------------------------------
[2026-08-29 11:29:59] ACTION=CAPTURE attempted=2 saved=2 failed=0
  Details: Batch finished: 2 saved, 0 failed. Latest: mc-biomeng/course (3564 chars).
  Queue: 57 program(s) prioritised — 0 still to assemble
------------------------------------------------------------
[2026-08-29 11:30:37] ACTION=CAPTURE attempted=2 saved=2 failed=0
  Details: Batch finished: 2 saved, 0 failed. Latest: mc-arcprop/subj-abpl90031-assessment (891 chars).
  Queue: 57 program(s) prioritised — 0 still to assemble
------------------------------------------------------------
[2026-08-29 11:31:16] ACTION=CAPTURE attempted=2 saved=2 failed=0
  Details: Batch finished: 2 saved, 0 failed. Latest: mc-arcprop/subj-abpl90041-assessment (961 chars).
  Queue: 57 program(s) prioritised — 0 still to assemble
------------------------------------------------------------
[2026-08-29 11:31:57] ACTION=CAPTURE attempted=2 saved=2 failed=0
  Details: Batch finished: 2 saved, 0 failed. Latest: mc-arcprop/subj-abpl90130-assessment (1026 chars).
  Queue: 57 program(s) prioritised — 0 still to assemble
------------------------------------------------------------
[2026-08-29 11:32:37] ACTION=CAPTURE attempted=2 saved=2 failed=0
  Details: Batch finished: 2 saved, 0 failed. Latest: mc-arcprop/subj-abpl90274-assessment (911 chars).
  Queue: 57 program(s) prioritised — 0 still to assemble
------------------------------------------------------------
[2026-08-29 11:33:14] ACTION=CAPTURE attempted=2 saved=2 failed=0
  Details: Batch finished: 2 saved, 0 failed. Latest: mc-arcprop/subj-abpl90285-assessment (1436 chars).
  Queue: 57 program(s) prioritised — 0 still to assemble
------------------------------------------------------------
[2026-08-29 11:33:53] ACTION=CAPTURE attempted=2 saved=2 failed=0
  Details: Batch finished: 2 saved, 0 failed. Latest: mc-arcprop/subj-abpl90286-assessment (1170 chars).
  Queue: 57 program(s) prioritised — 0 still to assemble
------------------------------------------------------------
[2026-08-29 11:34:31] ACTION=CAPTURE attempted=2 saved=2 failed=0
  Details: Batch finished: 2 saved, 0 failed. Latest: mc-arcprop/subj-abpl90287-assessment (1515 chars).
  Queue: 57 program(s) prioritised — 0 still to assemble
------------------------------------------------------------
[2026-08-29 11:35:10] ACTION=CAPTURE attempted=2 saved=2 failed=0
  Details: Batch finished: 2 saved, 0 failed. Latest: mc-arcprop/subj-abpl90288-assessment (1241 chars).
  Queue: 57 program(s) prioritised — 0 still to assemble
------------------------------------------------------------
[2026-08-29 11:41:36] ACTION=CAPTURE attempted=2 saved=2 failed=0
  Details: Batch finished: 2 saved, 0 failed. Latest: mc-aimo/subj-comp90108-assessment (751 chars).
  Queue: 57 program(s) prioritised — 0 still to assemble
------------------------------------------------------------
[2026-08-29 11:52:37] ACTION=CAPTURE attempted=2 saved=2 failed=0
  Details: Batch finished: 2 saved, 0 failed. Latest: mc-aimo/subj-comp90113-assessment (517 chars).
  Queue: 57 program(s) prioritised — 0 still to assemble
------------------------------------------------------------
[2026-08-29 11:53:55] ACTION=CAPTURE attempted=2 saved=2 failed=0
  Details: Batch finished: 2 saved, 0 failed. Latest: mc-actscen/subj-actl90005 (2031 chars).
  Queue: 57 program(s) prioritised — 0 still to assemble
------------------------------------------------------------
[2026-08-29 11:55:33] ACTION=CAPTURE attempted=2 saved=2 failed=0
  Details: Batch finished: 2 saved, 0 failed. Latest: mc-aemtrcs/subj-econ90047-assessment (822 chars).
  Queue: 57 program(s) prioritised — 0 still to assemble
------------------------------------------------------------
[2026-08-29 11:56:51] ACTION=CAPTURE attempted=2 saved=2 failed=0
  Details: Batch finished: 2 saved, 0 failed. Latest: mc-aimo/subj-comp90102-assessment (884 chars).
  Queue: 57 program(s) prioritised — 0 still to assemble
------------------------------------------------------------
[2026-08-29 11:59:34] ACTION=CAPTURE attempted=2 saved=2 failed=0
  Details: Batch finished: 2 saved, 0 failed. Latest: mc-anamgt/subj-busa90060 (2877 chars).
  Queue: 57 program(s) prioritised — 0 still to assemble
------------------------------------------------------------
[2026-08-29 12:12:11] ACTION=CAPTURE attempted=2 saved=2 failed=0
  Details: Batch finished: 2 saved, 0 failed. Latest: mc-anamgt/subj-busa90227 (2968 chars).
  Queue: 57 program(s) prioritised — 0 still to assemble
------------------------------------------------------------
[2026-08-29 12:13:32] ACTION=CAPTURE attempted=2 saved=2 failed=0
  Details: Batch finished: 2 saved, 0 failed. Latest: mc-anamgt/subj-busa90522 (2436 chars).
  Queue: 57 program(s) prioritised — 0 still to assemble
------------------------------------------------------------
[2026-08-29 12:16:35] ACTION=CAPTURE attempted=2 saved=2 failed=0
  Details: Batch finished: 2 saved, 0 failed. Latest: mc-aimo/subj-info90015-assessment (755 chars).
  Queue: 57 program(s) prioritised — 0 still to assemble
------------------------------------------------------------
[2026-08-29 12:26:33] ACTION=CAPTURE attempted=2 saved=2 failed=0
  Details: Batch finished: 2 saved, 0 failed. Latest: mc-aimo/subj-comp90104-assessment (846 chars).
  Queue: 57 program(s) prioritised — 0 still to assemble
------------------------------------------------------------
[2026-08-29 12:28:36] ACTION=CAPTURE attempted=2 saved=2 failed=0
  Details: Batch finished: 2 saved, 0 failed. Latest: mc-anpnp/subj-nurs90071-assessment (1154 chars).
  Queue: 57 program(s) prioritised — 0 still to assemble
------------------------------------------------------------
[2026-08-29 12:31:35] ACTION=CAPTURE attempted=2 saved=1 failed=1
  Details: Batch finished: 1 saved, 1 failed. Latest: mc-apling/course (3265 chars).
  Queue: 57 program(s) prioritised — 0 still to assemble
------------------------------------------------------------
[2026-08-29 12:34:35] ACTION=CAPTURE attempted=2 saved=2 failed=0
  Details: Batch finished: 2 saved, 0 failed. Latest: mc-aimo/subj-comp90111-assessment (760 chars).
  Queue: 57 program(s) prioritised — 0 still to assemble
------------------------------------------------------------
[2026-08-29 12:37:37] ACTION=CAPTURE attempted=2 saved=2 failed=0
  Details: Batch finished: 2 saved, 0 failed. Latest: mc-app/subj-educ90419 (2279 chars).
  Queue: 57 program(s) prioritised — 0 still to assemble
------------------------------------------------------------
[2026-08-29 12:39:35] ACTION=CAPTURE attempted=2 saved=2 failed=0
  Details: Batch finished: 2 saved, 0 failed. Latest: mc-app/subj-educ91042 (2136 chars).
  Queue: 57 program(s) prioritised — 0 still to assemble
------------------------------------------------------------
[2026-08-29 12:40:36] ACTION=CAPTURE attempted=2 saved=2 failed=0
  Details: Batch finished: 2 saved, 0 failed. Latest: mc-app/subj-educ91045 (2278 chars).
  Queue: 57 program(s) prioritised — 0 still to assemble
------------------------------------------------------------
[2026-08-29 12:43:36] ACTION=CAPTURE attempted=2 saved=2 failed=0
  Details: Batch finished: 2 saved, 0 failed. Latest: mc-archcm/comp-mc-archcm-entry-1 (2226 chars).
  Queue: 57 program(s) prioritised — 0 still to assemble
------------------------------------------------------------
[2026-08-29 12:46:38] ACTION=CAPTURE attempted=2 saved=2 failed=0
  Details: Batch finished: 2 saved, 0 failed. Latest: mc-archcm/subj-abpl90086 (2735 chars).
  Queue: 57 program(s) prioritised — 0 still to assemble
------------------------------------------------------------
[2026-08-29 12:49:37] ACTION=CAPTURE attempted=2 saved=2 failed=0
  Details: Batch finished: 2 saved, 0 failed. Latest: mc-archcm/subj-abpl90284 (2383 chars).
  Queue: 57 program(s) prioritised — 0 still to assemble
------------------------------------------------------------
[2026-08-29 12:51:07] ACTION=CAPTURE attempted=2 saved=2 failed=0
  Details: Batch finished: 2 saved, 0 failed. Latest: mc-archcm/subj-abpl90286 (2345 chars).
  Queue: 57 program(s) prioritised — 0 still to assemble
------------------------------------------------------------
[2026-08-29 12:52:16] ACTION=ERROR attempted=0 saved=0 failed=0
  Reason: Challenge detected: challenge page detected: rew-the-dare-is-thounce
  Queue: BREAKER OPEN — cooling off: 29m left, consecutive block 1, reason 'challenge page detected: rew-the-dare-is-thounce'
------------------------------------------------------------
[2026-08-29 13:23:17] ACTION=CAPTURE attempted=2 saved=2 failed=0
  Details: Batch finished: 2 saved, 0 failed. Latest: mc-aimo/subj-comp90100 (2321 chars).
  Queue: 57 program(s) prioritised — 0 still to assemble
------------------------------------------------------------
[2026-08-29 13:23:50] ACTION=CAPTURE attempted=2 saved=2 failed=0
  Details: Batch finished: 2 saved, 0 failed. Latest: mc-agsc/subj-agri90070-assessment (1047 chars).
  Queue: 57 program(s) prioritised — 0 still to assemble
------------------------------------------------------------
[2026-08-29 13:25:51] ACTION=CAPTURE attempted=2 saved=2 failed=0
  Details: Batch finished: 2 saved, 0 failed. Latest: mc-agsc/subj-agri90076-assessment (1880 chars).
  Queue: 57 program(s) prioritised — 0 still to assemble
------------------------------------------------------------
[2026-08-29 13:27:53] ACTION=CAPTURE attempted=2 saved=2 failed=0
  Details: Batch finished: 2 saved, 0 failed. Latest: mc-agsc/subj-agri90079-assessment (1250 chars).
  Queue: 57 program(s) prioritised — 0 still to assemble
------------------------------------------------------------
[2026-08-29 13:29:52] ACTION=CAPTURE attempted=2 saved=2 failed=0
  Details: Batch finished: 2 saved, 0 failed. Latest: mc-agsc/subj-agri90081-assessment (851 chars).
  Queue: 57 program(s) prioritised — 0 still to assemble
------------------------------------------------------------
[2026-08-29 13:31:52] ACTION=CAPTURE attempted=2 saved=2 failed=0
  Details: Batch finished: 2 saved, 0 failed. Latest: mc-agsc/subj-agri90083-assessment (1701 chars).
  Queue: 57 program(s) prioritised — 0 still to assemble
------------------------------------------------------------
[2026-08-29 13:33:53] ACTION=CAPTURE attempted=2 saved=2 failed=0
  Details: Batch finished: 2 saved, 0 failed. Latest: mc-agsc/subj-agri90088-assessment (572 chars).
  Queue: 57 program(s) prioritised — 0 still to assemble
------------------------------------------------------------
[2026-08-29 13:35:54] ACTION=CAPTURE attempted=2 saved=2 failed=0
  Details: Batch finished: 2 saved, 0 failed. Latest: mc-agsc/subj-food90012-assessment (863 chars).
  Queue: 57 program(s) prioritised — 0 still to assemble
------------------------------------------------------------
[2026-08-29 13:37:44] ACTION=CAPTURE attempted=2 saved=2 failed=0
  Details: Batch finished: 2 saved, 0 failed. Latest: mc-agsc/subj-food90041-assessment (634 chars).
  Queue: 57 program(s) prioritised — 0 still to assemble
------------------------------------------------------------
[2026-08-29 13:39:42] ACTION=CAPTURE attempted=2 saved=2 failed=0
  Details: Batch finished: 2 saved, 0 failed. Latest: mc-anamgt/subj-mgmt90244 (2249 chars).
  Queue: 57 program(s) prioritised — 0 still to assemble
------------------------------------------------------------
[2026-08-29 13:41:41] ACTION=CAPTURE attempted=2 saved=2 failed=0
  Details: Batch finished: 2 saved, 0 failed. Latest: mc-app/subj-educ91041 (2414 chars).
  Queue: 57 program(s) prioritised — 0 still to assemble
------------------------------------------------------------
[2026-08-29 13:43:42] ACTION=CAPTURE attempted=2 saved=2 failed=0
  Details: Batch finished: 2 saved, 0 failed. Latest: mc-app/subj-educ91044 (2052 chars).
  Queue: 57 program(s) prioritised — 0 still to assemble
------------------------------------------------------------
[2026-08-29 13:45:44] ACTION=CAPTURE attempted=2 saved=2 failed=0
  Details: Batch finished: 2 saved, 0 failed. Latest: mc-app/subj-educ91379 (3496 chars).
  Queue: 57 program(s) prioritised — 0 still to assemble
------------------------------------------------------------
[2026-08-29 13:47:42] ACTION=CAPTURE attempted=2 saved=2 failed=0
  Details: Batch finished: 2 saved, 0 failed. Latest: mc-archcm/subj-abpl90285 (2411 chars).
  Queue: 57 program(s) prioritised — 0 still to assemble
------------------------------------------------------------
[2026-08-29 13:49:42] ACTION=CAPTURE attempted=2 saved=2 failed=0
  Details: Batch finished: 2 saved, 0 failed. Latest: mc-archcm/subj-abpl90287 (3245 chars).
  Queue: 57 program(s) prioritised — 0 still to assemble
------------------------------------------------------------
[2026-08-29 13:51:42] ACTION=CAPTURE attempted=2 saved=2 failed=0
  Details: Batch finished: 2 saved, 0 failed. Latest: mc-archcm/subj-abpl90288 (2510 chars).
  Queue: 57 program(s) prioritised — 0 still to assemble
------------------------------------------------------------
[2026-08-29 13:52:47] ACTION=CAPTURE attempted=2 saved=2 failed=0
  Details: Batch finished: 2 saved, 0 failed. Latest: mc-archcm/subj-abpl90289 (2563 chars).
  Queue: 57 program(s) prioritised — 0 still to assemble
------------------------------------------------------------
[2026-08-29 13:53:42] ACTION=CAPTURE attempted=2 saved=2 failed=0
  Details: Batch finished: 2 saved, 0 failed. Latest: mc-archcm/subj-abpl90293 (2915 chars).
  Queue: 57 program(s) prioritised — 0 still to assemble
------------------------------------------------------------
[2026-08-29 13:55:44] ACTION=CAPTURE attempted=2 saved=2 failed=0
  Details: Batch finished: 2 saved, 0 failed. Latest: mc-archcm/subj-abpl90312 (2939 chars).
  Queue: 57 program(s) prioritised — 0 still to assemble
------------------------------------------------------------
[2026-08-29 13:57:45] ACTION=CAPTURE attempted=2 saved=2 failed=0
  Details: Batch finished: 2 saved, 0 failed. Latest: mc-agsc/subj-food90028-assessment (834 chars).
  Queue: 57 program(s) prioritised — 0 still to assemble
------------------------------------------------------------
[2026-08-29 13:59:44] ACTION=CAPTURE attempted=2 saved=2 failed=0
  Details: Batch finished: 2 saved, 0 failed. Latest: mc-archcm/subj-abpl90313 (2497 chars).
  Queue: 57 program(s) prioritised — 0 still to assemble
------------------------------------------------------------
[2026-08-29 14:12:45] ACTION=CAPTURE attempted=2 saved=2 failed=0
  Details: Batch finished: 2 saved, 0 failed. Latest: mc-agsc/subj-agri90066-assessment (853 chars).
  Queue: 57 program(s) prioritised — 0 still to assemble
------------------------------------------------------------
[2026-08-29 14:14:45] ACTION=CAPTURE attempted=2 saved=2 failed=0
  Details: Batch finished: 2 saved, 0 failed. Latest: mc-agsc/subj-agri90078-assessment (1786 chars).
  Queue: 57 program(s) prioritised — 0 still to assemble
------------------------------------------------------------
[2026-08-29 14:16:45] ACTION=CAPTURE attempted=2 saved=2 failed=0
  Details: Batch finished: 2 saved, 0 failed. Latest: mc-agsc/subj-agri90082-assessment (792 chars).
  Queue: 57 program(s) prioritised — 0 still to assemble
------------------------------------------------------------
[2026-08-29 14:18:44] ACTION=CAPTURE attempted=2 saved=2 failed=0
  Details: Batch finished: 2 saved, 0 failed. Latest: mc-agsc/subj-agri90091-assessment (821 chars).
  Queue: 57 program(s) prioritised — 0 still to assemble
------------------------------------------------------------
[2026-08-29 14:20:46] ACTION=CAPTURE attempted=2 saved=2 failed=0
  Details: Batch finished: 2 saved, 0 failed. Latest: mc-anpnp/subj-poph90302-assessment (982 chars).
  Queue: 57 program(s) prioritised — 0 still to assemble
------------------------------------------------------------
[2026-08-29 14:22:45] ACTION=CAPTURE attempted=2 saved=2 failed=0
  Details: Batch finished: 2 saved, 0 failed. Latest: mc-archcm/subj-abpl90324 (2345 chars).
  Queue: 57 program(s) prioritised — 0 still to assemble
------------------------------------------------------------
[2026-08-29 14:24:45] ACTION=CAPTURE attempted=2 saved=2 failed=0
  Details: Batch finished: 2 saved, 0 failed. Latest: mc-archcm/subj-abpl90435 (2516 chars).
  Queue: 57 program(s) prioritised — 0 still to assemble
------------------------------------------------------------
[2026-08-29 14:24:55] ACTION=CAPTURE attempted=2 saved=2 failed=0
  Details: Batch finished: 2 saved, 0 failed. Latest: mc-archeng/subj-abpl90289 (2563 chars).
  Queue: 57 program(s) prioritised — 0 still to assemble
------------------------------------------------------------
[2026-08-29 14:26:44] ACTION=CAPTURE attempted=2 saved=2 failed=0
  Details: Batch finished: 2 saved, 0 failed. Latest: mc-archud/subj-abpl90017-assessment (1099 chars).
  Queue: 57 program(s) prioritised — 0 still to assemble
------------------------------------------------------------
[2026-08-29 14:28:45] ACTION=CAPTURE attempted=2 saved=2 failed=0
  Details: Batch finished: 2 saved, 0 failed. Latest: mc-archud/subj-abpl90130 (4208 chars).
  Queue: 57 program(s) prioritised — 0 still to assemble
------------------------------------------------------------
[2026-08-29 14:30:45] ACTION=CAPTURE attempted=2 saved=2 failed=0
  Details: Batch finished: 2 saved, 0 failed. Latest: mc-archud/subj-abpl90289 (2563 chars).
  Queue: 57 program(s) prioritised — 0 still to assemble
------------------------------------------------------------
[2026-08-29 14:32:45] ACTION=CAPTURE attempted=2 saved=2 failed=0
  Details: Batch finished: 2 saved, 0 failed. Latest: mc-archup/course (3088 chars).
  Queue: 57 program(s) prioritised — 0 still to assemble
------------------------------------------------------------
[2026-08-29 14:34:45] ACTION=CAPTURE attempted=2 saved=2 failed=0
  Details: Batch finished: 2 saved, 0 failed. Latest: mc-archup/subj-abpl90017-assessment (1099 chars).
  Queue: 57 program(s) prioritised — 0 still to assemble
------------------------------------------------------------
[2026-08-29 14:36:56] ACTION=CAPTURE attempted=2 saved=2 failed=0
  Details: Batch finished: 2 saved, 0 failed. Latest: mc-archup/subj-abpl90020-assessment (877 chars).
  Queue: 57 program(s) prioritised — 0 still to assemble
------------------------------------------------------------
[2026-08-29 14:38:47] ACTION=CAPTURE attempted=2 saved=2 failed=0
  Details: Batch finished: 2 saved, 0 failed. Latest: mc-archup/subj-abpl90040-assessment (901 chars).
  Queue: 57 program(s) prioritised — 0 still to assemble
------------------------------------------------------------
[2026-08-29 14:40:51] ACTION=CAPTURE attempted=2 saved=2 failed=0
  Details: Batch finished: 2 saved, 0 failed. Latest: mc-archup/subj-abpl90055-assessment (756 chars).
  Queue: 57 program(s) prioritised — 0 still to assemble
------------------------------------------------------------
[2026-08-29 14:43:51] ACTION=CAPTURE attempted=2 saved=2 failed=0
  Details: Batch finished: 2 saved, 0 failed. Latest: mc-archup/subj-abpl90064-assessment (971 chars).
  Queue: 57 program(s) prioritised — 0 still to assemble
------------------------------------------------------------
[2026-08-29 14:46:47] ACTION=CAPTURE attempted=2 saved=2 failed=0
  Details: Batch finished: 2 saved, 0 failed. Latest: mc-archeng/course (2758 chars).
  Queue: 57 program(s) prioritised — 0 still to assemble
------------------------------------------------------------
[2026-08-29 14:49:46] ACTION=CAPTURE attempted=2 saved=2 failed=0
  Details: Batch finished: 2 saved, 0 failed. Latest: mc-archud/subj-abpl90075-assessment (821 chars).
  Queue: 57 program(s) prioritised — 0 still to assemble
------------------------------------------------------------
[2026-08-29 14:51:47] ACTION=CAPTURE attempted=2 saved=2 failed=0
  Details: Batch finished: 2 saved, 0 failed. Latest: mc-archup/subj-abpl90065-assessment (790 chars).
  Queue: 57 program(s) prioritised — 0 still to assemble
------------------------------------------------------------
[2026-08-29 14:53:51] ACTION=CAPTURE attempted=2 saved=2 failed=0
  Details: Batch finished: 2 saved, 0 failed. Latest: mc-archup/subj-abpl90118-assessment (1480 chars).
  Queue: 57 program(s) prioritised — 0 still to assemble
------------------------------------------------------------
[2026-08-29 14:55:47] ACTION=CAPTURE attempted=2 saved=2 failed=0
  Details: Batch finished: 2 saved, 0 failed. Latest: mc-archup/subj-abpl90131-assessment (1047 chars).
  Queue: 57 program(s) prioritised — 0 still to assemble
------------------------------------------------------------
[2026-08-29 14:57:49] ACTION=CAPTURE attempted=2 saved=2 failed=0
  Details: Batch finished: 2 saved, 0 failed. Latest: mc-archup/subj-abpl90134-assessment (774 chars).
  Queue: 57 program(s) prioritised — 0 still to assemble
------------------------------------------------------------
[2026-08-29 14:59:47] ACTION=CAPTURE attempted=2 saved=2 failed=0
  Details: Batch finished: 2 saved, 0 failed. Latest: mc-archup/subj-abpl90135-assessment (1108 chars).
  Queue: 57 program(s) prioritised — 0 still to assemble
------------------------------------------------------------
[2026-08-29 15:02:00] ACTION=CAPTURE attempted=2 saved=2 failed=0
  Details: Batch finished: 2 saved, 0 failed. Latest: mc-archup/subj-abpl90169-assessment (1770 chars).
  Queue: 57 program(s) prioritised — 0 still to assemble
------------------------------------------------------------
[2026-08-29 15:02:31] ACTION=ERROR attempted=0 saved=0 failed=0
  Reason: Challenge detected: challenge page detected: rew-the-dare-is-thounce
  Queue: BREAKER OPEN — cooling off: 29m left, consecutive block 1, reason 'challenge page detected: rew-the-dare-is-thounce'
------------------------------------------------------------
[2026-08-29 15:02:57] ACTION=CAPTURE attempted=2 saved=2 failed=0
  Details: Batch finished: 2 saved, 0 failed. Latest: mc-archup/subj-abpl90289-assessment (1168 chars).
  Queue: 57 program(s) prioritised — 0 still to assemble
------------------------------------------------------------
[2026-08-29 15:03:36] ACTION=CAPTURE attempted=2 saved=2 failed=0
  Details: Batch finished: 2 saved, 0 failed. Latest: mc-agsc/subj-agri90080-assessment (1107 chars).
  Queue: 57 program(s) prioritised — 0 still to assemble
------------------------------------------------------------
[2026-08-29 15:03:48] ACTION=ERROR attempted=0 saved=0 failed=0
  Reason: Challenge detected: challenge page detected: rew-the-dare-is-thounce
  Queue: BREAKER OPEN — cooling off: 29m left, consecutive block 1, reason 'challenge page detected: rew-the-dare-is-thounce'
------------------------------------------------------------
[2026-08-29 15:03:49] ACTION=CAPTURE attempted=2 saved=2 failed=0
  Details: Batch finished: 2 saved, 0 failed. Latest: mc-aimo/subj-comp90107-assessment (3820 chars).
  Queue: BREAKER OPEN — cooling off: 29m left, consecutive block 1, reason 'challenge page detected: rew-the-dare-is-thounce'
------------------------------------------------------------
[2026-08-29 15:34:46] ACTION=ERROR attempted=0 saved=0 failed=0
  Reason: Challenge detected: challenge page detected: rew-the-dare-is-thounce
  Queue: BREAKER OPEN — cooling off: 59m left, consecutive block 2, reason 'challenge page detected: rew-the-dare-is-thounce'
------------------------------------------------------------
[2026-08-29 15:34:51] ACTION=ERROR attempted=0 saved=0 failed=0
  Reason: Challenge detected: challenge page detected: rew-the-dare-is-thounce
  Queue: BREAKER OPEN — NEEDS A PERSON: 119m left, consecutive block 3, reason 'challenge page detected: rew-the-dare-is-thounce'
------------------------------------------------------------
[2026-08-29 15:35:01] ACTION=ERROR attempted=0 saved=0 failed=0
  Reason: Challenge detected: challenge page detected: rew-the-dare-is-thounce
  Queue: BREAKER OPEN — NEEDS A PERSON: 239m left, consecutive block 4, reason 'challenge page detected: rew-the-dare-is-thounce'
------------------------------------------------------------
[2026-08-29 15:37:31] ACTION=CAPTURE attempted=2 saved=2 failed=0
  Details: Batch finished: 2 saved, 0 failed. Latest: mc-agsc/subj-agri90084-assessment (980 chars).
  Queue: 57 program(s) prioritised — 0 still to assemble
------------------------------------------------------------
[2026-08-29 15:37:54] ACTION=CAPTURE attempted=2 saved=1 failed=1
  Details: Batch finished: 1 saved, 1 failed. Latest: mc-archcm/subj-abpl90335 (2889 chars).
  Queue: 57 program(s) prioritised — 0 still to assemble
------------------------------------------------------------
[2026-08-29 15:38:09] ACTION=CAPTURE attempted=2 saved=2 failed=0
  Details: Batch finished: 2 saved, 0 failed. Latest: mc-archup/subj-abpl90117-assessment (1375 chars).
  Queue: 57 program(s) prioritised — 0 still to assemble
------------------------------------------------------------
[2026-08-29 15:38:47] ACTION=CAPTURE attempted=2 saved=2 failed=0
  Details: Batch finished: 2 saved, 0 failed. Latest: mc-archup/subj-abpl90286-assessment (1184 chars).
  Queue: 57 program(s) prioritised — 0 still to assemble
------------------------------------------------------------
[2026-08-29 15:39:27] ACTION=CAPTURE attempted=2 saved=2 failed=0
  Details: Batch finished: 2 saved, 0 failed. Latest: mc-archup/subj-abpl90397-assessment (813 chars).
  Queue: 57 program(s) prioritised — 0 still to assemble
------------------------------------------------------------
[2026-08-29 15:39:52] ACTION=CAPTURE attempted=2 saved=2 failed=0
  Details: Batch finished: 2 saved, 0 failed. Latest: mc-archup/subj-abpl90439-assessment (2180 chars).
  Queue: 57 program(s) prioritised — 0 still to assemble
------------------------------------------------------------
[2026-08-29 15:40:03] ACTION=CAPTURE attempted=2 saved=2 failed=0
  Details: Batch finished: 2 saved, 0 failed. Latest: mc-arcprop/subj-abpl90011-assessment (931 chars).
  Queue: 57 program(s) prioritised — 0 still to assemble
------------------------------------------------------------
[2026-08-29 15:40:39] ACTION=CAPTURE attempted=2 saved=2 failed=0
  Details: Batch finished: 2 saved, 0 failed. Latest: mc-arcprop/subj-abpl90036-assessment (1117 chars).
  Queue: 57 program(s) prioritised — 0 still to assemble
------------------------------------------------------------
[2026-08-29 15:41:15] ACTION=CAPTURE attempted=2 saved=2 failed=0
  Details: Batch finished: 2 saved, 0 failed. Latest: mc-arcprop/subj-abpl90140-assessment (1325 chars).
  Queue: 57 program(s) prioritised — 0 still to assemble
------------------------------------------------------------
[2026-08-29 15:41:25] ACTION=ERROR attempted=0 saved=0 failed=0
  Reason: Challenge detected: challenge page detected: rew-the-dare-is-thounce
  Queue: BREAKER OPEN — cooling off: 29m left, consecutive block 1, reason 'challenge page detected: rew-the-dare-is-thounce'
------------------------------------------------------------
[2026-08-29 15:41:51] ACTION=CAPTURE attempted=2 saved=2 failed=0
  Details: Batch finished: 2 saved, 0 failed. Latest: mc-arcprop/subj-abpl90289-assessment (1182 chars).
  Queue: 57 program(s) prioritised — 0 still to assemble
------------------------------------------------------------
[2026-08-29 15:42:39] ACTION=CAPTURE attempted=2 saved=2 failed=0
  Details: Batch finished: 2 saved, 0 failed. Latest: mc-archcm/subj-abpl90292 (3193 chars).
  Queue: 57 program(s) prioritised — 0 still to assemble
------------------------------------------------------------
[2026-08-29 15:43:16] ACTION=CAPTURE attempted=2 saved=2 failed=0
  Details: Batch finished: 2 saved, 0 failed. Latest: mc-archup/subj-abpl90246 (2705 chars).
  Queue: 57 program(s) prioritised — 0 still to assemble
------------------------------------------------------------
[2026-08-29 15:43:52] ACTION=CAPTURE attempted=2 saved=2 failed=0
  Details: Batch finished: 2 saved, 0 failed. Latest: mc-archup/subj-abpl90439 (2989 chars).
  Queue: 57 program(s) prioritised — 0 still to assemble
------------------------------------------------------------
[2026-08-29 15:43:52] ACTION=CAPTURE attempted=2 saved=2 failed=0
  Details: Batch finished: 2 saved, 0 failed. Latest: mc-archup/subj-abpl90396 (3652 chars).
  Queue: 57 program(s) prioritised — 0 still to assemble
------------------------------------------------------------
[2026-08-29 15:44:29] ACTION=CAPTURE attempted=2 saved=2 failed=0
  Details: Batch finished: 2 saved, 0 failed. Latest: mc-arcprop/subj-abpl90026-assessment (1199 chars).
  Queue: 57 program(s) prioritised — 0 still to assemble
------------------------------------------------------------
[2026-08-29 15:45:06] ACTION=CAPTURE attempted=2 saved=2 failed=0
  Details: Batch finished: 2 saved, 0 failed. Latest: mc-arcprop/subj-abpl90117-assessment (1375 chars).
  Queue: 57 program(s) prioritised — 0 still to assemble
------------------------------------------------------------
[2026-08-29 15:45:44] ACTION=CAPTURE attempted=2 saved=2 failed=0
  Details: Batch finished: 2 saved, 0 failed. Latest: mc-arcprop/subj-abpl90284-assessment (1709 chars).
  Queue: 57 program(s) prioritised — 0 still to assemble
------------------------------------------------------------
[2026-08-29 15:46:30] ACTION=CAPTURE attempted=2 saved=2 failed=0
  Details: Batch finished: 2 saved, 0 failed. Latest: mc-arcprop/subj-abpl90362-assessment (1454 chars).
  Queue: 57 program(s) prioritised — 0 still to assemble
------------------------------------------------------------
[2026-08-29 15:47:08] ACTION=CAPTURE attempted=2 saved=2 failed=0
  Details: Batch finished: 2 saved, 0 failed. Latest: mc-arcprop/subj-abpl90416-assessment (745 chars).
  Queue: 57 program(s) prioritised — 0 still to assemble
------------------------------------------------------------
[2026-08-29 15:47:47] ACTION=CAPTURE attempted=2 saved=2 failed=0
  Details: Batch finished: 2 saved, 0 failed. Latest: mc-arcprop/subj-abpl90438-assessment (2439 chars).
  Queue: 57 program(s) prioritised — 0 still to assemble
------------------------------------------------------------
[2026-08-29 15:48:24] ACTION=CAPTURE attempted=2 saved=2 failed=0
  Details: Batch finished: 2 saved, 0 failed. Latest: mc-arcprop/subj-econ90015-assessment (1027 chars).
  Queue: 57 program(s) prioritised — 0 still to assemble
------------------------------------------------------------
[2026-08-29 15:49:01] ACTION=CAPTURE attempted=2 saved=2 failed=0
  Details: Batch finished: 2 saved, 0 failed. Latest: mc-archuch/attributes (5566 chars).
  Queue: 57 program(s) prioritised — 0 still to assemble
------------------------------------------------------------
[2026-08-29 15:49:41] ACTION=CAPTURE attempted=2 saved=2 failed=0
  Details: Batch finished: 2 saved, 0 failed. Latest: mc-bus/attributes (4784 chars).
  Queue: 57 program(s) prioritised — 0 still to assemble
------------------------------------------------------------
[2026-08-29 15:50:18] ACTION=CAPTURE attempted=2 saved=2 failed=0
  Details: Batch finished: 2 saved, 0 failed. Latest: mc-clined/attributes (4501 chars).
  Queue: 57 program(s) prioritised — 0 still to assemble
------------------------------------------------------------
[2026-08-29 15:50:56] ACTION=CAPTURE attempted=2 saved=2 failed=0
  Details: Batch finished: 2 saved, 0 failed. Latest: mc-cmprop/attributes (8298 chars).
  Queue: 57 program(s) prioritised — 0 still to assemble
------------------------------------------------------------
[2026-08-29 15:51:34] ACTION=CAPTURE attempted=2 saved=2 failed=0
  Details: Batch finished: 2 saved, 0 failed. Latest: mc-comact/attributes (3027 chars).
  Queue: 57 program(s) prioritised — 0 still to assemble
------------------------------------------------------------
[2026-08-29 15:52:22] ACTION=ERROR attempted=0 saved=0 failed=0
  Reason: Challenge detected: challenge page detected: rew-the-dare-is-thounce
  Queue: BREAKER OPEN — cooling off: 29m left, consecutive block 1, reason 'challenge page detected: rew-the-dare-is-thounce'
------------------------------------------------------------
[2026-08-29 16:08:42] ACTION=CAPTURE attempted=2 saved=2 failed=0
  Details: Batch finished: 2 saved, 0 failed. Latest: mc-archuch/structure (8035 chars).
  Queue: 57 program(s) prioritised — 0 still to assemble
------------------------------------------------------------
[2026-08-29 16:08:52] ACTION=CAPTURE attempted=2 saved=2 failed=0
  Details: Batch finished: 2 saved, 0 failed. Latest: mc-archup/subj-abpl90285-assessment (1450 chars).
  Queue: 57 program(s) prioritised — 0 still to assemble
------------------------------------------------------------
[2026-08-29 16:09:22] ACTION=CAPTURE attempted=2 saved=2 failed=0
  Details: Batch finished: 2 saved, 0 failed. Latest: mc-archuch/subj-abpl90085-assessment (617 chars).
  Queue: 57 program(s) prioritised — 0 still to assemble
------------------------------------------------------------
[2026-08-29 16:10:02] ACTION=CAPTURE attempted=2 saved=2 failed=0
  Details: Batch finished: 2 saved, 0 failed. Latest: mc-archuch/subj-abpl90118-assessment (1494 chars).
  Queue: 57 program(s) prioritised — 0 still to assemble
------------------------------------------------------------
[2026-08-29 16:10:43] ACTION=CAPTURE attempted=2 saved=2 failed=0
  Details: Batch finished: 2 saved, 0 failed. Latest: mc-archuch/subj-abpl90146-assessment (1198 chars).
  Queue: 57 program(s) prioritised — 0 still to assemble
------------------------------------------------------------
[2026-08-29 16:10:54] ACTION=CAPTURE attempted=2 saved=2 failed=0
  Details: Batch finished: 2 saved, 0 failed. Latest: mc-archuch/subj-abpl90265-assessment (1309 chars).
  Queue: 57 program(s) prioritised — 0 still to assemble
------------------------------------------------------------
[2026-08-29 16:12:56] ACTION=CAPTURE attempted=2 saved=2 failed=0
  Details: Batch finished: 2 saved, 0 failed. Latest: mc-archuch/subj-abpl90285-assessment (1450 chars).
  Queue: 57 program(s) prioritised — 0 still to assemble
------------------------------------------------------------
[2026-08-29 16:14:54] ACTION=CAPTURE attempted=2 saved=2 failed=0
  Details: Batch finished: 2 saved, 0 failed. Latest: mc-archuch/subj-abpl90287-assessment (1529 chars).
  Queue: 57 program(s) prioritised — 0 still to assemble
------------------------------------------------------------
[2026-08-29 16:16:57] ACTION=CAPTURE attempted=2 saved=2 failed=0
  Details: Batch finished: 2 saved, 0 failed. Latest: mc-archuch/subj-abpl90355-assessment (905 chars).
  Queue: 57 program(s) prioritised — 0 still to assemble
------------------------------------------------------------
[2026-08-29 16:18:55] ACTION=CAPTURE attempted=2 saved=2 failed=0
  Details: Batch finished: 2 saved, 0 failed. Latest: mc-archuch/subj-abpl90367-assessment (784 chars).
  Queue: 57 program(s) prioritised — 0 still to assemble
------------------------------------------------------------
[2026-08-29 16:20:55] ACTION=CAPTURE attempted=2 saved=2 failed=0
  Details: Batch finished: 2 saved, 0 failed. Latest: mc-archuch/subj-abpl90385-assessment (893 chars).
  Queue: 57 program(s) prioritised — 0 still to assemble
------------------------------------------------------------
[2026-08-29 16:24:08] ACTION=ERROR attempted=0 saved=0 failed=0
  Reason: Challenge detected: challenge page detected: rew-the-dare-is-thounce
  Queue: BREAKER OPEN — cooling off: 29m left, consecutive block 1, reason 'challenge page detected: rew-the-dare-is-thounce'
------------------------------------------------------------
[2026-08-29 16:26:46] ACTION=ERROR attempted=0 saved=0 failed=0
  Reason: Challenge detected: challenge page detected: rew-the-dare-is-thounce
  Queue: BREAKER OPEN — cooling off: 29m left, consecutive block 1, reason 'challenge page detected: rew-the-dare-is-thounce'
------------------------------------------------------------
[2026-08-29 16:30:08] ACTION=ERROR attempted=0 saved=0 failed=0
  Reason: Challenge detected: challenge page detected: rew-the-dare-is-thounce
  Queue: BREAKER OPEN — cooling off: 29m left, consecutive block 1, reason 'challenge page detected: rew-the-dare-is-thounce'
------------------------------------------------------------
[2026-08-29 16:34:05] ACTION=ERROR attempted=0 saved=0 failed=0
  Reason: Challenge detected: challenge page detected: rew-the-dare-is-thounce
  Queue: BREAKER OPEN — cooling off: 29m left, consecutive block 1, reason 'challenge page detected: rew-the-dare-is-thounce'
------------------------------------------------------------
[2026-08-29 16:36:06] ACTION=ERROR attempted=0 saved=0 failed=0
  Reason: Challenge detected: challenge page detected: rew-the-dare-is-thounce
  Queue: BREAKER OPEN — cooling off: 29m left, consecutive block 1, reason 'challenge page detected: rew-the-dare-is-thounce'
------------------------------------------------------------
[2026-08-29 16:53:58] ACTION=CAPTURE attempted=2 saved=2 failed=0
  Details: Batch finished: 2 saved, 0 failed. Latest: mc-archuch/subj-abpl90117-assessment (1375 chars).
  Queue: 57 program(s) prioritised — 0 still to assemble
------------------------------------------------------------
[2026-08-29 16:55:58] ACTION=CAPTURE attempted=2 saved=2 failed=0
  Details: Batch finished: 2 saved, 0 failed. Latest: mc-archuch/subj-abpl90140-assessment (1325 chars).
  Queue: 57 program(s) prioritised — 0 still to assemble
------------------------------------------------------------
[2026-08-29 16:57:58] ACTION=CAPTURE attempted=2 saved=2 failed=0
  Details: Batch finished: 2 saved, 0 failed. Latest: mc-archuch/subj-abpl90282-assessment (1400 chars).
  Queue: 57 program(s) prioritised — 0 still to assemble
------------------------------------------------------------
[2026-08-29 17:00:01] ACTION=CAPTURE attempted=2 saved=2 failed=0
  Details: Batch finished: 2 saved, 0 failed. Latest: mc-archuch/subj-abpl90289-assessment (1182 chars).
  Queue: 57 program(s) prioritised — 0 still to assemble
------------------------------------------------------------
[2026-08-29 17:02:03] ACTION=CAPTURE attempted=2 saved=2 failed=0
  Details: Batch finished: 2 saved, 0 failed. Latest: mc-archuch/subj-abpl90382-assessment (875 chars).
  Queue: 57 program(s) prioritised — 0 still to assemble
------------------------------------------------------------
[2026-08-29 17:04:01] ACTION=CAPTURE attempted=2 saved=2 failed=0
  Details: Batch finished: 2 saved, 0 failed. Latest: mc-archuch/subj-abpl90438-assessment (2439 chars).
  Queue: 57 program(s) prioritised — 0 still to assemble
------------------------------------------------------------
[2026-08-29 17:06:01] ACTION=CAPTURE attempted=2 saved=2 failed=0
  Details: Batch finished: 2 saved, 0 failed. Latest: mc-archuch/subj-amgt90017-assessment (1649 chars).
  Queue: 57 program(s) prioritised — 0 still to assemble
------------------------------------------------------------
[2026-08-29 17:08:36] ACTION=ERROR attempted=0 saved=0 failed=0
  Reason: Challenge detected: challenge page detected: rew-the-dare-is-thounce
  Queue: BREAKER OPEN — cooling off: 29m left, consecutive block 1, reason 'challenge page detected: rew-the-dare-is-thounce'
------------------------------------------------------------
[2026-08-29 17:11:10] ACTION=ERROR attempted=0 saved=0 failed=0
  Reason: Challenge detected: challenge page detected: rew-the-dare-is-thounce
  Queue: BREAKER OPEN — cooling off: 29m left, consecutive block 1, reason 'challenge page detected: rew-the-dare-is-thounce'
------------------------------------------------------------
[2026-08-29 17:13:15] ACTION=ERROR attempted=0 saved=0 failed=0
  Reason: Challenge detected: challenge page detected: rew-the-dare-is-thounce
  Queue: BREAKER OPEN — cooling off: 29m left, consecutive block 1, reason 'challenge page detected: rew-the-dare-is-thounce'
------------------------------------------------------------
[2026-08-29 17:15:10] ACTION=ERROR attempted=0 saved=0 failed=0
  Reason: Challenge detected: challenge page detected: rew-the-dare-is-thounce
  Queue: BREAKER OPEN — cooling off: 29m left, consecutive block 1, reason 'challenge page detected: rew-the-dare-is-thounce'
------------------------------------------------------------
[2026-08-29 17:18:10] ACTION=ERROR attempted=0 saved=0 failed=0
  Reason: Challenge detected: challenge page detected: rew-the-dare-is-thounce
  Queue: BREAKER OPEN — cooling off: 29m left, consecutive block 1, reason 'challenge page detected: rew-the-dare-is-thounce'
------------------------------------------------------------
[2026-08-29 17:20:10] ACTION=ERROR attempted=0 saved=0 failed=0
  Reason: Challenge detected: challenge page detected: rew-the-dare-is-thounce
  Queue: BREAKER OPEN — cooling off: 29m left, consecutive block 1, reason 'challenge page detected: rew-the-dare-is-thounce'
------------------------------------------------------------
[2026-08-29 17:22:11] ACTION=ERROR attempted=0 saved=0 failed=0
  Reason: Challenge detected: challenge page detected: rew-the-dare-is-thounce
  Queue: BREAKER OPEN — cooling off: 29m left, consecutive block 1, reason 'challenge page detected: rew-the-dare-is-thounce'
------------------------------------------------------------
[2026-08-29 17:24:10] ACTION=ERROR attempted=0 saved=0 failed=0
  Reason: Challenge detected: challenge page detected: rew-the-dare-is-thounce
  Queue: BREAKER OPEN — cooling off: 29m left, consecutive block 1, reason 'challenge page detected: rew-the-dare-is-thounce'
------------------------------------------------------------
[2026-08-29 17:26:11] ACTION=ERROR attempted=0 saved=0 failed=0
  Reason: Challenge detected: challenge page detected: rew-the-dare-is-thounce
  Queue: BREAKER OPEN — cooling off: 29m left, consecutive block 1, reason 'challenge page detected: rew-the-dare-is-thounce'
------------------------------------------------------------
[2026-08-29 17:30:03] ACTION=CAPTURE attempted=2 saved=2 failed=0
  Details: Batch finished: 2 saved, 0 failed. Latest: mc-archuch/subj-abpl90439-assessment (2180 chars).
  Queue: 57 program(s) prioritised — 0 still to assemble
------------------------------------------------------------
[2026-08-29 17:32:01] ACTION=CAPTURE attempted=2 saved=2 failed=0
  Details: Batch finished: 2 saved, 0 failed. Latest: mc-archud/subj-abpl90132-assessment (879 chars).
  Queue: 57 program(s) prioritised — 0 still to assemble
------------------------------------------------------------
[2026-08-29 17:34:01] ACTION=CAPTURE attempted=2 saved=2 failed=0
  Details: Batch finished: 2 saved, 0 failed. Latest: mc-arclarc/course (2031 chars).
  Queue: 57 program(s) prioritised — 0 still to assemble
------------------------------------------------------------
[2026-08-29 17:38:08] ACTION=CAPTURE attempted=2 saved=2 failed=0
  Details: Batch finished: 2 saved, 0 failed. Latest: mc-arcprop/subj-abpl90045 (1239 chars).
  Queue: 57 program(s) prioritised — 0 still to assemble
------------------------------------------------------------
[2026-08-29 17:40:05] ACTION=CAPTURE attempted=2 saved=2 failed=0
  Details: Batch finished: 2 saved, 0 failed. Latest: mc-arcprop/subj-abpl90290 (2274 chars).
  Queue: 57 program(s) prioritised — 0 still to assemble
------------------------------------------------------------
[2026-08-29 17:42:02] ACTION=CAPTURE attempted=2 saved=2 failed=0
  Details: Batch finished: 2 saved, 0 failed. Latest: mc-arcprop/subj-abpl90363 (2854 chars).
  Queue: 57 program(s) prioritised — 0 still to assemble
------------------------------------------------------------
[2026-08-29 17:44:06] ACTION=CAPTURE attempted=2 saved=2 failed=0
  Details: Batch finished: 2 saved, 0 failed. Latest: mc-arcprop/subj-abpl90437 (3854 chars).
  Queue: 57 program(s) prioritised — 0 still to assemble
------------------------------------------------------------
[2026-08-29 17:47:12] ACTION=ERROR attempted=0 saved=0 failed=0
  Reason: Challenge detected: challenge page detected: rew-the-dare-is-thounce
  Queue: BREAKER OPEN — cooling off: 29m left, consecutive block 1, reason 'challenge page detected: rew-the-dare-is-thounce'
------------------------------------------------------------
[2026-08-29 17:49:14] ACTION=ERROR attempted=0 saved=0 failed=0
  Reason: Challenge detected: challenge page detected: rew-the-dare-is-thounce
  Queue: BREAKER OPEN — cooling off: 29m left, consecutive block 1, reason 'challenge page detected: rew-the-dare-is-thounce'
------------------------------------------------------------
[2026-08-29 17:51:16] ACTION=ERROR attempted=0 saved=0 failed=0
  Reason: Challenge detected: challenge page detected: rew-the-dare-is-thounce
  Queue: BREAKER OPEN — cooling off: 29m left, consecutive block 1, reason 'challenge page detected: rew-the-dare-is-thounce'
------------------------------------------------------------
[2026-08-29 17:54:17] ACTION=ERROR attempted=0 saved=0 failed=0
  Reason: Challenge detected: challenge page detected: rew-the-dare-is-thounce
  Queue: BREAKER OPEN — cooling off: 29m left, consecutive block 1, reason 'challenge page detected: rew-the-dare-is-thounce'
------------------------------------------------------------
[2026-08-29 17:57:17] ACTION=CAPTURE attempted=2 saved=2 failed=0
  Details: Batch finished: 2 saved, 0 failed. Latest: mc-archup/subj-abpl90437 (3854 chars).
  Queue: 57 program(s) prioritised — 0 still to assemble
------------------------------------------------------------
[2026-08-29 18:00:04] ACTION=CAPTURE attempted=2 saved=2 failed=0
  Details: Batch finished: 2 saved, 0 failed. Latest: mc-arcprop/subj-abpl90339 (4636 chars).
  Queue: 57 program(s) prioritised — 0 still to assemble
------------------------------------------------------------
[2026-08-29 18:02:23] ACTION=CAPTURE attempted=2 saved=2 failed=0
  Details: Batch finished: 2 saved, 0 failed. Latest: mc-arcprop/subj-abpl90439 (3652 chars).
  Queue: 57 program(s) prioritised — 0 still to assemble
------------------------------------------------------------
[2026-08-29 18:06:07] ACTION=CAPTURE attempted=2 saved=2 failed=0
  Details: Batch finished: 2 saved, 0 failed. Latest: mc-bus/structure (2404 chars).
  Queue: 57 program(s) prioritised — 0 still to assemble
------------------------------------------------------------
[2026-08-29 18:08:04] ACTION=CAPTURE attempted=2 saved=2 failed=0
  Details: Batch finished: 2 saved, 0 failed. Latest: mc-biomeng/subj-bmen20003-assessment (1375 chars).
  Queue: 57 program(s) prioritised — 0 still to assemble
------------------------------------------------------------
[2026-08-29 18:10:39] ACTION=ERROR attempted=0 saved=0 failed=0
  Reason: Challenge detected: challenge page detected: rew-the-dare-is-thounce
  Queue: BREAKER OPEN — cooling off: 29m left, consecutive block 1, reason 'challenge page detected: rew-the-dare-is-thounce'
------------------------------------------------------------
[2026-08-29 18:15:15] ACTION=ERROR attempted=0 saved=0 failed=0
  Reason: Challenge detected: challenge page detected: rew-the-dare-is-thounce
  Queue: BREAKER OPEN — cooling off: 29m left, consecutive block 1, reason 'challenge page detected: rew-the-dare-is-thounce'
------------------------------------------------------------
[2026-08-29 18:17:16] ACTION=ERROR attempted=0 saved=0 failed=0
  Reason: Challenge detected: challenge page detected: rew-the-dare-is-thounce
  Queue: BREAKER OPEN — cooling off: 29m left, consecutive block 1, reason 'challenge page detected: rew-the-dare-is-thounce'
------------------------------------------------------------
[2026-08-29 18:20:25] ACTION=ERROR attempted=0 saved=0 failed=0
  Reason: Challenge detected: challenge page detected: rew-the-dare-is-thounce
  Queue: BREAKER OPEN — cooling off: 29m left, consecutive block 1, reason 'challenge page detected: rew-the-dare-is-thounce'
------------------------------------------------------------
[2026-08-29 18:23:16] ACTION=ERROR attempted=0 saved=0 failed=0
  Reason: Challenge detected: challenge page detected: rew-the-dare-is-thounce
  Queue: BREAKER OPEN — cooling off: 29m left, consecutive block 1, reason 'challenge page detected: rew-the-dare-is-thounce'
------------------------------------------------------------
[2026-08-29 18:25:15] ACTION=ERROR attempted=0 saved=0 failed=0
  Reason: Challenge detected: challenge page detected: rew-the-dare-is-thounce
  Queue: BREAKER OPEN — cooling off: 29m left, consecutive block 1, reason 'challenge page detected: rew-the-dare-is-thounce'
------------------------------------------------------------
[2026-08-29 18:27:20] ACTION=ERROR attempted=0 saved=0 failed=0
  Reason: Challenge detected: challenge page detected: rew-the-dare-is-thounce
  Queue: BREAKER OPEN — cooling off: 29m left, consecutive block 1, reason 'challenge page detected: rew-the-dare-is-thounce'
------------------------------------------------------------
[2026-08-29 18:30:15] ACTION=ERROR attempted=0 saved=0 failed=0
  Reason: Challenge detected: challenge page detected: rew-the-dare-is-thounce
  Queue: BREAKER OPEN — cooling off: 29m left, consecutive block 1, reason 'challenge page detected: rew-the-dare-is-thounce'
------------------------------------------------------------
[2026-08-29 18:32:15] ACTION=ERROR attempted=0 saved=0 failed=0
  Reason: Challenge detected: challenge page detected: rew-the-dare-is-thounce
  Queue: BREAKER OPEN — cooling off: 29m left, consecutive block 1, reason 'challenge page detected: rew-the-dare-is-thounce'
------------------------------------------------------------
[2026-08-29 18:36:24] ACTION=ERROR attempted=0 saved=0 failed=0
  Reason: Challenge detected: challenge page detected: rew-the-dare-is-thounce
  Queue: BREAKER OPEN — cooling off: 29m left, consecutive block 1, reason 'challenge page detected: rew-the-dare-is-thounce'
------------------------------------------------------------
[2026-08-29 18:39:15] ACTION=ERROR attempted=0 saved=0 failed=0
  Reason: Challenge detected: challenge page detected: rew-the-dare-is-thounce
  Queue: BREAKER OPEN — cooling off: 29m left, consecutive block 1, reason 'challenge page detected: rew-the-dare-is-thounce'
------------------------------------------------------------
[2026-08-29 18:41:17] ACTION=ERROR attempted=0 saved=0 failed=0
  Reason: Challenge detected: challenge page detected: rew-the-dare-is-thounce
  Queue: BREAKER OPEN — cooling off: 29m left, consecutive block 1, reason 'challenge page detected: rew-the-dare-is-thounce'
------------------------------------------------------------
[2026-08-29 18:43:23] ACTION=ERROR attempted=0 saved=0 failed=0
  Reason: Challenge detected: challenge page detected: rew-the-dare-is-thounce
  Queue: BREAKER OPEN — cooling off: 29m left, consecutive block 1, reason 'challenge page detected: rew-the-dare-is-thounce'
------------------------------------------------------------
[2026-08-29 19:15:19] ACTION=CAPTURE attempted=2 saved=2 failed=0
  Details: Batch finished: 2 saved, 0 failed. Latest: mc-biomeng/subj-bmen90035-assessment (1061 chars).
  Queue: 57 program(s) prioritised — 0 still to assemble
------------------------------------------------------------
[2026-08-29 19:17:11] ACTION=CAPTURE attempted=2 saved=2 failed=0
  Details: Batch finished: 2 saved, 0 failed. Latest: mc-biomeng/subj-bmen90037-assessment (1053 chars).
  Queue: 57 program(s) prioritised — 0 still to assemble
------------------------------------------------------------
[2026-08-29 19:19:14] ACTION=CAPTURE attempted=2 saved=2 failed=0
  Details: Batch finished: 2 saved, 0 failed. Latest: mc-biomeng/subj-bmen90039-assessment (1236 chars).
  Queue: 57 program(s) prioritised — 0 still to assemble
------------------------------------------------------------
[2026-08-29 19:21:11] ACTION=CAPTURE attempted=2 saved=2 failed=0
  Details: Batch finished: 2 saved, 0 failed. Latest: mc-biomeng/subj-mast20029-assessment (2699 chars).
  Queue: 57 program(s) prioritised — 0 still to assemble
------------------------------------------------------------
[2026-08-29 19:23:13] ACTION=CAPTURE attempted=2 saved=2 failed=0
  Details: Batch finished: 2 saved, 0 failed. Latest: mc-bus/subj-econ90076-assessment (1232 chars).
  Queue: 57 program(s) prioritised — 0 still to assemble
------------------------------------------------------------
[2026-08-29 19:26:13] ACTION=CAPTURE attempted=2 saved=2 failed=0
  Details: Batch finished: 2 saved, 0 failed. Latest: mc-bus/subj-fnce90075-assessment (1327 chars).
  Queue: 57 program(s) prioritised — 0 still to assemble
------------------------------------------------------------
[2026-08-29 19:28:13] ACTION=CAPTURE attempted=2 saved=2 failed=0
  Details: Batch finished: 2 saved, 0 failed. Latest: mc-bus/subj-mgmt90265-assessment (1024 chars).
  Queue: 57 program(s) prioritised — 0 still to assemble
------------------------------------------------------------
[2026-08-29 19:31:19] ACTION=CAPTURE attempted=2 saved=2 failed=0
  Details: Batch finished: 2 saved, 0 failed. Latest: mc-bus/subj-mgmt90268-assessment (990 chars).
  Queue: 57 program(s) prioritised — 0 still to assemble
------------------------------------------------------------
[2026-08-29 19:33:31] ACTION=CAPTURE attempted=2 saved=2 failed=0
  Details: Batch finished: 2 saved, 0 failed. Latest: mc-bus/subj-mgmt90293-assessment (971 chars).
  Queue: 57 program(s) prioritised — 0 still to assemble
------------------------------------------------------------
[2026-08-29 19:36:14] ACTION=CAPTURE attempted=2 saved=2 failed=0
  Details: Batch finished: 2 saved, 0 failed. Latest: mc-bus/subj-mktg90050-assessment (679 chars).
  Queue: 57 program(s) prioritised — 0 still to assemble
------------------------------------------------------------
[2026-08-29 19:38:11] ACTION=CAPTURE attempted=2 saved=2 failed=0
  Details: Batch finished: 2 saved, 0 failed. Latest: mc-cmprop/structure (1506 chars).
  Queue: 57 program(s) prioritised — 0 still to assemble
------------------------------------------------------------
[2026-08-29 19:40:12] ACTION=CAPTURE attempted=2 saved=2 failed=0
  Details: Batch finished: 2 saved, 0 failed. Latest: mc-clined/subj-educ90742-assessment (1312 chars).
  Queue: 57 program(s) prioritised — 0 still to assemble
------------------------------------------------------------
[2026-08-29 19:41:43] ACTION=CAPTURE attempted=2 saved=2 failed=0
  Details: Batch finished: 2 saved, 0 failed. Latest: mc-clined/subj-educ90744 (2611 chars).
  Queue: 57 program(s) prioritised — 0 still to assemble
------------------------------------------------------------
[2026-08-29 19:43:41] ACTION=CAPTURE attempted=2 saved=2 failed=0
  Details: Batch finished: 2 saved, 0 failed. Latest: mc-clined/subj-educ90804 (2701 chars).
  Queue: 57 program(s) prioritised — 0 still to assemble
------------------------------------------------------------
[2026-08-29 19:45:46] ACTION=CAPTURE attempted=2 saved=2 failed=0
  Details: Batch finished: 2 saved, 0 failed. Latest: mc-clined/subj-educ90837 (2439 chars).
  Queue: 57 program(s) prioritised — 0 still to assemble
------------------------------------------------------------
[2026-08-29 19:47:46] ACTION=CAPTURE attempted=2 saved=2 failed=0
  Details: Batch finished: 2 saved, 0 failed. Latest: mc-clined/subj-educ91354 (2870 chars).
  Queue: 57 program(s) prioritised — 0 still to assemble
------------------------------------------------------------
[2026-08-29 19:49:49] ACTION=CAPTURE attempted=2 saved=2 failed=0
  Details: Batch finished: 2 saved, 0 failed. Latest: mc-clined/subj-educ91374 (3367 chars).
  Queue: 57 program(s) prioritised — 0 still to assemble
------------------------------------------------------------
[2026-08-29 19:51:44] ACTION=CAPTURE attempted=2 saved=2 failed=0
  Details: Batch finished: 2 saved, 0 failed. Latest: mc-clined/subj-educ91375 (2712 chars).
  Queue: 57 program(s) prioritised — 0 still to assemble
------------------------------------------------------------
[2026-08-29 19:53:45] ACTION=CAPTURE attempted=2 saved=2 failed=0
  Details: Batch finished: 2 saved, 0 failed. Latest: mc-biosenh/course (1854 chars).
  Queue: 57 program(s) prioritised — 0 still to assemble
------------------------------------------------------------
[2026-08-29 19:55:48] ACTION=CAPTURE attempted=2 saved=2 failed=0
  Details: Batch finished: 2 saved, 0 failed. Latest: mc-comact/subj-acct90011-assessment (1121 chars).
  Queue: 57 program(s) prioritised — 0 still to assemble
------------------------------------------------------------
[2026-08-29 19:57:52] ACTION=CAPTURE attempted=2 saved=2 failed=0
  Details: Batch finished: 2 saved, 0 failed. Latest: mc-comact/subj-acct90019-assessment (870 chars).
  Queue: 57 program(s) prioritised — 0 still to assemble
------------------------------------------------------------
[2026-08-29 20:02:52] ACTION=CAPTURE attempted=2 saved=2 failed=0
  Details: Batch finished: 2 saved, 0 failed. Latest: mc-comact/subj-acct90020 (2966 chars).
  Queue: 57 program(s) prioritised — 0 still to assemble
------------------------------------------------------------
[2026-08-29 20:03:31] ACTION=CAPTURE attempted=2 saved=2 failed=0
  Details: Batch finished: 2 saved, 0 failed. Latest: mc-comact/subj-acct90043 (2818 chars).
  Queue: 57 program(s) prioritised — 0 still to assemble
------------------------------------------------------------
[2026-08-29 20:04:09] ACTION=CAPTURE attempted=2 saved=2 failed=0
  Details: Batch finished: 2 saved, 0 failed. Latest: mc-comact/subj-acct90045 (2625 chars).
  Queue: 57 program(s) prioritised — 0 still to assemble
------------------------------------------------------------
[2026-08-29 20:04:47] ACTION=CAPTURE attempted=2 saved=2 failed=0
  Details: Batch finished: 2 saved, 0 failed. Latest: mc-comact/subj-econ90002 (2056 chars).
  Queue: 57 program(s) prioritised — 0 still to assemble
------------------------------------------------------------
[2026-08-29 20:05:25] ACTION=CAPTURE attempted=2 saved=2 failed=0
  Details: Batch finished: 2 saved, 0 failed. Latest: mc-cat/structure (2636 chars).
  Queue: 57 program(s) prioritised — 0 still to assemble
------------------------------------------------------------
[2026-08-29 20:05:33] ACTION=CAPTURE attempted=2 saved=2 failed=0
  Details: Batch finished: 2 saved, 0 failed. Latest: mc-cncrsc/course (2385 chars).
  Queue: 57 program(s) prioritised — 0 still to assemble
------------------------------------------------------------
[2026-08-29 20:06:05] ACTION=CAPTURE attempted=2 saved=2 failed=0
  Details: Batch finished: 2 saved, 0 failed. Latest: mc-cat/subj-crea90004-assessment (1753 chars).
  Queue: 57 program(s) prioritised — 0 still to assemble
------------------------------------------------------------
[2026-08-29 20:06:45] ACTION=CAPTURE attempted=2 saved=2 failed=0
  Details: Batch finished: 2 saved, 0 failed. Latest: mc-cat/subj-crea90009-assessment (979 chars).
  Queue: 57 program(s) prioritised — 0 still to assemble
------------------------------------------------------------
[2026-08-29 20:07:19] ACTION=CAPTURE attempted=2 saved=2 failed=0
  Details: Batch finished: 2 saved, 0 failed. Latest: mc-cat/subj-crea90014-assessment (848 chars).
  Queue: 57 program(s) prioritised — 0 still to assemble
------------------------------------------------------------
[2026-08-29 20:07:55] ACTION=CAPTURE attempted=2 saved=2 failed=0
  Details: Batch finished: 2 saved, 0 failed. Latest: mc-cat/subj-crea90019-assessment (1010 chars).
  Queue: 57 program(s) prioritised — 0 still to assemble
------------------------------------------------------------
[2026-08-29 20:08:32] ACTION=CAPTURE attempted=2 saved=2 failed=0
  Details: Batch finished: 2 saved, 0 failed. Latest: mc-clinrhb/subj-poph90256-assessment (975 chars).
  Queue: 57 program(s) prioritised — 0 still to assemble
------------------------------------------------------------
[2026-08-29 20:09:09] ACTION=CAPTURE attempted=2 saved=2 failed=0
  Details: Batch finished: 2 saved, 0 failed. Latest: mc-clinrhb/subj-poph90260-assessment (776 chars).
  Queue: 57 program(s) prioritised — 0 still to assemble
------------------------------------------------------------
[2026-08-29 20:09:43] ACTION=CAPTURE attempted=2 saved=2 failed=0
  Details: Batch finished: 2 saved, 0 failed. Latest: mc-clinrhb/subj-rehb90001-assessment (946 chars).
  Queue: 57 program(s) prioritised — 0 still to assemble
------------------------------------------------------------
[2026-08-29 20:10:21] ACTION=CAPTURE attempted=2 saved=2 failed=0
  Details: Batch finished: 2 saved, 0 failed. Latest: mc-clinrhb/subj-rehb90004-assessment (899 chars).
  Queue: 57 program(s) prioritised — 0 still to assemble
------------------------------------------------------------
[2026-08-29 20:10:57] ACTION=CAPTURE attempted=2 saved=2 failed=0
  Details: Batch finished: 2 saved, 0 failed. Latest: mc-clinrhb/subj-rehb90007-assessment (1131 chars).
  Queue: 57 program(s) prioritised — 0 still to assemble
------------------------------------------------------------
[2026-08-29 20:11:32] ACTION=CAPTURE attempted=2 saved=2 failed=0
  Details: Batch finished: 2 saved, 0 failed. Latest: mc-clinrhb/subj-rehb90010-assessment (1145 chars).
  Queue: 57 program(s) prioritised — 0 still to assemble
------------------------------------------------------------
[2026-08-29 20:11:41] ACTION=CAPTURE attempted=2 saved=2 failed=0
  Details: Batch finished: 2 saved, 0 failed. Latest: mc-bus/subj-mgmt90267-assessment (1185 chars).
  Queue: 57 program(s) prioritised — 0 still to assemble
------------------------------------------------------------
[2026-08-29 20:12:07] ACTION=CAPTURE attempted=2 saved=2 failed=0
  Details: Batch finished: 2 saved, 0 failed. Latest: mc-comeco/attributes (3422 chars).
  Queue: 57 program(s) prioritised — 0 still to assemble
------------------------------------------------------------
[2026-08-29 20:12:43] ACTION=CAPTURE attempted=2 saved=2 failed=0
  Details: Batch finished: 2 saved, 0 failed. Latest: mc-commgmt/attributes (4086 chars).
  Queue: 57 program(s) prioritised — 0 still to assemble
------------------------------------------------------------
[2026-08-29 20:13:22] ACTION=CAPTURE attempted=2 saved=2 failed=0
  Details: Batch finished: 2 saved, 0 failed. Latest: mc-contcs/attributes (2714 chars).
  Queue: 57 program(s) prioritised — 0 still to assemble
------------------------------------------------------------
[2026-08-29 20:13:47] ACTION=CAPTURE attempted=2 saved=2 failed=0
  Details: Batch finished: 2 saved, 0 failed. Latest: mc-counsmo/course (4671 chars).
  Queue: 57 program(s) prioritised — 0 still to assemble
------------------------------------------------------------
[2026-08-29 20:13:56] ACTION=CAPTURE attempted=2 saved=2 failed=0
  Details: Batch finished: 2 saved, 0 failed. Latest: mc-ctpyart/structure (1540 chars).
  Queue: 57 program(s) prioritised — 0 still to assemble
------------------------------------------------------------
[2026-08-29 20:14:33] ACTION=CAPTURE attempted=2 saved=2 failed=0
  Details: Batch finished: 2 saved, 0 failed. Latest: mc-ctpyart/subj-fina70009-assessment (1547 chars).
  Queue: 57 program(s) prioritised — 0 still to assemble
------------------------------------------------------------
[2026-08-29 20:15:09] ACTION=CAPTURE attempted=2 saved=2 failed=0
  Details: Batch finished: 2 saved, 0 failed. Latest: mc-ctpyart/subj-fina90007-assessment (1091 chars).
  Queue: 57 program(s) prioritised — 0 still to assemble
------------------------------------------------------------
[2026-08-29 20:15:45] ACTION=CAPTURE attempted=2 saved=1 failed=1
  Details: Batch finished: 1 saved, 1 failed. Latest: mc-cu/attributes (4575 chars).
  Queue: 57 program(s) prioritised — 0 still to assemble
------------------------------------------------------------
[2026-08-29 20:15:48] ACTION=CAPTURE attempted=2 saved=2 failed=0
  Details: Batch finished: 2 saved, 0 failed. Latest: mc-culmc/course (2166 chars).
  Queue: 57 program(s) prioritised — 0 still to assemble
------------------------------------------------------------
[2026-08-29 20:16:20] ACTION=CAPTURE attempted=2 saved=2 failed=0
  Details: Batch finished: 2 saved, 0 failed. Latest: mc-desprod/attributes (3383 chars).
  Queue: 57 program(s) prioritised — 0 still to assemble
------------------------------------------------------------
[2026-08-29 20:16:56] ACTION=CAPTURE attempted=2 saved=2 failed=0
  Details: Batch finished: 2 saved, 0 failed. Latest: mc-dmktg/attributes (2569 chars).
  Queue: 57 program(s) prioritised — 0 still to assemble
------------------------------------------------------------
[2026-08-29 20:17:31] ACTION=CAPTURE attempted=2 saved=2 failed=0
  Details: Batch finished: 2 saved, 0 failed. Latest: mc-edebt/course (2165 chars).
  Queue: 57 program(s) prioritised — 0 still to assemble
------------------------------------------------------------
[2026-08-29 20:17:45] ACTION=ERROR attempted=0 saved=0 failed=0
  Reason: Challenge detected: challenge page detected: rew-the-dare-is-thounce
  Queue: BREAKER OPEN — cooling off: 29m left, consecutive block 1, reason 'challenge page detected: rew-the-dare-is-thounce'
------------------------------------------------------------
[2026-08-29 20:17:47] ACTION=CAPTURE attempted=2 saved=2 failed=0
  Details: Batch finished: 2 saved, 0 failed. Latest: mc-bus/subj-mktg90038-assessment (2346 chars).
  Queue: 57 program(s) prioritised — 0 still to assemble
------------------------------------------------------------
[2026-08-29 20:18:21] ACTION=CAPTURE attempted=2 saved=2 failed=0
  Details: Batch finished: 2 saved, 0 failed. Latest: mc-biomeng/subj-engr90051 (3248 chars).
  Queue: 57 program(s) prioritised — 0 still to assemble
------------------------------------------------------------
[2026-08-29 20:19:02] ACTION=CAPTURE attempted=2 saved=2 failed=0
  Details: Batch finished: 2 saved, 0 failed. Latest: mc-cat/subj-crea90002 (2335 chars).
  Queue: 57 program(s) prioritised — 0 still to assemble
------------------------------------------------------------
[2026-08-29 20:19:40] ACTION=CAPTURE attempted=2 saved=2 failed=0
  Details: Batch finished: 2 saved, 0 failed. Latest: mc-cat/subj-crea90008 (2919 chars).
  Queue: 57 program(s) prioritised — 0 still to assemble
------------------------------------------------------------
[2026-08-29 20:19:49] ACTION=CAPTURE attempted=2 saved=1 failed=1
  Details: Batch finished: 1 saved, 1 failed. Latest: mc-cat/subj-crea90012-assessment (1126 chars).
  Queue: 57 program(s) prioritised — 0 still to assemble
------------------------------------------------------------
[2026-08-29 20:20:18] ACTION=CAPTURE attempted=2 saved=2 failed=0
  Details: Batch finished: 2 saved, 0 failed. Latest: mc-clined/subj-educ90804-assessment (1250 chars).
  Queue: 57 program(s) prioritised — 0 still to assemble
------------------------------------------------------------
[2026-08-29 20:20:55] ACTION=CAPTURE attempted=2 saved=2 failed=0
  Details: Batch finished: 2 saved, 0 failed. Latest: mc-clinrhb/subj-poph90257 (2539 chars).
  Queue: 57 program(s) prioritised — 0 still to assemble
------------------------------------------------------------
[2026-08-29 20:21:32] ACTION=CAPTURE attempted=2 saved=2 failed=0
  Details: Batch finished: 2 saved, 0 failed. Latest: mc-clinrhb/subj-rehb90002 (9029 chars).
  Queue: 57 program(s) prioritised — 0 still to assemble
------------------------------------------------------------
[2026-08-29 20:21:47] ACTION=CAPTURE attempted=2 saved=2 failed=0
  Details: Batch finished: 2 saved, 0 failed. Latest: mc-clinrhb/subj-rehb90005 (955 chars).
  Queue: 57 program(s) prioritised — 0 still to assemble
------------------------------------------------------------
[2026-08-29 20:22:10] ACTION=CAPTURE attempted=2 saved=1 failed=1
  Details: Batch finished: 1 saved, 1 failed. Latest: mc-clinrhb/subj-rehb90009 (5104 chars).
  Queue: 57 program(s) prioritised — 0 still to assemble
------------------------------------------------------------
[2026-08-29 20:22:54] ACTION=CAPTURE attempted=2 saved=2 failed=0
  Details: Batch finished: 2 saved, 0 failed. Latest: mc-comact/subj-acct90020-assessment (912 chars).
  Queue: 57 program(s) prioritised — 0 still to assemble
------------------------------------------------------------
[2026-08-29 20:23:31] ACTION=CAPTURE attempted=2 saved=2 failed=0
  Details: Batch finished: 2 saved, 0 failed. Latest: mc-comact/subj-ecom90002-assessment (937 chars).
  Queue: 57 program(s) prioritised — 0 still to assemble
------------------------------------------------------------
[2026-08-29 20:23:47] ACTION=CAPTURE attempted=2 saved=2 failed=0
  Details: Batch finished: 2 saved, 0 failed. Latest: mc-comact/subj-econ90063-assessment (936 chars).
  Queue: 57 program(s) prioritised — 0 still to assemble
------------------------------------------------------------
[2026-08-29 20:24:08] ACTION=CAPTURE attempted=2 saved=2 failed=0
  Details: Batch finished: 2 saved, 0 failed. Latest: mc-counsmo/structure (2223 chars).
  Queue: 57 program(s) prioritised — 0 still to assemble
------------------------------------------------------------
[2026-08-29 20:24:44] ACTION=CAPTURE attempted=2 saved=2 failed=0
  Details: Batch finished: 2 saved, 0 failed. Latest: mc-counsmo/subj-welf90019-assessment (844 chars).
  Queue: 57 program(s) prioritised — 0 still to assemble
------------------------------------------------------------
[2026-08-29 20:25:21] ACTION=CAPTURE attempted=2 saved=2 failed=0
  Details: Batch finished: 2 saved, 0 failed. Latest: mc-counsmo/subj-welf90022-assessment (886 chars).
  Queue: 57 program(s) prioritised — 0 still to assemble
------------------------------------------------------------
[2026-08-29 20:25:51] ACTION=CAPTURE attempted=2 saved=2 failed=0
  Details: Batch finished: 2 saved, 0 failed. Latest: mc-counsmo/subj-welf90024-assessment (1253 chars).
  Queue: 57 program(s) prioritised — 0 still to assemble
------------------------------------------------------------
[2026-08-29 20:25:58] ACTION=CAPTURE attempted=2 saved=2 failed=0
  Details: Batch finished: 2 saved, 0 failed. Latest: mc-counsmo/subj-welf90027 (3647 chars).
  Queue: 57 program(s) prioritised — 0 still to assemble
------------------------------------------------------------
[2026-08-29 20:26:36] ACTION=CAPTURE attempted=2 saved=2 failed=0
  Details: Batch finished: 2 saved, 0 failed. Latest: mc-counsmo/subj-welf90030 (3132 chars).
  Queue: 57 program(s) prioritised — 0 still to assemble
------------------------------------------------------------
[2026-08-29 20:27:14] ACTION=CAPTURE attempted=2 saved=2 failed=0
  Details: Batch finished: 2 saved, 0 failed. Latest: mc-ctpyart/subj-fina70011-assessment (2014 chars).
  Queue: 57 program(s) prioritised — 0 still to assemble
------------------------------------------------------------
[2026-08-29 20:27:49] ACTION=CAPTURE attempted=2 saved=2 failed=0
  Details: Batch finished: 2 saved, 0 failed. Latest: mc-ctpyart/subj-fina90006-assessment (1186 chars).
  Queue: 57 program(s) prioritised — 0 still to assemble
------------------------------------------------------------
[2026-08-29 20:27:52] ACTION=CAPTURE attempted=2 saved=2 failed=0
  Details: Batch finished: 2 saved, 0 failed. Latest: mc-ctpyart/subj-fina90009-assessment (1039 chars).
  Queue: 57 program(s) prioritised — 0 still to assemble
------------------------------------------------------------
[2026-08-29 20:28:29] ACTION=CAPTURE attempted=2 saved=2 failed=0
  Details: Batch finished: 2 saved, 0 failed. Latest: mc-ecosmc/attributes (5752 chars).
  Queue: 57 program(s) prioritised — 0 still to assemble
------------------------------------------------------------
[2026-08-29 20:29:07] ACTION=CAPTURE attempted=2 saved=2 failed=0
  Details: Batch finished: 2 saved, 0 failed. Latest: mc-ecosmc/subj-ecol20003-assessment (925 chars).
  Queue: 57 program(s) prioritised — 0 still to assemble
------------------------------------------------------------
[2026-08-29 20:29:44] ACTION=CAPTURE attempted=2 saved=2 failed=0
  Details: Batch finished: 2 saved, 0 failed. Latest: mc-ecosmc/subj-enst30004-assessment (1010 chars).
  Queue: 57 program(s) prioritised — 0 still to assemble
------------------------------------------------------------
[2026-08-29 20:30:21] ACTION=CAPTURE attempted=2 saved=1 failed=1
  Details: Batch finished: 1 saved, 1 failed. Latest: mc-ecosmc/subj-evsc30007 (2602 chars).
  Queue: 57 program(s) prioritised — 0 still to assemble
------------------------------------------------------------
[2026-08-29 20:30:50] ACTION=CAPTURE attempted=2 saved=2 failed=0
  Details: Batch finished: 2 saved, 0 failed. Latest: mc-ecosmc/subj-frst30001-assessment (1047 chars).
  Queue: 57 program(s) prioritised — 0 still to assemble
------------------------------------------------------------
[2026-08-29 20:30:59] ACTION=CAPTURE attempted=2 saved=2 failed=0
  Details: Batch finished: 2 saved, 0 failed. Latest: mc-ecosmc/subj-frst90025-assessment (1143 chars).
  Queue: 57 program(s) prioritised — 0 still to assemble
------------------------------------------------------------
[2026-08-29 20:31:37] ACTION=CAPTURE attempted=2 saved=2 failed=0
  Details: Batch finished: 2 saved, 0 failed. Latest: mc-edebt/structure (2924 chars).
  Queue: 57 program(s) prioritised — 0 still to assemble
------------------------------------------------------------
[2026-08-29 20:32:24] ACTION=CAPTURE attempted=2 saved=2 failed=0
  Details: Batch finished: 2 saved, 0 failed. Latest: mc-edebt/subj-educ90832-assessment (2815 chars).
  Queue: 57 program(s) prioritised — 0 still to assemble
------------------------------------------------------------
[2026-08-29 20:32:50] ACTION=CAPTURE attempted=2 saved=2 failed=0
  Details: Batch finished: 2 saved, 0 failed. Latest: mc-edebt/subj-educ90859-assessment (986 chars).
  Queue: 57 program(s) prioritised — 0 still to assemble
------------------------------------------------------------
[2026-08-29 20:33:02] ACTION=CAPTURE attempted=2 saved=2 failed=0
  Details: Batch finished: 2 saved, 0 failed. Latest: mc-edebt/subj-educ90926-assessment (1028 chars).
  Queue: 57 program(s) prioritised — 0 still to assemble
------------------------------------------------------------
[2026-08-29 20:33:42] ACTION=CAPTURE attempted=2 saved=2 failed=0
  Details: Batch finished: 2 saved, 0 failed. Latest: mc-edebt/subj-educ90978-assessment (1393 chars).
  Queue: 57 program(s) prioritised — 0 still to assemble
------------------------------------------------------------
[2026-08-29 20:34:20] ACTION=CAPTURE attempted=2 saved=2 failed=0
  Details: Batch finished: 2 saved, 0 failed. Latest: mc-comfin/structure (6167 chars).
  Queue: 57 program(s) prioritised — 0 still to assemble
------------------------------------------------------------
[2026-08-29 20:34:50] ACTION=CAPTURE attempted=2 saved=2 failed=0
  Details: Batch finished: 2 saved, 0 failed. Latest: mc-comfin/subj-ecom90002-assessment (937 chars).
  Queue: 57 program(s) prioritised — 0 still to assemble
------------------------------------------------------------
[2026-08-29 20:35:00] ACTION=CAPTURE attempted=2 saved=2 failed=0
  Details: Batch finished: 2 saved, 0 failed. Latest: mc-comfin/subj-econ30024 (2461 chars).
  Queue: 57 program(s) prioritised — 0 still to assemble
------------------------------------------------------------
[2026-08-29 20:35:42] ACTION=CAPTURE attempted=2 saved=2 failed=0
  Details: Batch finished: 2 saved, 0 failed. Latest: mc-comfin/subj-econ90053 (1875 chars).
  Queue: 57 program(s) prioritised — 0 still to assemble
------------------------------------------------------------
[2026-08-29 20:36:22] ACTION=CAPTURE attempted=2 saved=2 failed=0
  Details: Batch finished: 2 saved, 0 failed. Latest: mc-comfin/subj-fnce90009 (1639 chars).
  Queue: 57 program(s) prioritised — 0 still to assemble
------------------------------------------------------------
[2026-08-29 20:36:52] ACTION=CAPTURE attempted=2 saved=2 failed=0
  Details: Batch finished: 2 saved, 0 failed. Latest: mc-comfin/subj-fnce90042 (1992 chars).
  Queue: 57 program(s) prioritised — 0 still to assemble
------------------------------------------------------------
[2026-08-29 20:37:00] ACTION=CAPTURE attempted=2 saved=2 failed=0
  Details: Batch finished: 2 saved, 0 failed. Latest: mc-comfin/subj-mast90058 (2677 chars).
  Queue: 57 program(s) prioritised — 0 still to assemble
------------------------------------------------------------
[2026-08-29 20:37:41] ACTION=CAPTURE attempted=2 saved=2 failed=0
  Details: Batch finished: 2 saved, 0 failed. Latest: mc-dinfeng/structure (12733 chars).
  Queue: 57 program(s) prioritised — 0 still to assemble
------------------------------------------------------------
[2026-08-29 20:38:17] ACTION=CAPTURE attempted=2 saved=2 failed=0
  Details: Batch finished: 2 saved, 0 failed. Latest: mc-dinfeng/subj-cven20001-assessment (1652 chars).
  Queue: 57 program(s) prioritised — 0 still to assemble
------------------------------------------------------------
[2026-08-29 20:38:54] ACTION=CAPTURE attempted=2 saved=2 failed=0
  Details: Batch finished: 2 saved, 0 failed. Latest: mc-dinfeng/subj-geom20015 (2386 chars).
  Queue: 57 program(s) prioritised — 0 still to assemble
------------------------------------------------------------
[2026-08-29 20:38:54] ACTION=CAPTURE attempted=2 saved=2 failed=0
  Details: Batch finished: 2 saved, 0 failed. Latest: mc-dinfeng/subj-engr20005 (3331 chars).
  Queue: 57 program(s) prioritised — 0 still to assemble
------------------------------------------------------------
[2026-08-29 20:39:30] ACTION=CAPTURE attempted=2 saved=2 failed=0
  Details: Batch finished: 2 saved, 0 failed. Latest: mc-dinfeng/subj-geom30009 (3258 chars).
  Queue: 57 program(s) prioritised — 0 still to assemble
------------------------------------------------------------
[2026-08-29 20:40:06] ACTION=CAPTURE attempted=2 saved=2 failed=0
  Details: Batch finished: 2 saved, 0 failed. Latest: mc-cat/subj-crea90012 (2642 chars).
  Queue: 57 program(s) prioritised — 0 still to assemble
------------------------------------------------------------
[2026-08-29 20:40:43] ACTION=CAPTURE attempted=2 saved=2 failed=0
  Details: Batch finished: 2 saved, 0 failed. Latest: mc-dinfeng/subj-geom30009-assessment (1125 chars).
  Queue: 57 program(s) prioritised — 0 still to assemble
------------------------------------------------------------
[2026-08-29 20:40:59] ACTION=CAPTURE attempted=2 saved=1 failed=1
  Details: Batch finished: 1 saved, 1 failed. Latest: mc-clined/subj-educ91355 (3092 chars).
  Queue: 57 program(s) prioritised — 0 still to assemble
------------------------------------------------------------
[2026-08-29 20:41:23] ACTION=CAPTURE attempted=2 saved=2 failed=0
  Details: Batch finished: 2 saved, 0 failed. Latest: mc-dinfeng/subj-geom90005-assessment (1296 chars).
  Queue: 57 program(s) prioritised — 0 still to assemble
------------------------------------------------------------
[2026-08-29 20:41:59] ACTION=CAPTURE attempted=2 saved=2 failed=0
  Details: Batch finished: 2 saved, 0 failed. Latest: mc-clinrhb/subj-rehb90003 (7526 chars).
  Queue: 57 program(s) prioritised — 0 still to assemble
------------------------------------------------------------
[2026-08-29 20:42:36] ACTION=CAPTURE attempted=2 saved=2 failed=0
  Details: Batch finished: 2 saved, 0 failed. Latest: mc-dinfeng/subj-geom90007 (3171 chars).
  Queue: 57 program(s) prioritised — 0 still to assemble
------------------------------------------------------------
[2026-08-29 20:43:13] ACTION=CAPTURE attempted=2 saved=2 failed=0
  Details: Batch finished: 2 saved, 0 failed. Latest: mc-comact/subj-acct90022-assessment (869 chars).
  Queue: 57 program(s) prioritised — 0 still to assemble
------------------------------------------------------------
[2026-08-29 20:43:48] ACTION=ERROR attempted=0 saved=0 failed=0
  Reason: Challenge detected: challenge page detected: rew-the-dare-is-thounce
  Queue: BREAKER OPEN — cooling off: 29m left, consecutive block 1, reason 'challenge page detected: rew-the-dare-is-thounce'
------------------------------------------------------------
[2026-08-29 20:43:50] ACTION=CAPTURE attempted=2 saved=2 failed=0
  Details: Batch finished: 2 saved, 0 failed. Latest: mc-dinfeng/subj-geom90008 (988 chars).
  Queue: 57 program(s) prioritised — 0 still to assemble
------------------------------------------------------------
[2026-08-29 20:44:34] ACTION=CAPTURE attempted=2 saved=2 failed=0
  Details: Batch finished: 2 saved, 0 failed. Latest: mc-bus/subj-mgmt90271 (3280 chars).
  Queue: 57 program(s) prioritised — 0 still to assemble
------------------------------------------------------------
[2026-08-29 20:45:14] ACTION=CAPTURE attempted=2 saved=2 failed=0
  Details: Batch finished: 2 saved, 0 failed. Latest: mc-cat/subj-crea90013 (2752 chars).
  Queue: 57 program(s) prioritised — 0 still to assemble
------------------------------------------------------------
[2026-08-29 20:45:54] ACTION=CAPTURE attempted=2 saved=2 failed=0
  Details: Batch finished: 2 saved, 0 failed. Latest: mc-clinrhb/subj-hlth90001 (5961 chars).
  Queue: 57 program(s) prioritised — 0 still to assemble
------------------------------------------------------------
[2026-08-29 20:46:00] ACTION=CAPTURE attempted=2 saved=2 failed=0
  Details: Batch finished: 2 saved, 0 failed. Latest: mc-clinrhb/subj-radi90024 (3436 chars).
  Queue: 57 program(s) prioritised — 0 still to assemble
------------------------------------------------------------
[2026-08-29 20:46:33] ACTION=CAPTURE attempted=2 saved=2 failed=0
  Details: Batch finished: 2 saved, 0 failed. Latest: mc-clinrhb/subj-rehb90009-assessment (930 chars).
  Queue: 57 program(s) prioritised — 0 still to assemble
------------------------------------------------------------
[2026-08-29 20:47:11] ACTION=CAPTURE attempted=2 saved=2 failed=0
  Details: Batch finished: 2 saved, 0 failed. Latest: mc-comact/subj-acct90044 (2624 chars).
  Queue: 57 program(s) prioritised — 0 still to assemble
------------------------------------------------------------
[2026-08-29 20:47:53] ACTION=CAPTURE attempted=2 saved=2 failed=0
  Details: Batch finished: 2 saved, 0 failed. Latest: mc-comfin/course (1170 chars).
  Queue: 57 program(s) prioritised — 0 still to assemble
------------------------------------------------------------
[2026-08-29 20:48:31] ACTION=CAPTURE attempted=2 saved=2 failed=0
  Details: Batch finished: 2 saved, 0 failed. Latest: mc-comeco/subj-ecom90018-assessment (2056 chars).
  Queue: 57 program(s) prioritised — 0 still to assemble
------------------------------------------------------------
[2026-08-29 20:48:55] ACTION=CAPTURE attempted=2 saved=1 failed=1
  Details: Batch finished: 1 saved, 1 failed. Latest: mc-comeco/subj-econ90002-assessment (883 chars).
  Queue: 57 program(s) prioritised — 0 still to assemble
------------------------------------------------------------
[2026-08-29 20:49:10] ACTION=CAPTURE attempted=2 saved=2 failed=0
  Details: Batch finished: 2 saved, 0 failed. Latest: mc-comeco/subj-econ90014-assessment (1134 chars).
  Queue: 57 program(s) prioritised — 0 still to assemble
------------------------------------------------------------
[2026-08-29 20:49:54] ACTION=CAPTURE attempted=2 saved=2 failed=0
  Details: Batch finished: 2 saved, 0 failed. Latest: mc-comeco/subj-econ90056-assessment (980 chars).
  Queue: 57 program(s) prioritised — 0 still to assemble
------------------------------------------------------------
[2026-08-29 20:50:33] ACTION=CAPTURE attempted=2 saved=2 failed=0
  Details: Batch finished: 2 saved, 0 failed. Latest: mc-comeco/subj-econ90067-assessment (998 chars).
  Queue: 57 program(s) prioritised — 0 still to assemble
------------------------------------------------------------
[2026-08-29 20:50:56] ACTION=CAPTURE attempted=2 saved=1 failed=1
  Details: Batch finished: 1 saved, 1 failed. Latest: mc-comeco/subj-econ90074-assessment (701 chars).
  Queue: 57 program(s) prioritised — 0 still to assemble
------------------------------------------------------------
[2026-08-29 20:51:10] ACTION=CAPTURE attempted=2 saved=2 failed=0
  Details: Batch finished: 2 saved, 0 failed. Latest: mc-comfin/subj-econ90002-assessment (883 chars).
  Queue: 57 program(s) prioritised — 0 still to assemble
------------------------------------------------------------
[2026-08-29 20:51:51] ACTION=CAPTURE attempted=2 saved=2 failed=0
  Details: Batch finished: 2 saved, 0 failed. Latest: mc-comfin/subj-fnce90002 (1890 chars).
  Queue: 57 program(s) prioritised — 0 still to assemble
------------------------------------------------------------
[2026-08-29 20:52:30] ACTION=CAPTURE attempted=2 saved=2 failed=0
  Details: Batch finished: 2 saved, 0 failed. Latest: mc-comfin/subj-mast90057 (919 chars).
  Queue: 57 program(s) prioritised — 0 still to assemble
------------------------------------------------------------
[2026-08-29 20:52:56] ACTION=CAPTURE attempted=2 saved=2 failed=0
  Details: Batch finished: 2 saved, 0 failed. Latest: mc-counsmo/subj-welf90017 (2398 chars).
  Queue: 57 program(s) prioritised — 0 still to assemble
------------------------------------------------------------
[2026-08-29 20:53:09] ACTION=CAPTURE attempted=2 saved=2 failed=0
  Details: Batch finished: 2 saved, 0 failed. Latest: mc-counsmo/subj-welf90021 (2811 chars).
  Queue: 57 program(s) prioritised — 0 still to assemble
------------------------------------------------------------
[2026-08-29 20:53:48] ACTION=CAPTURE attempted=2 saved=2 failed=0
  Details: Batch finished: 2 saved, 0 failed. Latest: mc-counsmo/subj-welf90026 (2425 chars).
  Queue: 57 program(s) prioritised — 0 still to assemble
------------------------------------------------------------
[2026-08-29 20:54:31] ACTION=CAPTURE attempted=2 saved=2 failed=0
  Details: Batch finished: 2 saved, 0 failed. Latest: mc-ctpyart/subj-fina70006-assessment (1516 chars).
  Queue: 57 program(s) prioritised — 0 still to assemble
------------------------------------------------------------
[2026-08-29 20:54:58] ACTION=CAPTURE attempted=2 saved=2 failed=0
  Details: Batch finished: 2 saved, 0 failed. Latest: mc-ctpyart/subj-fina90008-assessment (1109 chars).
  Queue: 57 program(s) prioritised — 0 still to assemble
------------------------------------------------------------
[2026-08-29 20:55:09] ACTION=CAPTURE attempted=2 saved=2 failed=0
  Details: Batch finished: 2 saved, 0 failed. Latest: mc-dinfeng/subj-comp20005-assessment (1568 chars).
  Queue: 57 program(s) prioritised — 0 still to assemble
------------------------------------------------------------
[2026-08-29 20:55:49] ACTION=CAPTURE attempted=2 saved=2 failed=0
  Details: Batch finished: 2 saved, 0 failed. Latest: mc-dinfeng/subj-geom30012 (2559 chars).
  Queue: 57 program(s) prioritised — 0 still to assemble
------------------------------------------------------------
[2026-08-29 20:56:30] ACTION=CAPTURE attempted=2 saved=2 failed=0
  Details: Batch finished: 2 saved, 0 failed. Latest: mc-dinfeng/subj-geom90008-assessment (2720 chars).
  Queue: 57 program(s) prioritised — 0 still to assemble
------------------------------------------------------------
[2026-08-29 20:56:56] ACTION=CAPTURE attempted=2 saved=2 failed=0
  Details: Batch finished: 2 saved, 0 failed. Latest: mc-dinfeng/subj-geom90038-assessment (1190 chars).
  Queue: 57 program(s) prioritised — 0 still to assemble
------------------------------------------------------------
[2026-08-29 20:57:09] ACTION=CAPTURE attempted=2 saved=2 failed=0
  Details: Batch finished: 2 saved, 0 failed. Latest: mc-ecosmc/subj-ecol30005-assessment (982 chars).
  Queue: 57 program(s) prioritised — 0 still to assemble
------------------------------------------------------------
[2026-08-29 20:57:49] ACTION=CAPTURE attempted=2 saved=2 failed=0
  Details: Batch finished: 2 saved, 0 failed. Latest: mc-ecosmc/subj-frst20015 (2331 chars).
  Queue: 57 program(s) prioritised — 0 still to assemble
------------------------------------------------------------
[2026-08-29 20:58:29] ACTION=CAPTURE attempted=2 saved=2 failed=0
  Details: Batch finished: 2 saved, 0 failed. Latest: mc-ecosmc/subj-frst90025-assessment (2436 chars).
  Queue: 57 program(s) prioritised — 0 still to assemble
------------------------------------------------------------
[2026-08-29 20:58:56] ACTION=CAPTURE attempted=2 saved=2 failed=0
  Details: Batch finished: 2 saved, 0 failed. Latest: mc-ecosmc/subj-hort90041-assessment (1115 chars).
  Queue: 57 program(s) prioritised — 0 still to assemble
------------------------------------------------------------
[2026-08-29 20:59:06] ACTION=CAPTURE attempted=2 saved=2 failed=0
  Details: Batch finished: 2 saved, 0 failed. Latest: mc-edebt/subj-educ90848-assessment (1093 chars).
  Queue: 57 program(s) prioritised — 0 still to assemble
------------------------------------------------------------
[2026-08-29 20:59:42] ACTION=CAPTURE attempted=2 saved=2 failed=0
  Details: Batch finished: 2 saved, 0 failed. Latest: mc-edebt/subj-educ90945 (2466 chars).
  Queue: 57 program(s) prioritised — 0 still to assemble
------------------------------------------------------------
[2026-08-29 21:00:19] ACTION=CAPTURE attempted=2 saved=2 failed=0
  Details: Batch finished: 2 saved, 0 failed. Latest: mc-comdrfs/structure (4241 chars).
  Queue: 57 program(s) prioritised — 0 still to assemble
------------------------------------------------------------
[2026-08-29 21:00:56] ACTION=CAPTURE attempted=2 saved=2 failed=0
  Details: Batch finished: 2 saved, 0 failed. Latest: mc-comdrfs/subj-ecom90002-assessment (937 chars).
  Queue: 57 program(s) prioritised — 0 still to assemble
------------------------------------------------------------
[2026-08-29 21:01:34] ACTION=CAPTURE attempted=2 saved=2 failed=0
  Details: Batch finished: 2 saved, 0 failed. Latest: mc-comdrfs/subj-fnce90071-assessment (1136 chars).
  Queue: 57 program(s) prioritised — 0 still to assemble
------------------------------------------------------------
[2026-08-29 21:02:11] ACTION=CAPTURE attempted=2 saved=2 failed=0
  Details: Batch finished: 2 saved, 0 failed. Latest: mc-comdrfs/subj-fnce90074-assessment (925 chars).
  Queue: 57 program(s) prioritised — 0 still to assemble
------------------------------------------------------------
[2026-08-29 21:02:25] ACTION=CAPTURE attempted=2 saved=2 failed=0
  Details: Batch finished: 2 saved, 0 failed. Latest: mc-comdrfs/subj-fnce90093-assessment (3472 chars).
  Queue: 57 program(s) prioritised — 0 still to assemble
------------------------------------------------------------
[2026-08-29 21:02:51] ACTION=CAPTURE attempted=2 saved=2 failed=0
  Details: Batch finished: 2 saved, 0 failed. Latest: mc-cybscmo/structure (2086 chars).
  Queue: 57 program(s) prioritised — 0 still to assemble
------------------------------------------------------------
[2026-08-29 21:03:27] ACTION=CAPTURE attempted=2 saved=2 failed=0
  Details: Batch finished: 2 saved, 0 failed. Latest: mc-cybscmo/subj-comp90097-assessment (698 chars).
  Queue: 57 program(s) prioritised — 0 still to assemble
------------------------------------------------------------
[2026-08-29 21:04:04] ACTION=CAPTURE attempted=2 saved=2 failed=0
  Details: Batch finished: 2 saved, 0 failed. Latest: mc-cybscmo/subj-isys90121-assessment (869 chars).
  Queue: 57 program(s) prioritised — 0 still to assemble
------------------------------------------------------------
[2026-08-29 21:04:41] ACTION=CAPTURE attempted=2 saved=2 failed=0
  Details: Batch finished: 2 saved, 0 failed. Latest: mc-cybscmo/subj-isys90122-assessment (975 chars).
  Queue: 57 program(s) prioritised — 0 still to assemble
------------------------------------------------------------
[2026-08-29 21:04:58] ACTION=CAPTURE attempted=2 saved=2 failed=0
  Details: Batch finished: 2 saved, 0 failed. Latest: mc-cybscmo/subj-isys90125-assessment (2988 chars).
  Queue: 57 program(s) prioritised — 0 still to assemble
------------------------------------------------------------
[2026-08-29 21:05:20] ACTION=CAPTURE attempted=2 saved=2 failed=0
  Details: Batch finished: 2 saved, 0 failed. Latest: mc-cybscmo/subj-isys90126-assessment (716 chars).
  Queue: 57 program(s) prioritised — 0 still to assemble
------------------------------------------------------------
[2026-08-29 21:06:06] ACTION=CAPTURE attempted=2 saved=2 failed=0
  Details: Batch finished: 2 saved, 0 failed. Latest: mc-clinrhb/subj-poph90258 (833 chars).
  Queue: 57 program(s) prioritised — 0 still to assemble
------------------------------------------------------------
[2026-08-29 21:06:46] ACTION=CAPTURE attempted=2 saved=2 failed=0
  Details: Batch finished: 2 saved, 0 failed. Latest: mc-cybscmo/subj-isys90128-assessment (1324 chars).
  Queue: 57 program(s) prioritised — 0 still to assemble
------------------------------------------------------------
[2026-08-29 21:06:58] ACTION=CAPTURE attempted=2 saved=2 failed=0
  Details: Batch finished: 2 saved, 0 failed. Latest: mc-dnce/attributes (1463 chars).
  Queue: 57 program(s) prioritised — 0 still to assemble
------------------------------------------------------------
[2026-08-29 21:07:23] ACTION=CAPTURE attempted=2 saved=2 failed=0
  Details: Batch finished: 2 saved, 0 failed. Latest: mc-eleceng/course (3663 chars).
  Queue: 57 program(s) prioritised — 0 still to assemble
------------------------------------------------------------
[2026-08-29 21:08:02] ACTION=CAPTURE attempted=2 saved=2 failed=0
  Details: Batch finished: 2 saved, 0 failed. Latest: mc-eleceng/structure (10103 chars).
  Queue: 57 program(s) prioritised — 0 still to assemble
------------------------------------------------------------
[2026-08-29 21:08:42] ACTION=CAPTURE attempted=2 saved=2 failed=0
  Details: Batch finished: 2 saved, 0 failed. Latest: mc-eleceng/subj-elen20005-assessment (1562 chars).
  Queue: 57 program(s) prioritised — 0 still to assemble
------------------------------------------------------------
[2026-08-29 21:08:58] ACTION=CAPTURE attempted=2 saved=2 failed=0
  Details: Batch finished: 2 saved, 0 failed. Latest: mc-eleceng/subj-elen20006 (1808 chars).
  Queue: 57 program(s) prioritised — 0 still to assemble
------------------------------------------------------------
[2026-08-29 21:09:20] ACTION=CAPTURE attempted=2 saved=1 failed=1
  Details: Batch finished: 1 saved, 1 failed. Latest: mc-eleceng/subj-elen30009 (3817 chars).
  Queue: 57 program(s) prioritised — 0 still to assemble
------------------------------------------------------------
[2026-08-29 21:09:58] ACTION=CAPTURE attempted=2 saved=2 failed=0
  Details: Batch finished: 2 saved, 0 failed. Latest: mc-eleceng/subj-elen30011 (3032 chars).
  Queue: 57 program(s) prioritised — 0 still to assemble
------------------------------------------------------------
[2026-08-29 21:10:36] ACTION=CAPTURE attempted=2 saved=2 failed=0
  Details: Batch finished: 2 saved, 0 failed. Latest: mc-eleceng/subj-elen30012 (998 chars).
  Queue: 57 program(s) prioritised — 0 still to assemble
------------------------------------------------------------
[2026-08-29 21:11:03] ACTION=CAPTURE attempted=2 saved=1 failed=1
  Details: Batch finished: 1 saved, 1 failed. Latest: mc-eleceng/subj-elen30012-assessment (1508 chars).
  Queue: 57 program(s) prioritised — 0 still to assemble
------------------------------------------------------------
[2026-08-29 21:11:14] ACTION=CAPTURE attempted=2 saved=2 failed=0
  Details: Batch finished: 2 saved, 0 failed. Latest: mc-eleceng/subj-elen30013-assessment (1391 chars).
  Queue: 57 program(s) prioritised — 0 still to assemble
------------------------------------------------------------
[2026-08-29 21:11:52] ACTION=CAPTURE attempted=2 saved=2 failed=0
  Details: Batch finished: 2 saved, 0 failed. Latest: mc-eleceng/subj-elen90054-assessment (1435 chars).
  Queue: 57 program(s) prioritised — 0 still to assemble
------------------------------------------------------------
[2026-08-29 21:12:31] ACTION=CAPTURE attempted=2 saved=2 failed=0
  Details: Batch finished: 2 saved, 0 failed. Latest: mc-eleceng/subj-elen90055-assessment (1365 chars).
  Queue: 57 program(s) prioritised — 0 still to assemble
------------------------------------------------------------
[2026-08-29 21:13:09] ACTION=CAPTURE attempted=2 saved=2 failed=0
  Details: Batch finished: 2 saved, 0 failed. Latest: mc-eleceng/subj-elen90056 (3139 chars).
  Queue: 57 program(s) prioritised — 0 still to assemble
------------------------------------------------------------
[2026-08-29 21:13:48] ACTION=CAPTURE attempted=2 saved=2 failed=0
  Details: Batch finished: 2 saved, 0 failed. Latest: mc-counsmo/subj-welf90025 (2943 chars).
  Queue: 57 program(s) prioritised — 0 still to assemble
------------------------------------------------------------
[2026-08-29 21:14:23] ACTION=CAPTURE attempted=2 saved=2 failed=0
  Details: Batch finished: 2 saved, 0 failed. Latest: mc-eleceng/subj-elen90066 (3308 chars).
  Queue: 57 program(s) prioritised — 0 still to assemble
------------------------------------------------------------
[2026-08-29 21:14:26] ACTION=CAPTURE attempted=2 saved=2 failed=0
  Details: Batch finished: 2 saved, 0 failed. Latest: mc-counsmo/subj-welf90028 (3274 chars).
  Queue: 57 program(s) prioritised — 0 still to assemble
------------------------------------------------------------
[2026-08-29 21:15:39] ACTION=ERROR attempted=0 saved=0 failed=0
  Reason: Challenge detected: challenge page detected: rew-the-dare-is-thounce
  Queue: BREAKER OPEN — cooling off: 59m left, consecutive block 2, reason 'challenge page detected: rew-the-dare-is-thounce'
------------------------------------------------------------
[2026-08-29 22:16:44] ACTION=CAPTURE attempted=2 saved=2 failed=0
  Details: Batch finished: 2 saved, 0 failed. Latest: mc-cat/subj-crea90002-assessment (1633 chars).
  Queue: 57 program(s) prioritised — 0 still to assemble
------------------------------------------------------------
[2026-08-29 22:17:11] ACTION=CAPTURE attempted=2 saved=2 failed=0
  Details: Batch finished: 2 saved, 0 failed. Latest: mc-cat/subj-crea90017 (2400 chars).
  Queue: 57 program(s) prioritised — 0 still to assemble
------------------------------------------------------------
[2026-08-29 22:17:27] ACTION=CAPTURE attempted=2 saved=2 failed=0
  Details: Batch finished: 2 saved, 0 failed. Latest: mc-cncrsc/structure (2097 chars).
  Queue: 57 program(s) prioritised — 0 still to assemble
------------------------------------------------------------
[2026-08-29 22:18:06] ACTION=CAPTURE attempted=2 saved=2 failed=0
  Details: Batch finished: 2 saved, 0 failed. Latest: mc-cncrsc/subj-medi90085-assessment (1081 chars).
  Queue: 57 program(s) prioritised — 0 still to assemble
------------------------------------------------------------
[2026-08-29 22:18:45] ACTION=CAPTURE attempted=2 saved=2 failed=0
  Details: Batch finished: 2 saved, 0 failed. Latest: mc-cncrsc/subj-medi90093-assessment (1052 chars).
  Queue: 57 program(s) prioritised — 0 still to assemble
------------------------------------------------------------
[2026-08-29 22:19:23] ACTION=CAPTURE attempted=2 saved=2 failed=0
  Details: Batch finished: 2 saved, 0 failed. Latest: mc-cncrsc/subj-medi90096-assessment (1065 chars).
  Queue: 57 program(s) prioritised — 0 still to assemble
------------------------------------------------------------
[2026-08-29 22:20:01] ACTION=CAPTURE attempted=2 saved=2 failed=0
  Details: Batch finished: 2 saved, 0 failed. Latest: mc-cncrsc/subj-medi90099-assessment (980 chars).
  Queue: 57 program(s) prioritised — 0 still to assemble
------------------------------------------------------------
[2026-08-29 22:20:09] ACTION=CAPTURE attempted=2 saved=2 failed=0
  Details: Batch finished: 2 saved, 0 failed. Latest: mc-comact/subj-acct90039 (2467 chars).
  Queue: 57 program(s) prioritised — 0 still to assemble
------------------------------------------------------------
[2026-08-29 22:20:41] ACTION=CAPTURE attempted=2 saved=2 failed=0
  Details: Batch finished: 2 saved, 0 failed. Latest: mc-comdrfs/subj-comp90049 (2298 chars).
  Queue: 57 program(s) prioritised — 0 still to assemble
------------------------------------------------------------
[2026-08-29 22:21:22] ACTION=CAPTURE attempted=2 saved=2 failed=0
  Details: Batch finished: 2 saved, 0 failed. Latest: mc-comdrfs/subj-fnce90070 (1919 chars).
  Queue: 57 program(s) prioritised — 0 still to assemble
------------------------------------------------------------
[2026-08-29 22:22:00] ACTION=CAPTURE attempted=2 saved=2 failed=0
  Details: Batch finished: 2 saved, 0 failed. Latest: mc-comdrfs/subj-fnce90092 (1893 chars).
  Queue: 57 program(s) prioritised — 0 still to assemble
------------------------------------------------------------
[2026-08-29 22:22:17] ACTION=CAPTURE attempted=2 saved=2 failed=0
  Details: Batch finished: 2 saved, 0 failed. Latest: mc-comeco/subj-ecom90005 (2037 chars).
  Queue: 57 program(s) prioritised — 0 still to assemble
------------------------------------------------------------
[2026-08-29 22:22:42] ACTION=CAPTURE attempted=2 saved=2 failed=0
  Details: Batch finished: 2 saved, 0 failed. Latest: mc-comeco/subj-econ90012 (2013 chars).
  Queue: 57 program(s) prioritised — 0 still to assemble
------------------------------------------------------------
[2026-08-29 22:23:22] ACTION=CAPTURE attempted=2 saved=2 failed=0
  Details: Batch finished: 2 saved, 0 failed. Latest: mc-comeco/subj-econ90053-assessment (1268 chars).
  Queue: 57 program(s) prioritised — 0 still to assemble
------------------------------------------------------------
[2026-08-29 22:24:01] ACTION=CAPTURE attempted=2 saved=2 failed=0
  Details: Batch finished: 2 saved, 0 failed. Latest: mc-comeco/subj-econ90073-assessment (1410 chars).
  Queue: 57 program(s) prioritised — 0 still to assemble
------------------------------------------------------------
[2026-08-29 22:24:44] ACTION=CAPTURE attempted=2 saved=2 failed=0
  Details: Batch finished: 2 saved, 0 failed. Latest: mc-comfin/subj-econ90022 (1606 chars).
  Queue: 57 program(s) prioritised — 0 still to assemble
------------------------------------------------------------
[2026-08-29 22:25:14] ACTION=CAPTURE attempted=2 saved=2 failed=0
  Details: Batch finished: 2 saved, 0 failed. Latest: mc-comfin/subj-fnce90009-assessment (741 chars).
  Queue: 57 program(s) prioritised — 0 still to assemble
------------------------------------------------------------
[2026-08-29 22:25:23] ACTION=CAPTURE attempted=2 saved=2 failed=0
  Details: Batch finished: 2 saved, 0 failed. Latest: mc-commgmt/structure (5681 chars).
  Queue: 57 program(s) prioritised — 0 still to assemble
------------------------------------------------------------
[2026-08-29 22:25:59] ACTION=CAPTURE attempted=2 saved=2 failed=0
  Details: Batch finished: 2 saved, 0 failed. Latest: mc-commgmt/subj-mgmt90195-assessment (854 chars).
  Queue: 57 program(s) prioritised — 0 still to assemble
------------------------------------------------------------
[2026-08-29 22:26:35] ACTION=CAPTURE attempted=2 saved=2 failed=0
  Details: Batch finished: 2 saved, 0 failed. Latest: mc-commgmt/subj-mgmt90198-assessment (844 chars).
  Queue: 57 program(s) prioritised — 0 still to assemble
------------------------------------------------------------
[2026-08-29 22:27:12] ACTION=CAPTURE attempted=2 saved=2 failed=0
  Details: Batch finished: 2 saved, 0 failed. Latest: mc-commgmt/subj-mgmt90202-assessment (892 chars).
  Queue: 57 program(s) prioritised — 0 still to assemble
------------------------------------------------------------
[2026-08-29 22:27:49] ACTION=CAPTURE attempted=2 saved=2 failed=0
  Details: Batch finished: 2 saved, 0 failed. Latest: mc-commgmt/subj-mgmt90206-assessment (845 chars).
  Queue: 57 program(s) prioritised — 0 still to assemble
------------------------------------------------------------
[2026-08-29 22:28:12] ACTION=CAPTURE attempted=2 saved=2 failed=0
  Details: Batch finished: 2 saved, 0 failed. Latest: mc-commgmt/subj-mgmt90237-assessment (920 chars).
  Queue: 57 program(s) prioritised — 0 still to assemble
------------------------------------------------------------
[2026-08-29 22:28:26] ACTION=CAPTURE attempted=2 saved=2 failed=0
  Details: Batch finished: 2 saved, 0 failed. Latest: mc-commktg/structure (5574 chars).
  Queue: 57 program(s) prioritised — 0 still to assemble
------------------------------------------------------------
[2026-08-29 22:29:02] ACTION=CAPTURE attempted=2 saved=2 failed=0
  Details: Batch finished: 2 saved, 0 failed. Latest: mc-commktg/subj-mgmt90196-assessment (885 chars).
  Queue: 57 program(s) prioritised — 0 still to assemble
------------------------------------------------------------
[2026-08-29 22:29:40] ACTION=CAPTURE attempted=2 saved=2 failed=0
  Details: Batch finished: 2 saved, 0 failed. Latest: mc-commktg/subj-mgmt90199-assessment (862 chars).
  Queue: 57 program(s) prioritised — 0 still to assemble
------------------------------------------------------------
[2026-08-29 22:30:18] ACTION=CAPTURE attempted=2 saved=1 failed=1
  Details: Batch finished: 1 saved, 1 failed. Latest: mc-commktg/subj-mgmt90203 (2317 chars).
  Queue: 57 program(s) prioritised — 0 still to assemble
------------------------------------------------------------
[2026-08-29 22:30:18] ACTION=CAPTURE attempted=2 saved=2 failed=0
  Details: Batch finished: 2 saved, 0 failed. Latest: mc-commktg/subj-mgmt90207-assessment (954 chars).
  Queue: 57 program(s) prioritised — 0 still to assemble
------------------------------------------------------------
[2026-08-29 22:30:55] ACTION=CAPTURE attempted=2 saved=2 failed=0
  Details: Batch finished: 2 saved, 0 failed. Latest: mc-commktg/subj-mgmt90249-assessment (789 chars).
  Queue: 57 program(s) prioritised — 0 still to assemble
------------------------------------------------------------
[2026-08-29 22:31:32] ACTION=CAPTURE attempted=2 saved=2 failed=0
  Details: Batch finished: 2 saved, 0 failed. Latest: mc-counsmo/subj-welf90017-assessment (847 chars).
  Queue: 57 program(s) prioritised — 0 still to assemble
------------------------------------------------------------
[2026-08-29 22:32:16] ACTION=CAPTURE attempted=2 saved=2 failed=0
  Details: Batch finished: 2 saved, 0 failed. Latest: mc-counsmo/subj-welf90021-assessment (680 chars).
  Queue: 57 program(s) prioritised — 0 still to assemble
------------------------------------------------------------
[2026-08-29 22:32:54] ACTION=CAPTURE attempted=2 saved=2 failed=0
  Details: Batch finished: 2 saved, 0 failed. Latest: mc-cu/course (2229 chars).
  Queue: 57 program(s) prioritised — 0 still to assemble
------------------------------------------------------------
[2026-08-29 22:33:14] ACTION=CAPTURE attempted=2 saved=2 failed=0
  Details: Batch finished: 2 saved, 0 failed. Latest: mc-cybscmo/subj-comp90095 (2367 chars).
  Queue: 57 program(s) prioritised — 0 still to assemble
------------------------------------------------------------
[2026-08-29 22:33:31] ACTION=CAPTURE attempted=2 saved=2 failed=0
  Details: Batch finished: 2 saved, 0 failed. Latest: mc-cybscmo/subj-info90013 (2569 chars).
  Queue: 57 program(s) prioritised — 0 still to assemble
------------------------------------------------------------
[2026-08-29 22:34:09] ACTION=CAPTURE attempted=2 saved=2 failed=0
  Details: Batch finished: 2 saved, 0 failed. Latest: mc-cybscmo/subj-isys90129 (2300 chars).
  Queue: 57 program(s) prioritised — 0 still to assemble
------------------------------------------------------------
[2026-08-29 22:34:46] ACTION=CAPTURE attempted=2 saved=2 failed=0
  Details: Batch finished: 2 saved, 0 failed. Latest: mc-dinfeng/subj-cven90062 (2318 chars).
  Queue: 57 program(s) prioritised — 0 still to assemble
------------------------------------------------------------
[2026-08-29 22:35:25] ACTION=CAPTURE attempted=2 saved=2 failed=0
  Details: Batch finished: 2 saved, 0 failed. Latest: mc-dinfeng/subj-geom90033 (3877 chars).
  Queue: 57 program(s) prioritised — 0 still to assemble
------------------------------------------------------------
[2026-08-29 22:36:03] ACTION=CAPTURE attempted=2 saved=2 failed=0
  Details: Batch finished: 2 saved, 0 failed. Latest: mc-ecosmc/subj-bota90005 (2328 chars).
  Queue: 57 program(s) prioritised — 0 still to assemble
------------------------------------------------------------
[2026-08-29 22:36:13] ACTION=CAPTURE attempted=2 saved=2 failed=0
  Details: Batch finished: 2 saved, 0 failed. Latest: mc-ecosmc/subj-evsc30003 (3239 chars).
  Queue: 57 program(s) prioritised — 0 still to assemble
------------------------------------------------------------
[2026-08-29 22:36:42] ACTION=CAPTURE attempted=2 saved=2 failed=0
  Details: Batch finished: 2 saved, 0 failed. Latest: mc-bus/subj-busa90530 (2212 chars).
  Queue: 57 program(s) prioritised — 0 still to assemble
------------------------------------------------------------
[2026-08-29 22:37:21] ACTION=CAPTURE attempted=2 saved=2 failed=0
  Details: Batch finished: 2 saved, 0 failed. Latest: mc-ecosmc/subj-frst30003 (3426 chars).
  Queue: 57 program(s) prioritised — 0 still to assemble
------------------------------------------------------------
[2026-08-29 22:37:58] ACTION=CAPTURE attempted=2 saved=2 failed=0
  Details: Batch finished: 2 saved, 0 failed. Latest: mc-ecosmc/subj-frst90015 (3132 chars).
  Queue: 57 program(s) prioritised — 0 still to assemble
------------------------------------------------------------
[2026-08-29 22:38:36] ACTION=CAPTURE attempted=2 saved=2 failed=0
  Details: Batch finished: 2 saved, 0 failed. Latest: mc-ecosmc/subj-geog30025-assessment (1154 chars).
  Queue: 57 program(s) prioritised — 0 still to assemble
------------------------------------------------------------
[2026-08-29 22:39:16] ACTION=CAPTURE attempted=2 saved=2 failed=0
  Details: Batch finished: 2 saved, 0 failed. Latest: mc-edebt/subj-educ90862 (1296 chars).
  Queue: 57 program(s) prioritised — 0 still to assemble
------------------------------------------------------------
[2026-08-29 22:39:16] ACTION=CAPTURE attempted=2 saved=2 failed=0
  Details: Batch finished: 2 saved, 0 failed. Latest: mc-edebt/subj-educ90830-assessment (2571 chars).
  Queue: 57 program(s) prioritised — 0 still to assemble
------------------------------------------------------------
[2026-08-29 22:39:54] ACTION=CAPTURE attempted=2 saved=2 failed=0
  Details: Batch finished: 2 saved, 0 failed. Latest: mc-edebt/subj-educ90900 (2818 chars).
  Queue: 57 program(s) prioritised — 0 still to assemble
------------------------------------------------------------
[2026-08-29 22:40:34] ACTION=CAPTURE attempted=2 saved=2 failed=0
  Details: Batch finished: 2 saved, 0 failed. Latest: mc-cncrsc/subj-mgmt90264-assessment (876 chars).
  Queue: 57 program(s) prioritised — 0 still to assemble
------------------------------------------------------------
[2026-08-29 22:41:13] ACTION=CAPTURE attempted=2 saved=1 failed=1
  Details: Batch finished: 1 saved, 1 failed. Latest: mc-eleceng/subj-comp20005 (2987 chars).
  Queue: 57 program(s) prioritised — 0 still to assemble
------------------------------------------------------------
[2026-08-29 22:41:16] ACTION=CAPTURE attempted=2 saved=2 failed=0
  Details: Batch finished: 2 saved, 0 failed. Latest: mc-comdrfs/subj-comp90051 (2909 chars).
  Queue: 57 program(s) prioritised — 0 still to assemble
------------------------------------------------------------
[2026-08-29 22:41:52] ACTION=CAPTURE attempted=2 saved=2 failed=0
  Details: Batch finished: 2 saved, 0 failed. Latest: mc-eleceng/subj-elen90057 (3430 chars).
  Queue: 57 program(s) prioritised — 0 still to assemble
------------------------------------------------------------
[2026-08-29 22:42:31] ACTION=CAPTURE attempted=2 saved=2 failed=0
  Details: Batch finished: 2 saved, 0 failed. Latest: mc-comdrfs/subj-psyc90097 (3095 chars).
  Queue: 57 program(s) prioritised — 0 still to assemble
------------------------------------------------------------
[2026-08-29 22:43:09] ACTION=CAPTURE attempted=2 saved=2 failed=0
  Details: Batch finished: 2 saved, 0 failed. Latest: mc-eleceng/subj-elen90058 (3963 chars).
  Queue: 57 program(s) prioritised — 0 still to assemble
------------------------------------------------------------
[2026-08-29 22:43:49] ACTION=CAPTURE attempted=2 saved=2 failed=0
  Details: Batch finished: 2 saved, 0 failed. Latest: mc-eleceng/subj-elen90074 (2087 chars).
  Queue: 57 program(s) prioritised — 0 still to assemble
------------------------------------------------------------
[2026-08-29 22:44:19] ACTION=CAPTURE attempted=2 saved=2 failed=0
  Details: Batch finished: 2 saved, 0 failed. Latest: mc-comeco/subj-econ90065-assessment (713 chars).
  Queue: 57 program(s) prioritised — 0 still to assemble
------------------------------------------------------------
[2026-08-29 22:44:28] ACTION=CAPTURE attempted=2 saved=2 failed=0
  Details: Batch finished: 2 saved, 0 failed. Latest: mc-enrslaw/attributes (6542 chars).
  Queue: 57 program(s) prioritised — 0 still to assemble
------------------------------------------------------------
[2026-08-29 22:45:08] ACTION=CAPTURE attempted=2 saved=2 failed=0
  Details: Batch finished: 2 saved, 0 failed. Latest: mc-ensysen/course (1515 chars).
  Queue: 57 program(s) prioritised — 0 still to assemble
------------------------------------------------------------
[2026-08-29 22:49:42] ACTION=CAPTURE attempted=2 saved=2 failed=0
  Details: Batch finished: 2 saved, 0 failed. Latest: mc-commgmt/subj-ibus90006 (2443 chars).
  Queue: 57 program(s) prioritised — 0 still to assemble
------------------------------------------------------------
[2026-08-29 22:53:15] ACTION=CAPTURE attempted=2 saved=2 failed=0
  Details: Batch finished: 2 saved, 0 failed. Latest: mc-commgmt/subj-mgmt90196 (2119 chars).
  Queue: 57 program(s) prioritised — 0 still to assemble
------------------------------------------------------------
[2026-08-29 22:56:19] ACTION=CAPTURE attempted=2 saved=2 failed=0
  Details: Batch finished: 2 saved, 0 failed. Latest: mc-commgmt/subj-mgmt90199 (2077 chars).
  Queue: 57 program(s) prioritised — 0 still to assemble
------------------------------------------------------------
[2026-08-29 22:58:19] ACTION=CAPTURE attempted=2 saved=2 failed=0
  Details: Batch finished: 2 saved, 0 failed. Latest: mc-cat/subj-crea90003-assessment (1114 chars).
  Queue: 57 program(s) prioritised — 0 still to assemble
------------------------------------------------------------
[2026-08-29 23:01:26] ACTION=CAPTURE attempted=2 saved=2 failed=0
  Details: Batch finished: 2 saved, 0 failed. Latest: mc-clinrhb/subj-rehb90005-assessment (1018 chars).
  Queue: 57 program(s) prioritised — 0 still to assemble
------------------------------------------------------------
[2026-08-29 23:04:23] ACTION=CAPTURE attempted=2 saved=2 failed=0
  Details: Batch finished: 2 saved, 0 failed. Latest: mc-cncrsc/subj-medi90084 (2052 chars).
  Queue: 57 program(s) prioritised — 0 still to assemble
------------------------------------------------------------
[2026-08-29 23:07:19] ACTION=CAPTURE attempted=2 saved=2 failed=0
  Details: Batch finished: 2 saved, 0 failed. Latest: mc-cncrsc/subj-medi90087 (2075 chars).
  Queue: 57 program(s) prioritised — 0 still to assemble
------------------------------------------------------------
[2026-08-29 23:09:20] ACTION=CAPTURE attempted=2 saved=2 failed=0
  Details: Batch finished: 2 saved, 0 failed. Latest: mc-cncrsc/subj-medi90095 (1920 chars).
  Queue: 57 program(s) prioritised — 0 still to assemble
------------------------------------------------------------
[2026-08-29 23:12:22] ACTION=CAPTURE attempted=2 saved=2 failed=0
  Details: Batch finished: 2 saved, 0 failed. Latest: mc-cncrsc/subj-medi90098 (2309 chars).
  Queue: 57 program(s) prioritised — 0 still to assemble
------------------------------------------------------------
[2026-08-29 23:15:25] ACTION=CAPTURE attempted=2 saved=2 failed=0
  Details: Batch finished: 2 saved, 0 failed. Latest: mc-comact/subj-econ90012-assessment (690 chars).
  Queue: 57 program(s) prioritised — 0 still to assemble
------------------------------------------------------------
[2026-08-29 23:18:23] ACTION=CAPTURE attempted=2 saved=2 failed=0
  Details: Batch finished: 2 saved, 0 failed. Latest: mc-comdrfs/subj-comp90051-assessment (1364 chars).
  Queue: 57 program(s) prioritised — 0 still to assemble
------------------------------------------------------------
[2026-08-29 23:21:29] ACTION=CAPTURE attempted=2 saved=2 failed=0
  Details: Batch finished: 2 saved, 0 failed. Latest: mc-comacts/subj-actl90003-assessment (837 chars).
  Queue: 57 program(s) prioritised — 0 still to assemble
------------------------------------------------------------
[2026-08-29 23:24:30] ACTION=CAPTURE attempted=2 saved=2 failed=0
  Details: Batch finished: 2 saved, 0 failed. Latest: mc-comacts/subj-actl90004-assessment (834 chars).
  Queue: 57 program(s) prioritised — 0 still to assemble
------------------------------------------------------------
[2026-08-29 23:27:25] ACTION=CAPTURE attempted=2 saved=2 failed=0
  Details: Batch finished: 2 saved, 0 failed. Latest: mc-comacts/subj-actl90011-assessment (1016 chars).
  Queue: 57 program(s) prioritised — 0 still to assemble
------------------------------------------------------------
[2026-08-29 23:30:31] ACTION=CAPTURE attempted=2 saved=2 failed=0
  Details: Batch finished: 2 saved, 0 failed. Latest: mc-comacts/subj-actl90013-assessment (946 chars).
  Queue: 57 program(s) prioritised — 0 still to assemble
------------------------------------------------------------
[2026-08-29 23:33:32] ACTION=CAPTURE attempted=2 saved=2 failed=0
  Details: Batch finished: 2 saved, 0 failed. Latest: mc-comacts/subj-actl90016-assessment (1107 chars).
  Queue: 57 program(s) prioritised — 0 still to assemble
------------------------------------------------------------
[2026-08-29 23:36:28] ACTION=CAPTURE attempted=2 saved=2 failed=0
  Details: Batch finished: 2 saved, 0 failed. Latest: mc-comacts/subj-actl90017-assessment (791 chars).
  Queue: 57 program(s) prioritised — 0 still to assemble
------------------------------------------------------------
[2026-08-29 23:40:39] ACTION=CAPTURE attempted=2 saved=2 failed=0
  Details: Batch finished: 2 saved, 0 failed. Latest: mc-comacts/subj-actl90018-assessment (856 chars).
  Queue: 57 program(s) prioritised — 0 still to assemble
------------------------------------------------------------
[2026-08-29 23:43:33] ACTION=CAPTURE attempted=2 saved=2 failed=0
  Details: Batch finished: 2 saved, 0 failed. Latest: mc-comacts/subj-actl90019-assessment (967 chars).
  Queue: 57 program(s) prioritised — 0 still to assemble
------------------------------------------------------------
[2026-08-29 23:46:34] ACTION=CAPTURE attempted=2 saved=2 failed=0
  Details: Batch finished: 2 saved, 0 failed. Latest: mc-comacts/subj-actl90010-assessment (1014 chars).
  Queue: 57 program(s) prioritised — 0 still to assemble
------------------------------------------------------------
[2026-08-29 23:49:28] ACTION=CAPTURE attempted=2 saved=2 failed=0
  Details: Batch finished: 2 saved, 0 failed. Latest: mc-comacts/subj-ecom90004-assessment (959 chars).
  Queue: 57 program(s) prioritised — 0 still to assemble
------------------------------------------------------------
[2026-08-29 23:52:26] ACTION=CAPTURE attempted=2 saved=2 failed=0
  Details: Batch finished: 2 saved, 0 failed. Latest: mc-comacts/subj-ecom90010-assessment (828 chars).
  Queue: 57 program(s) prioritised — 0 still to assemble
------------------------------------------------------------
[2026-08-29 23:55:35] ACTION=CAPTURE attempted=2 saved=2 failed=0
  Details: Batch finished: 2 saved, 0 failed. Latest: mc-comacts/subj-mast90045-assessment (1184 chars).
  Queue: 57 program(s) prioritised — 0 still to assemble
------------------------------------------------------------
[2026-08-29 23:59:26] ACTION=CAPTURE attempted=2 saved=2 failed=0
  Details: Batch finished: 2 saved, 0 failed. Latest: mc-comacts/subj-mast90082-assessment (769 chars).
  Queue: 57 program(s) prioritised — 0 still to assemble
------------------------------------------------------------
[2026-08-30 00:02:45] ACTION=CAPTURE attempted=2 saved=2 failed=0
  Details: Batch finished: 2 saved, 0 failed. Latest: mc-comacts/subj-mast90083-assessment (996 chars).
  Queue: 57 program(s) prioritised — 0 still to assemble
------------------------------------------------------------
[2026-08-30 00:10:44] ACTION=CAPTURE attempted=2 saved=2 failed=0
  Details: Batch finished: 2 saved, 0 failed. Latest: mc-cncrsc/subj-educ90716 (1690 chars).
  Queue: 57 program(s) prioritised — 0 still to assemble
------------------------------------------------------------
[2026-08-30 00:13:27] ACTION=CAPTURE attempted=2 saved=2 failed=0
  Details: Batch finished: 2 saved, 0 failed. Latest: mc-comacts/subj-mult90014-assessment (866 chars).
  Queue: 57 program(s) prioritised — 0 still to assemble
------------------------------------------------------------
[2026-08-30 00:15:26] ACTION=CAPTURE attempted=2 saved=2 failed=0
  Details: Batch finished: 2 saved, 0 failed. Latest: mc-comdrfs/subj-fnce90070-assessment (1603 chars).
  Queue: 57 program(s) prioritised — 0 still to assemble
------------------------------------------------------------
[2026-08-30 00:18:38] ACTION=ERROR attempted=0 saved=0 failed=0
  Reason: Challenge detected: challenge page detected: rew-the-dare-is-thounce
  Queue: BREAKER OPEN — cooling off: 29m left, consecutive block 1, reason 'challenge page detected: rew-the-dare-is-thounce'
------------------------------------------------------------
[2026-08-30 00:21:39] ACTION=ERROR attempted=0 saved=0 failed=0
  Reason: Challenge detected: challenge page detected: rew-the-dare-is-thounce
  Queue: BREAKER OPEN — cooling off: 29m left, consecutive block 1, reason 'challenge page detected: rew-the-dare-is-thounce'
------------------------------------------------------------
[2026-08-30 00:24:39] ACTION=ERROR attempted=0 saved=0 failed=0
  Reason: Challenge detected: challenge page detected: rew-the-dare-is-thounce
  Queue: BREAKER OPEN — cooling off: 29m left, consecutive block 1, reason 'challenge page detected: rew-the-dare-is-thounce'
------------------------------------------------------------
[2026-08-30 00:27:36] ACTION=ERROR attempted=0 saved=0 failed=0
  Reason: Challenge detected: challenge page detected: rew-the-dare-is-thounce
  Queue: BREAKER OPEN — cooling off: 29m left, consecutive block 1, reason 'challenge page detected: rew-the-dare-is-thounce'
------------------------------------------------------------
[2026-08-30 00:30:53] ACTION=ERROR attempted=0 saved=0 failed=0
  Reason: Challenge detected: challenge page detected: rew-the-dare-is-thounce
  Queue: BREAKER OPEN — cooling off: 29m left, consecutive block 1, reason 'challenge page detected: rew-the-dare-is-thounce'
------------------------------------------------------------
[2026-08-30 00:34:40] ACTION=ERROR attempted=0 saved=0 failed=0
  Reason: Challenge detected: challenge page detected: rew-the-dare-is-thounce
  Queue: BREAKER OPEN — cooling off: 29m left, consecutive block 1, reason 'challenge page detected: rew-the-dare-is-thounce'
------------------------------------------------------------
[2026-08-30 00:37:36] ACTION=ERROR attempted=0 saved=0 failed=0
  Reason: Challenge detected: challenge page detected: rew-the-dare-is-thounce
  Queue: BREAKER OPEN — cooling off: 29m left, consecutive block 1, reason 'challenge page detected: rew-the-dare-is-thounce'
------------------------------------------------------------
[2026-08-30 00:40:38] ACTION=ERROR attempted=0 saved=0 failed=0
  Reason: Challenge detected: challenge page detected: rew-the-dare-is-thounce
  Queue: BREAKER OPEN — cooling off: 29m left, consecutive block 1, reason 'challenge page detected: rew-the-dare-is-thounce'
------------------------------------------------------------
[2026-08-30 00:43:37] ACTION=ERROR attempted=0 saved=0 failed=0
  Reason: Challenge detected: challenge page detected: rew-the-dare-is-thounce
  Queue: BREAKER OPEN — cooling off: 29m left, consecutive block 1, reason 'challenge page detected: rew-the-dare-is-thounce'
------------------------------------------------------------
[2026-08-30 00:46:37] ACTION=ERROR attempted=0 saved=0 failed=0
  Reason: Challenge detected: challenge page detected: rew-the-dare-is-thounce
  Queue: BREAKER OPEN — cooling off: 29m left, consecutive block 1, reason 'challenge page detected: rew-the-dare-is-thounce'
------------------------------------------------------------
[2026-08-30 01:17:32] ACTION=CAPTURE attempted=2 saved=2 failed=0
  Details: Batch finished: 2 saved, 0 failed. Latest: mc-comeco/subj-econ90012-assessment (690 chars).
  Queue: 57 program(s) prioritised — 0 still to assemble
------------------------------------------------------------
[2026-08-30 01:17:39] ACTION=CAPTURE attempted=2 saved=2 failed=0
  Details: Batch finished: 2 saved, 0 failed. Latest: mc-comeco/subj-econ90074 (998 chars).
  Queue: 57 program(s) prioritised — 0 still to assemble
------------------------------------------------------------
[2026-08-30 01:18:18] ACTION=CAPTURE attempted=2 saved=2 failed=0
  Details: Batch finished: 2 saved, 0 failed. Latest: mc-comfin/subj-fnce90041 (1711 chars).
  Queue: 57 program(s) prioritised — 0 still to assemble
------------------------------------------------------------
[2026-08-30 01:18:57] ACTION=CAPTURE attempted=2 saved=2 failed=0
  Details: Batch finished: 2 saved, 0 failed. Latest: mc-commgmt/subj-mgmt90200-assessment (852 chars).
  Queue: 57 program(s) prioritised — 0 still to assemble
------------------------------------------------------------
[2026-08-30 01:19:38] ACTION=CAPTURE attempted=2 saved=2 failed=0
  Details: Batch finished: 2 saved, 0 failed. Latest: mc-commgmt/subj-mgmt90207-assessment (844 chars).
  Queue: 57 program(s) prioritised — 0 still to assemble
------------------------------------------------------------
[2026-08-30 01:20:18] ACTION=CAPTURE attempted=2 saved=2 failed=0
  Details: Batch finished: 2 saved, 0 failed. Latest: mc-commktg/subj-ibus90006-assessment (739 chars).
  Queue: 57 program(s) prioritised — 0 still to assemble
------------------------------------------------------------
[2026-08-30 01:20:30] ACTION=CAPTURE attempted=2 saved=1 failed=1
  Details: Batch finished: 1 saved, 1 failed. Latest: mc-commktg/subj-mgmt90197 (2444 chars).
  Queue: 57 program(s) prioritised — 0 still to assemble
------------------------------------------------------------
[2026-08-30 01:20:58] ACTION=CAPTURE attempted=2 saved=2 failed=0
  Details: Batch finished: 2 saved, 0 failed. Latest: mc-commktg/subj-mgmt90205 (2298 chars).
  Queue: 57 program(s) prioritised — 0 still to assemble
------------------------------------------------------------
[2026-08-30 01:21:37] ACTION=CAPTURE attempted=2 saved=2 failed=0
  Details: Batch finished: 2 saved, 0 failed. Latest: mc-commktg/subj-mgmt90238-assessment (740 chars).
  Queue: 57 program(s) prioritised — 0 still to assemble
------------------------------------------------------------
[2026-08-30 01:22:17] ACTION=CAPTURE attempted=2 saved=2 failed=0
  Details: Batch finished: 2 saved, 0 failed. Latest: mc-contcs/comp-mc-contcs-entry-2 (5575 chars).
  Queue: 57 program(s) prioritised — 0 still to assemble
------------------------------------------------------------
[2026-08-30 01:23:01] ACTION=CAPTURE attempted=2 saved=2 failed=0
  Details: Batch finished: 2 saved, 0 failed. Latest: mc-contcs/subj-asia20001 (1697 chars).
  Queue: 57 program(s) prioritised — 0 still to assemble
------------------------------------------------------------
[2026-08-30 01:23:32] ACTION=CAPTURE attempted=2 saved=2 failed=0
  Details: Batch finished: 2 saved, 0 failed. Latest: mc-contcs/subj-asia20007 (2614 chars).
  Queue: 57 program(s) prioritised — 0 still to assemble
------------------------------------------------------------
[2026-08-30 01:23:43] ACTION=CAPTURE attempted=2 saved=2 failed=0
  Details: Batch finished: 2 saved, 0 failed. Latest: mc-contcs/subj-asia90017 (1555 chars).
  Queue: 57 program(s) prioritised — 0 still to assemble
------------------------------------------------------------
[2026-08-30 01:24:25] ACTION=CAPTURE attempted=2 saved=2 failed=0
  Details: Batch finished: 2 saved, 0 failed. Latest: mc-contcs/subj-chin90008 (2267 chars).
  Queue: 57 program(s) prioritised — 0 still to assemble
------------------------------------------------------------
[2026-08-30 01:25:05] ACTION=CAPTURE attempted=2 saved=2 failed=0
  Details: Batch finished: 2 saved, 0 failed. Latest: mc-contcs/subj-chin90011 (2432 chars).
  Queue: 57 program(s) prioritised — 0 still to assemble
------------------------------------------------------------
[2026-08-30 01:25:43] ACTION=CAPTURE attempted=2 saved=2 failed=0
  Details: Batch finished: 2 saved, 0 failed. Latest: mc-counsmo/subj-welf90018-assessment (760 chars).
  Queue: 57 program(s) prioritised — 0 still to assemble
------------------------------------------------------------
[2026-08-30 01:26:20] ACTION=CAPTURE attempted=2 saved=2 failed=0
  Details: Batch finished: 2 saved, 0 failed. Latest: mc-cybscmo/course (2929 chars).
  Queue: 57 program(s) prioritised — 0 still to assemble
------------------------------------------------------------
[2026-08-30 01:26:33] ACTION=CAPTURE attempted=2 saved=2 failed=0
  Details: Batch finished: 2 saved, 0 failed. Latest: mc-cybscmo/subj-info90013-assessment (2048 chars).
  Queue: 57 program(s) prioritised — 0 still to assemble
------------------------------------------------------------
[2026-08-30 01:26:58] ACTION=CAPTURE attempted=2 saved=2 failed=0
  Details: Batch finished: 2 saved, 0 failed. Latest: mc-dinfeng/course (4120 chars).
  Queue: 57 program(s) prioritised — 0 still to assemble
------------------------------------------------------------
[2026-08-30 01:27:36] ACTION=CAPTURE attempted=2 saved=2 failed=0
  Details: Batch finished: 2 saved, 0 failed. Latest: mc-dinfeng/subj-geom30014 (3902 chars).
  Queue: 57 program(s) prioritised — 0 still to assemble
------------------------------------------------------------
[2026-08-30 01:28:14] ACTION=CAPTURE attempted=2 saved=2 failed=0
  Details: Batch finished: 2 saved, 0 failed. Latest: mc-ecosmc/subj-bota90005-assessment (828 chars).
  Queue: 57 program(s) prioritised — 0 still to assemble
------------------------------------------------------------
[2026-08-30 01:28:53] ACTION=CAPTURE attempted=2 saved=2 failed=0
  Details: Batch finished: 2 saved, 0 failed. Latest: mc-dnce/subj-dnce90015-assessment (1043 chars).
  Queue: 57 program(s) prioritised — 0 still to assemble
------------------------------------------------------------
[2026-08-30 01:29:30] ACTION=CAPTURE attempted=2 saved=2 failed=0
  Details: Batch finished: 2 saved, 0 failed. Latest: mc-dnce/subj-dnce90019-assessment (755 chars).
  Queue: 57 program(s) prioritised — 0 still to assemble
------------------------------------------------------------
[2026-08-30 01:29:34] ACTION=CAPTURE attempted=2 saved=2 failed=0
  Details: Batch finished: 2 saved, 0 failed. Latest: mc-edebt/subj-educ90831-assessment (1028 chars).
  Queue: 57 program(s) prioritised — 0 still to assemble
------------------------------------------------------------
[2026-08-30 01:30:07] ACTION=CAPTURE attempted=2 saved=2 failed=0
  Details: Batch finished: 2 saved, 0 failed. Latest: mc-eleceng/subj-elen90074-assessment (1637 chars).
  Queue: 57 program(s) prioritised — 0 still to assemble
------------------------------------------------------------
[2026-08-30 01:30:46] ACTION=CAPTURE attempted=2 saved=2 failed=0
  Details: Batch finished: 2 saved, 0 failed. Latest: mc-enrslaw/subj-laws70100 (4219 chars).
  Queue: 57 program(s) prioritised — 0 still to assemble
------------------------------------------------------------
[2026-08-30 01:31:25] ACTION=CAPTURE attempted=2 saved=2 failed=0
  Details: Batch finished: 2 saved, 0 failed. Latest: mc-enrslaw/subj-laws70217 (5117 chars).
  Queue: 57 program(s) prioritised — 0 still to assemble
------------------------------------------------------------
[2026-08-30 01:32:02] ACTION=CAPTURE attempted=2 saved=2 failed=0
  Details: Batch finished: 2 saved, 0 failed. Latest: mc-enrslaw/subj-laws70423 (2391 chars).
  Queue: 57 program(s) prioritised — 0 still to assemble
------------------------------------------------------------
[2026-08-30 01:32:34] ACTION=CAPTURE attempted=2 saved=2 failed=0
  Details: Batch finished: 2 saved, 0 failed. Latest: mc-enrslaw/subj-laws90118 (4776 chars).
  Queue: 57 program(s) prioritised — 0 still to assemble
------------------------------------------------------------
[2026-08-30 01:32:40] ACTION=CAPTURE attempted=2 saved=2 failed=0
  Details: Batch finished: 2 saved, 0 failed. Latest: mc-enrslaw/subj-laws90144 (3865 chars).
  Queue: 57 program(s) prioritised — 0 still to assemble
------------------------------------------------------------
[2026-08-30 01:33:20] ACTION=CAPTURE attempted=2 saved=2 failed=0
  Details: Batch finished: 2 saved, 0 failed. Latest: mc-ensysen/attributes (2987 chars).
  Queue: 57 program(s) prioritised — 0 still to assemble
------------------------------------------------------------
[2026-08-30 01:33:58] ACTION=CAPTURE attempted=2 saved=2 failed=0
  Details: Batch finished: 2 saved, 0 failed. Latest: mc-enveng/attributes (4186 chars).
  Queue: 57 program(s) prioritised — 0 still to assemble
------------------------------------------------------------
[2026-08-30 01:34:38] ACTION=CAPTURE attempted=2 saved=2 failed=0
  Details: Batch finished: 2 saved, 0 failed. Latest: mc-finenh/attributes (2702 chars).
  Queue: 57 program(s) prioritised — 0 still to assemble
------------------------------------------------------------
[2026-08-30 01:35:15] ACTION=CAPTURE attempted=2 saved=2 failed=0
  Details: Batch finished: 2 saved, 0 failed. Latest: mc-gcclaw/attributes (4973 chars).
  Queue: 57 program(s) prioritised — 0 still to assemble
------------------------------------------------------------
[2026-08-30 01:35:32] ACTION=CAPTURE attempted=2 saved=2 failed=0
  Details: Batch finished: 2 saved, 0 failed. Latest: mc-genohlt/structure (2273 chars).
  Queue: 57 program(s) prioritised — 0 still to assemble
------------------------------------------------------------
[2026-08-30 01:35:57] ACTION=CAPTURE attempted=2 saved=2 failed=0
  Details: Batch finished: 2 saved, 0 failed. Latest: mc-geosc/structure (8610 chars).
  Queue: 57 program(s) prioritised — 0 still to assemble
------------------------------------------------------------
[2026-08-30 01:36:43] ACTION=CAPTURE attempted=2 saved=2 failed=0
  Details: Batch finished: 2 saved, 0 failed. Latest: mc-geosc/subj-evsc90015-assessment (918 chars).
  Queue: 57 program(s) prioritised — 0 still to assemble
------------------------------------------------------------
[2026-08-30 01:37:22] ACTION=CAPTURE attempted=2 saved=2 failed=0
  Details: Batch finished: 2 saved, 0 failed. Latest: mc-geosc/subj-geog90003-assessment (975 chars).
  Queue: 57 program(s) prioritised — 0 still to assemble
------------------------------------------------------------
[2026-08-30 01:38:00] ACTION=CAPTURE attempted=2 saved=2 failed=0
  Details: Batch finished: 2 saved, 0 failed. Latest: mc-comeco/subj-econ90064-assessment (1003 chars).
  Queue: 57 program(s) prioritised — 0 still to assemble
------------------------------------------------------------
[2026-08-30 01:38:33] ACTION=CAPTURE attempted=2 saved=2 failed=0
  Details: Batch finished: 2 saved, 0 failed. Latest: mc-comfin/subj-ecom90013-assessment (863 chars).
  Queue: 57 program(s) prioritised — 0 still to assemble
------------------------------------------------------------
[2026-08-30 01:38:42] ACTION=CAPTURE attempted=2 saved=2 failed=0
  Details: Batch finished: 2 saved, 0 failed. Latest: mc-geosc/subj-geol30004-assessment (797 chars).
  Queue: 57 program(s) prioritised — 0 still to assemble
------------------------------------------------------------
[2026-08-30 01:39:21] ACTION=CAPTURE attempted=2 saved=2 failed=0
  Details: Batch finished: 2 saved, 0 failed. Latest: mc-geosc/subj-geol90005-assessment (1122 chars).
  Queue: 57 program(s) prioritised — 0 still to assemble
------------------------------------------------------------
[2026-08-30 01:40:01] ACTION=CAPTURE attempted=2 saved=2 failed=0
  Details: Batch finished: 2 saved, 0 failed. Latest: mc-geosc/subj-geol90022-assessment (1048 chars).
  Queue: 57 program(s) prioritised — 0 still to assemble
------------------------------------------------------------
[2026-08-30 01:40:42] ACTION=CAPTURE attempted=2 saved=2 failed=0
  Details: Batch finished: 2 saved, 0 failed. Latest: mc-commktg/subj-mgmt90193-assessment (808 chars).
  Queue: 57 program(s) prioritised — 0 still to assemble
------------------------------------------------------------
[2026-08-30 01:41:20] ACTION=CAPTURE attempted=2 saved=2 failed=0
  Details: Batch finished: 2 saved, 0 failed. Latest: mc-geosc/subj-geol90023 (1799 chars).
  Queue: 57 program(s) prioritised — 0 still to assemble
------------------------------------------------------------
[2026-08-30 01:41:41] ACTION=CAPTURE attempted=2 saved=2 failed=0
  Details: Batch finished: 2 saved, 0 failed. Latest: mc-commktg/subj-mgmt90237-assessment (920 chars).
  Queue: 57 program(s) prioritised — 0 still to assemble
------------------------------------------------------------
[2026-08-30 01:42:02] ACTION=CAPTURE attempted=2 saved=2 failed=0
  Details: Batch finished: 2 saved, 0 failed. Latest: mc-geosc/subj-geol90046 (2422 chars).
  Queue: 57 program(s) prioritised — 0 still to assemble
------------------------------------------------------------
[2026-08-30 01:42:43] ACTION=CAPTURE attempted=2 saved=2 failed=0
  Details: Batch finished: 2 saved, 0 failed. Latest: mc-geosc/subj-geol90052 (2782 chars).
  Queue: 57 program(s) prioritised — 0 still to assemble
------------------------------------------------------------
[2026-08-30 01:43:21] ACTION=CAPTURE attempted=2 saved=2 failed=0
  Details: Batch finished: 2 saved, 0 failed. Latest: mc-geosc/subj-geol90054 (2539 chars).
  Queue: 57 program(s) prioritised — 0 still to assemble
------------------------------------------------------------
[2026-08-30 01:44:03] ACTION=CAPTURE attempted=2 saved=2 failed=0
  Details: Batch finished: 2 saved, 0 failed. Latest: mc-contcs/subj-asia30004 (1655 chars).
  Queue: 57 program(s) prioritised — 0 still to assemble
------------------------------------------------------------
[2026-08-30 01:44:35] ACTION=CAPTURE attempted=2 saved=2 failed=0
  Details: Batch finished: 2 saved, 0 failed. Latest: mc-contcs/subj-chin30002 (1830 chars).
  Queue: 57 program(s) prioritised — 0 still to assemble
------------------------------------------------------------
[2026-08-30 01:44:44] ACTION=CAPTURE attempted=2 saved=2 failed=0
  Details: Batch finished: 2 saved, 0 failed. Latest: mc-humrlaw/structure (4916 chars).
  Queue: 57 program(s) prioritised — 0 still to assemble
------------------------------------------------------------
[2026-08-30 01:45:23] ACTION=CAPTURE attempted=2 saved=2 failed=0
  Details: Batch finished: 2 saved, 0 failed. Latest: mc-humrlaw/subj-laws70025-assessment (1010 chars).
  Queue: 57 program(s) prioritised — 0 still to assemble
------------------------------------------------------------
[2026-08-30 01:46:01] ACTION=CAPTURE attempted=2 saved=2 failed=0
  Details: Batch finished: 2 saved, 0 failed. Latest: mc-humrlaw/subj-laws70186-assessment (878 chars).
  Queue: 57 program(s) prioritised — 0 still to assemble
------------------------------------------------------------
[2026-08-30 01:46:42] ACTION=CAPTURE attempted=2 saved=2 failed=0
  Details: Batch finished: 2 saved, 0 failed. Latest: mc-cybscmo/subj-comp90096-assessment (1035 chars).
  Queue: 57 program(s) prioritised — 0 still to assemble
------------------------------------------------------------
[2026-08-30 01:47:22] ACTION=CAPTURE attempted=2 saved=2 failed=0
  Details: Batch finished: 2 saved, 0 failed. Latest: mc-humrlaw/subj-laws70217-assessment (1712 chars).
  Queue: 57 program(s) prioritised — 0 still to assemble
------------------------------------------------------------
[2026-08-30 01:47:33] ACTION=CAPTURE attempted=2 saved=1 failed=1
  Details: Batch finished: 1 saved, 1 failed. Latest: mc-desprod/subj-info90013 (2569 chars).
  Queue: 57 program(s) prioritised — 0 still to assemble
------------------------------------------------------------
[2026-08-30 01:48:02] ACTION=CAPTURE attempted=2 saved=2 failed=0
  Details: Batch finished: 2 saved, 0 failed. Latest: mc-humrlaw/subj-laws70451-assessment (739 chars).
  Queue: 57 program(s) prioritised — 0 still to assemble
------------------------------------------------------------
[2026-08-30 01:48:45] ACTION=CAPTURE attempted=2 saved=2 failed=0
  Details: Batch finished: 2 saved, 0 failed. Latest: mc-humrlaw/subj-laws70452-assessment (1000 chars).
  Queue: 57 program(s) prioritised — 0 still to assemble
------------------------------------------------------------
[2026-08-30 01:49:26] ACTION=CAPTURE attempted=2 saved=2 failed=0
  Details: Batch finished: 2 saved, 0 failed. Latest: mc-humrlaw/subj-laws90018-assessment (904 chars).
  Queue: 57 program(s) prioritised — 0 still to assemble
------------------------------------------------------------
[2026-08-30 01:50:05] ACTION=CAPTURE attempted=2 saved=2 failed=0
  Details: Batch finished: 2 saved, 0 failed. Latest: mc-ecosmc/subj-evsc30003-assessment (1052 chars).
  Queue: 57 program(s) prioritised — 0 still to assemble
------------------------------------------------------------
[2026-08-30 01:50:36] ACTION=CAPTURE attempted=2 saved=2 failed=0
  Details: Batch finished: 2 saved, 0 failed. Latest: mc-eleceng/subj-comp20005-assessment (1568 chars).
  Queue: 57 program(s) prioritised — 0 still to assemble
------------------------------------------------------------
[2026-08-30 01:50:47] ACTION=CAPTURE attempted=2 saved=2 failed=0
  Details: Batch finished: 2 saved, 0 failed. Latest: mc-humrlaw/subj-laws90058-assessment (1072 chars).
  Queue: 57 program(s) prioritised — 0 still to assemble
------------------------------------------------------------
[2026-08-30 01:51:27] ACTION=CAPTURE attempted=2 saved=2 failed=0
  Details: Batch finished: 2 saved, 0 failed. Latest: mc-humrlaw/subj-laws90087-assessment (743 chars).
  Queue: 57 program(s) prioritised — 0 still to assemble
------------------------------------------------------------
[2026-08-30 01:52:04] ACTION=CAPTURE attempted=2 saved=2 failed=0
  Details: Batch finished: 2 saved, 0 failed. Latest: mc-humrlaw/subj-laws90124-assessment (937 chars).
  Queue: 57 program(s) prioritised — 0 still to assemble
------------------------------------------------------------
[2026-08-30 01:52:44] ACTION=CAPTURE attempted=2 saved=2 failed=0
  Details: Batch finished: 2 saved, 0 failed. Latest: mc-enrslaw/subj-laws90127 (2867 chars).
  Queue: 57 program(s) prioritised — 0 still to assemble
------------------------------------------------------------
[2026-08-30 01:53:21] ACTION=CAPTURE attempted=2 saved=2 failed=0
  Details: Batch finished: 2 saved, 0 failed. Latest: mc-humrlaw/subj-laws90160-assessment (1036 chars).
  Queue: 57 program(s) prioritised — 0 still to assemble
------------------------------------------------------------
[2026-08-30 01:53:42] ACTION=CAPTURE attempted=2 saved=2 failed=0
  Details: Batch finished: 2 saved, 0 failed. Latest: mc-humrlaw/subj-laws90218-assessment (1151 chars).
  Queue: 57 program(s) prioritised — 0 still to assemble
------------------------------------------------------------
[2026-08-30 01:54:02] ACTION=CAPTURE attempted=2 saved=2 failed=0
  Details: Batch finished: 2 saved, 0 failed. Latest: mc-entrpsp/course (1984 chars).
  Queue: 57 program(s) prioritised — 0 still to assemble
------------------------------------------------------------
[2026-08-30 01:54:40] ACTION=CAPTURE attempted=2 saved=2 failed=0
  Details: Batch finished: 2 saved, 0 failed. Latest: mc-filmtv/structure (1902 chars).
  Queue: 57 program(s) prioritised — 0 still to assemble
------------------------------------------------------------
[2026-08-30 01:55:17] ACTION=CAPTURE attempted=2 saved=2 failed=0
  Details: Batch finished: 2 saved, 0 failed. Latest: mc-filmtv/subj-fltv90047-assessment (1569 chars).
  Queue: 57 program(s) prioritised — 0 still to assemble
------------------------------------------------------------
[2026-08-30 01:55:51] ACTION=CAPTURE attempted=2 saved=2 failed=0
  Details: Batch finished: 2 saved, 0 failed. Latest: mc-filmtv/subj-fltv90049-assessment (1406 chars).
  Queue: 57 program(s) prioritised — 0 still to assemble
------------------------------------------------------------
[2026-08-30 01:55:54] ACTION=CAPTURE attempted=2 saved=2 failed=0
  Details: Batch finished: 2 saved, 0 failed. Latest: mc-gcclaw/structure (2858 chars).
  Queue: 57 program(s) prioritised — 0 still to assemble
------------------------------------------------------------
[2026-08-30 01:56:32] ACTION=CAPTURE attempted=2 saved=2 failed=0
  Details: Batch finished: 2 saved, 0 failed. Latest: mc-finenh/subj-econ90034-assessment (969 chars).
  Queue: 57 program(s) prioritised — 0 still to assemble
------------------------------------------------------------
[2026-08-30 01:57:10] ACTION=CAPTURE attempted=2 saved=2 failed=0
  Details: Batch finished: 2 saved, 0 failed. Latest: mc-finenh/subj-fnce90046-assessment (796 chars).
  Queue: 57 program(s) prioritised — 0 still to assemble
------------------------------------------------------------
[2026-08-30 01:57:47] ACTION=CAPTURE attempted=2 saved=2 failed=0
  Details: Batch finished: 2 saved, 0 failed. Latest: mc-finenh/subj-fnce90049-assessment (950 chars).
  Queue: 57 program(s) prioritised — 0 still to assemble
------------------------------------------------------------
[2026-08-30 01:58:33] ACTION=CAPTURE attempted=2 saved=2 failed=0
  Details: Batch finished: 2 saved, 0 failed. Latest: mc-finenh/subj-fnce90057-assessment (712 chars).
  Queue: 57 program(s) prioritised — 0 still to assemble
------------------------------------------------------------
[2026-08-30 01:58:47] ACTION=CAPTURE attempted=2 saved=2 failed=0
  Details: Batch finished: 2 saved, 0 failed. Latest: mc-finenh/subj-fnce90064-assessment (860 chars).
  Queue: 57 program(s) prioritised — 0 still to assemble
------------------------------------------------------------
[2026-08-30 01:59:11] ACTION=CAPTURE attempted=2 saved=2 failed=0
  Details: Batch finished: 2 saved, 0 failed. Latest: mc-finenh/subj-fnce90082-assessment (680 chars).
  Queue: 57 program(s) prioritised — 0 still to assemble
------------------------------------------------------------
[2026-08-30 01:59:48] ACTION=CAPTURE attempted=2 saved=2 failed=0
  Details: Batch finished: 2 saved, 0 failed. Latest: mc-finenh/subj-fnce90084-assessment (1064 chars).
  Queue: 57 program(s) prioritised — 0 still to assemble
------------------------------------------------------------
[2026-08-30 02:00:28] ACTION=CAPTURE attempted=2 saved=2 failed=0
  Details: Batch finished: 2 saved, 0 failed. Latest: mc-gcclaw/subj-laws70046-assessment (2514 chars).
  Queue: 57 program(s) prioritised — 0 still to assemble
------------------------------------------------------------
[2026-08-30 02:00:52] ACTION=CAPTURE attempted=2 saved=1 failed=1
  Details: Batch finished: 1 saved, 1 failed. Latest: mc-commgmt/subj-mgmt90249-assessment (789 chars).
  Queue: 57 program(s) prioritised — 0 still to assemble
------------------------------------------------------------
[2026-08-30 02:01:07] ACTION=CAPTURE attempted=2 saved=2 failed=0
  Details: Batch finished: 2 saved, 0 failed. Latest: mc-gcclaw/subj-laws70380-assessment (1351 chars).
  Queue: 57 program(s) prioritised — 0 still to assemble
------------------------------------------------------------
[2026-08-30 02:01:47] ACTION=CAPTURE attempted=2 saved=2 failed=0
  Details: Batch finished: 2 saved, 0 failed. Latest: mc-commktg/subj-mgmt90207-assessment (844 chars).
  Queue: 57 program(s) prioritised — 0 still to assemble
------------------------------------------------------------
[2026-08-30 02:02:27] ACTION=CAPTURE attempted=2 saved=2 failed=0
  Details: Batch finished: 2 saved, 0 failed. Latest: mc-gcclaw/subj-laws90069-assessment (718 chars).
  Queue: 57 program(s) prioritised — 0 still to assemble
------------------------------------------------------------
[2026-08-30 02:02:46] ACTION=CAPTURE attempted=2 saved=2 failed=0
  Details: Batch finished: 2 saved, 0 failed. Latest: mc-commktg/subj-mktg90024-assessment (912 chars).
  Queue: 57 program(s) prioritised — 0 still to assemble
------------------------------------------------------------
[2026-08-30 02:03:05] ACTION=CAPTURE attempted=2 saved=2 failed=0
  Details: Batch finished: 2 saved, 0 failed. Latest: mc-gcclaw/subj-laws90165-assessment (800 chars).
  Queue: 57 program(s) prioritised — 0 still to assemble
------------------------------------------------------------
[2026-08-30 02:03:47] ACTION=CAPTURE attempted=2 saved=2 failed=0
  Details: Batch finished: 2 saved, 0 failed. Latest: mc-gcclaw/subj-laws90171-assessment (1039 chars).
  Queue: 57 program(s) prioritised — 0 still to assemble
------------------------------------------------------------
[2026-08-30 02:04:26] ACTION=CAPTURE attempted=2 saved=2 failed=0
  Details: Batch finished: 2 saved, 0 failed. Latest: mc-gcclaw/subj-laws90279-assessment (1031 chars).
  Queue: 57 program(s) prioritised — 0 still to assemble
------------------------------------------------------------
[2026-08-30 02:04:53] ACTION=CAPTURE attempted=2 saved=2 failed=0
  Details: Batch finished: 2 saved, 0 failed. Latest: mc-gcclaw/subj-laws90287-assessment (891 chars).
  Queue: 57 program(s) prioritised — 0 still to assemble
------------------------------------------------------------
[2026-08-30 02:05:05] ACTION=CAPTURE attempted=2 saved=2 failed=0
  Details: Batch finished: 2 saved, 0 failed. Latest: mc-geosc/course (2122 chars).
  Queue: 57 program(s) prioritised — 0 still to assemble
------------------------------------------------------------
[2026-08-30 02:05:46] ACTION=CAPTURE attempted=2 saved=2 failed=0
  Details: Batch finished: 2 saved, 0 failed. Latest: mc-geosc/subj-erth30002-assessment (837 chars).
  Queue: 57 program(s) prioritised — 0 still to assemble
------------------------------------------------------------
[2026-08-30 02:06:25] ACTION=CAPTURE attempted=2 saved=2 failed=0
  Details: Batch finished: 2 saved, 0 failed. Latest: mc-geosc/subj-erth90028-assessment (883 chars).
  Queue: 57 program(s) prioritised — 0 still to assemble
------------------------------------------------------------
[2026-08-30 02:06:47] ACTION=CAPTURE attempted=2 saved=2 failed=0
  Details: Batch finished: 2 saved, 0 failed. Latest: mc-ctpyart/subj-fina70008-assessment (964 chars).
  Queue: 57 program(s) prioritised — 0 still to assemble
------------------------------------------------------------
[2026-08-30 02:07:03] ACTION=CAPTURE attempted=2 saved=2 failed=0
  Details: Batch finished: 2 saved, 0 failed. Latest: mc-geosc/subj-geol30003-assessment (857 chars).
  Queue: 57 program(s) prioritised — 0 still to assemble
------------------------------------------------------------
[2026-08-30 02:07:45] ACTION=CAPTURE attempted=2 saved=2 failed=0
  Details: Batch finished: 2 saved, 0 failed. Latest: mc-geosc/subj-geol90024-assessment (895 chars).
  Queue: 57 program(s) prioritised — 0 still to assemble
------------------------------------------------------------
[2026-08-30 02:08:25] ACTION=CAPTURE attempted=2 saved=2 failed=0
  Details: Batch finished: 2 saved, 0 failed. Latest: mc-hrmmo/structure (1118 chars).
  Queue: 57 program(s) prioritised — 0 still to assemble
------------------------------------------------------------
[2026-08-30 02:08:49] ACTION=CAPTURE attempted=2 saved=2 failed=0
  Details: Batch finished: 2 saved, 0 failed. Latest: mc-dmktg/structure (4080 chars).
  Queue: 57 program(s) prioritised — 0 still to assemble
------------------------------------------------------------
[2026-08-30 02:09:06] ACTION=CAPTURE attempted=2 saved=2 failed=0
  Details: Batch finished: 2 saved, 0 failed. Latest: mc-humrlaw/subj-laws70422-assessment (1007 chars).
  Queue: 57 program(s) prioritised — 0 still to assemble
------------------------------------------------------------
[2026-08-30 02:09:48] ACTION=CAPTURE attempted=2 saved=2 failed=0
  Details: Batch finished: 2 saved, 0 failed. Latest: mc-dmktg/subj-mktg90002-assessment (953 chars).
  Queue: 57 program(s) prioritised — 0 still to assemble
------------------------------------------------------------
[2026-08-30 02:10:29] ACTION=CAPTURE attempted=2 saved=2 failed=0
  Details: Batch finished: 2 saved, 0 failed. Latest: mc-dmktg/subj-mktg90009-assessment (984 chars).
  Queue: 57 program(s) prioritised — 0 still to assemble
------------------------------------------------------------
[2026-08-30 02:10:45] ACTION=CAPTURE attempted=2 saved=2 failed=0
  Details: Batch finished: 2 saved, 0 failed. Latest: mc-dmktg/subj-mktg90040-assessment (759 chars).
  Queue: 57 program(s) prioritised — 0 still to assemble
------------------------------------------------------------
[2026-08-30 02:11:11] ACTION=CAPTURE attempted=2 saved=2 failed=0
  Details: Batch finished: 2 saved, 0 failed. Latest: mc-dmktg/subj-mktg90043-assessment (860 chars).
  Queue: 57 program(s) prioritised — 0 still to assemble
------------------------------------------------------------
[2026-08-30 02:11:51] ACTION=CAPTURE attempted=2 saved=2 failed=0
  Details: Batch finished: 2 saved, 0 failed. Latest: mc-dmktg/subj-mktg90046-assessment (835 chars).
  Queue: 57 program(s) prioritised — 0 still to assemble
------------------------------------------------------------
[2026-08-30 02:12:30] ACTION=CAPTURE attempted=2 saved=2 failed=0
  Details: Batch finished: 2 saved, 0 failed. Latest: mc-dnce/subj-dnce90014-assessment (946 chars).
  Queue: 57 program(s) prioritised — 0 still to assemble
------------------------------------------------------------
[2026-08-30 02:12:48] ACTION=CAPTURE attempted=2 saved=2 failed=0
  Details: Batch finished: 2 saved, 0 failed. Latest: mc-dnce/subj-dnce90018-assessment (942 chars).
  Queue: 57 program(s) prioritised — 0 still to assemble
------------------------------------------------------------
[2026-08-30 02:13:08] ACTION=CAPTURE attempted=2 saved=2 failed=0
  Details: Batch finished: 2 saved, 0 failed. Latest: mc-enrslaw/subj-laws70067 (3699 chars).
  Queue: 57 program(s) prioritised — 0 still to assemble
------------------------------------------------------------
[2026-08-30 02:13:46] ACTION=CAPTURE attempted=2 saved=2 failed=0
  Details: Batch finished: 2 saved, 0 failed. Latest: mc-enrslaw/subj-laws70219 (3932 chars).
  Queue: 57 program(s) prioritised — 0 still to assemble
------------------------------------------------------------
[2026-08-30 02:14:23] ACTION=CAPTURE attempted=2 saved=2 failed=0
  Details: Batch finished: 2 saved, 0 failed. Latest: mc-enrslaw/subj-laws90254 (4257 chars).
  Queue: 57 program(s) prioritised — 0 still to assemble
------------------------------------------------------------
[2026-08-30 02:14:34] ACTION=ERROR attempted=0 saved=0 failed=0
  Reason: Challenge detected: challenge page detected: rew-the-dare-is-thounce
  Queue: BREAKER OPEN — cooling off: 29m left, consecutive block 1, reason 'challenge page detected: rew-the-dare-is-thounce'
------------------------------------------------------------
[2026-08-30 02:15:05] ACTION=CAPTURE attempted=2 saved=2 failed=0
  Details: Batch finished: 2 saved, 0 failed. Latest: mc-enveng/structure (8782 chars).
  Queue: 57 program(s) prioritised — 0 still to assemble
------------------------------------------------------------
[2026-08-30 02:15:37] ACTION=CAPTURE attempted=2 saved=2 failed=0
  Details: Batch finished: 2 saved, 0 failed. Latest: mc-comeco/subj-econ90052-assessment (986 chars).
  Queue: 57 program(s) prioritised — 0 still to assemble
------------------------------------------------------------
[2026-08-30 02:16:15] ACTION=CAPTURE attempted=2 saved=2 failed=0
  Details: Batch finished: 2 saved, 0 failed. Latest: mc-commgmt/subj-mgmt90205-assessment (819 chars).
  Queue: 57 program(s) prioritised — 0 still to assemble
------------------------------------------------------------
[2026-08-30 02:16:53] ACTION=CAPTURE attempted=2 saved=2 failed=0
  Details: Batch finished: 2 saved, 0 failed. Latest: mc-commktg/subj-mgmt90198-assessment (844 chars).
  Queue: 57 program(s) prioritised — 0 still to assemble
------------------------------------------------------------
[2026-08-30 02:17:31] ACTION=CAPTURE attempted=2 saved=2 failed=0
  Details: Batch finished: 2 saved, 0 failed. Latest: mc-contcs/subj-ahis30025-assessment (1656 chars).
  Queue: 57 program(s) prioritised — 0 still to assemble
------------------------------------------------------------
[2026-08-30 02:17:51] ACTION=CAPTURE attempted=2 saved=2 failed=0
  Details: Batch finished: 2 saved, 0 failed. Latest: mc-contcs/subj-asia20007-assessment (1740 chars).
  Queue: 57 program(s) prioritised — 0 still to assemble
------------------------------------------------------------
[2026-08-30 02:18:09] ACTION=CAPTURE attempted=2 saved=2 failed=0
  Details: Batch finished: 2 saved, 0 failed. Latest: mc-contcs/subj-chin90011-assessment (1708 chars).
  Queue: 57 program(s) prioritised — 0 still to assemble
------------------------------------------------------------
[2026-08-30 02:18:47] ACTION=CAPTURE attempted=2 saved=2 failed=0
  Details: Batch finished: 2 saved, 0 failed. Latest: mc-cybscmo/subj-isys90123-assessment (859 chars).
  Queue: 57 program(s) prioritised — 0 still to assemble
------------------------------------------------------------
[2026-08-30 02:19:35] ACTION=CAPTURE attempted=2 saved=2 failed=0
  Details: Batch finished: 2 saved, 0 failed. Latest: mc-dmktg/subj-busa90525 (4447 chars).
  Queue: 57 program(s) prioritised — 0 still to assemble
------------------------------------------------------------
[2026-08-30 02:20:13] ACTION=CAPTURE attempted=2 saved=2 failed=0
  Details: Batch finished: 2 saved, 0 failed. Latest: mc-dmktg/subj-mktg90007 (2828 chars).
  Queue: 57 program(s) prioritised — 0 still to assemble
------------------------------------------------------------
[2026-08-30 02:20:51] ACTION=CAPTURE attempted=2 saved=2 failed=0
  Details: Batch finished: 2 saved, 0 failed. Latest: mc-dmktg/subj-mktg90044-assessment (831 chars).
  Queue: 57 program(s) prioritised — 0 still to assemble
------------------------------------------------------------
[2026-08-30 02:20:51] ACTION=ERROR attempted=0 saved=0 failed=0
  Reason: Challenge detected: challenge page detected: rew-the-dare-is-thounce
  Queue: 57 program(s) prioritised — 0 still to assemble
------------------------------------------------------------
[2026-08-30 02:21:30] ACTION=CAPTURE attempted=2 saved=2 failed=0
  Details: Batch finished: 2 saved, 0 failed. Latest: mc-dnce/subj-dnce90013-assessment (964 chars).
  Queue: 57 program(s) prioritised — 0 still to assemble
------------------------------------------------------------
[2026-08-30 02:22:08] ACTION=CAPTURE attempted=2 saved=2 failed=0
  Details: Batch finished: 2 saved, 0 failed. Latest: mc-eleceng/subj-mast20029 (2766 chars).
  Queue: 57 program(s) prioritised — 0 still to assemble
------------------------------------------------------------
[2026-08-30 02:22:49] ACTION=ERROR attempted=0 saved=0 failed=0
  Reason: Challenge detected: challenge page detected: rew-the-dare-is-thounce
  Queue: 57 program(s) prioritised — 0 still to assemble
------------------------------------------------------------
[2026-08-30 02:22:49] ACTION=CAPTURE attempted=2 saved=2 failed=0
  Details: Batch finished: 2 saved, 0 failed. Latest: mc-enrslaw/subj-laws90268 (3309 chars).
  Queue: 57 program(s) prioritised — 0 still to assemble
------------------------------------------------------------
[2026-08-30 02:23:28] ACTION=CAPTURE attempted=2 saved=2 failed=0
  Details: Batch finished: 2 saved, 0 failed. Latest: mc-ensysen/subj-enen90005-assessment (2955 chars).
  Queue: 57 program(s) prioritised — 0 still to assemble
------------------------------------------------------------
[2026-08-30 02:24:06] ACTION=CAPTURE attempted=2 saved=2 failed=0
  Details: Batch finished: 2 saved, 0 failed. Latest: mc-ensysen/subj-enen90014-assessment (1042 chars).
  Queue: 57 program(s) prioritised — 0 still to assemble
------------------------------------------------------------
[2026-08-30 02:24:45] ACTION=CAPTURE attempted=2 saved=2 failed=0
  Details: Batch finished: 2 saved, 0 failed. Latest: mc-ensysen/subj-enen90029-assessment (1033 chars).
  Queue: 57 program(s) prioritised — 0 still to assemble
------------------------------------------------------------
[2026-08-30 02:25:24] ACTION=CAPTURE attempted=2 saved=2 failed=0
  Details: Batch finished: 2 saved, 0 failed. Latest: mc-ensysen/subj-enen90033-assessment (2189 chars).
  Queue: 57 program(s) prioritised — 0 still to assemble
------------------------------------------------------------
[2026-08-30 02:25:56] ACTION=CAPTURE attempted=2 saved=2 failed=0
  Details: Batch finished: 2 saved, 0 failed. Latest: mc-ensysen/subj-enen90038-assessment (1567 chars).
  Queue: 57 program(s) prioritised — 0 still to assemble
------------------------------------------------------------
[2026-08-30 02:26:03] ACTION=CAPTURE attempted=2 saved=2 failed=0
  Details: Batch finished: 2 saved, 0 failed. Latest: mc-enveng/subj-cven20001 (3412 chars).
  Queue: 57 program(s) prioritised — 0 still to assemble
------------------------------------------------------------
[2026-08-30 02:26:42] ACTION=CAPTURE attempted=2 saved=2 failed=0
  Details: Batch finished: 2 saved, 0 failed. Latest: mc-enveng/subj-enen30001 (2961 chars).
  Queue: 57 program(s) prioritised — 0 still to assemble
------------------------------------------------------------
[2026-08-30 02:27:23] ACTION=CAPTURE attempted=2 saved=2 failed=0
  Details: Batch finished: 2 saved, 0 failed. Latest: mc-enveng/subj-enen90028 (1438 chars).
  Queue: 57 program(s) prioritised — 0 still to assemble
------------------------------------------------------------
[2026-08-30 02:27:49] ACTION=CAPTURE attempted=2 saved=2 failed=0
  Details: Batch finished: 2 saved, 0 failed. Latest: mc-enveng/subj-enen90032 (5251 chars).
  Queue: 57 program(s) prioritised — 0 still to assemble
------------------------------------------------------------
[2026-08-30 02:28:02] ACTION=CAPTURE attempted=2 saved=2 failed=0
  Details: Batch finished: 2 saved, 0 failed. Latest: mc-enveng/subj-engr30002 (3043 chars).
  Queue: 57 program(s) prioritised — 0 still to assemble
------------------------------------------------------------
[2026-08-30 02:28:42] ACTION=CAPTURE attempted=2 saved=2 failed=0
  Details: Batch finished: 2 saved, 0 failed. Latest: mc-enveng/subj-mast20029 (2766 chars).
  Queue: 57 program(s) prioritised — 0 still to assemble
------------------------------------------------------------
[2026-08-30 02:29:25] ACTION=CAPTURE attempted=2 saved=2 failed=0
  Details: Batch finished: 2 saved, 0 failed. Latest: mc-filmtv/subj-fltv90045-assessment (1511 chars).
  Queue: 57 program(s) prioritised — 0 still to assemble
------------------------------------------------------------
[2026-08-30 02:29:52] ACTION=CAPTURE attempted=2 saved=2 failed=0
  Details: Batch finished: 2 saved, 0 failed. Latest: mc-filmtv/subj-fltv90048-assessment (1357 chars).
  Queue: 57 program(s) prioritised — 0 still to assemble
------------------------------------------------------------
[2026-08-30 02:30:04] ACTION=CAPTURE attempted=2 saved=2 failed=0
  Details: Batch finished: 2 saved, 0 failed. Latest: mc-finenh/subj-acct90002-assessment (876 chars).
  Queue: 57 program(s) prioritised — 0 still to assemble
------------------------------------------------------------
[2026-08-30 02:30:44] ACTION=CAPTURE attempted=2 saved=2 failed=0
  Details: Batch finished: 2 saved, 0 failed. Latest: mc-finenh/subj-fnce90016-assessment (827 chars).
  Queue: 57 program(s) prioritised — 0 still to assemble
------------------------------------------------------------
[2026-08-30 02:31:25] ACTION=CAPTURE attempted=2 saved=2 failed=0
  Details: Batch finished: 2 saved, 0 failed. Latest: mc-finenh/subj-fnce90080-assessment (682 chars).
  Queue: 57 program(s) prioritised — 0 still to assemble
------------------------------------------------------------
[2026-08-30 02:31:51] ACTION=CAPTURE attempted=2 saved=2 failed=0
  Details: Batch finished: 2 saved, 0 failed. Latest: mc-finenh/subj-fnce90083-assessment (849 chars).
  Queue: 57 program(s) prioritised — 0 still to assemble
------------------------------------------------------------
[2026-08-30 02:32:05] ACTION=CAPTURE attempted=2 saved=2 failed=0
  Details: Batch finished: 2 saved, 0 failed. Latest: mc-gcclaw/subj-laws70385-assessment (963 chars).
  Queue: 57 program(s) prioritised — 0 still to assemble
------------------------------------------------------------
[2026-08-30 02:32:45] ACTION=CAPTURE attempted=2 saved=2 failed=0
  Details: Batch finished: 2 saved, 0 failed. Latest: mc-gcclaw/subj-laws90111 (3986 chars).
  Queue: 57 program(s) prioritised — 0 still to assemble
------------------------------------------------------------
[2026-08-30 02:33:26] ACTION=CAPTURE attempted=2 saved=2 failed=0
  Details: Batch finished: 2 saved, 0 failed. Latest: mc-geosc/subj-evsc90017 (2645 chars).
  Queue: 57 program(s) prioritised — 0 still to assemble
------------------------------------------------------------
[2026-08-30 02:34:03] ACTION=CAPTURE attempted=2 saved=2 failed=0
  Details: Batch finished: 2 saved, 0 failed. Latest: mc-geosc/subj-geol90054-assessment (1185 chars).
  Queue: 57 program(s) prioritised — 0 still to assemble
------------------------------------------------------------
[2026-08-30 02:34:41] ACTION=CAPTURE attempted=2 saved=2 failed=0
  Details: Batch finished: 2 saved, 0 failed. Latest: mc-humrlaw/subj-laws90217-assessment (1132 chars).
  Queue: 57 program(s) prioritised — 0 still to assemble
------------------------------------------------------------
[2026-08-30 02:34:53] ACTION=CAPTURE attempted=2 saved=2 failed=0
  Details: Batch finished: 2 saved, 0 failed. Latest: mc-foodpi/course (6496 chars).
  Queue: 57 program(s) prioritised — 0 still to assemble
------------------------------------------------------------
[2026-08-30 02:36:15] ACTION=CAPTURE attempted=2 saved=1 failed=1
  Details: Batch finished: 1 saved, 1 failed. Latest: mc-ib/structure (1175 chars).
  Queue: 57 program(s) prioritised — 0 still to assemble
------------------------------------------------------------
[2026-08-30 02:36:53] ACTION=CAPTURE attempted=2 saved=2 failed=0
  Details: Batch finished: 2 saved, 0 failed. Latest: mc-commgmt/subj-mgmt90203-assessment (2241 chars).
  Queue: 57 program(s) prioritised — 0 still to assemble
------------------------------------------------------------
[2026-08-30 02:36:55] ACTION=CAPTURE attempted=2 saved=2 failed=0
  Details: Batch finished: 2 saved, 0 failed. Latest: mc-comfin/subj-econ90062 (954 chars).
  Queue: 57 program(s) prioritised — 0 still to assemble
------------------------------------------------------------
[2026-08-30 02:37:30] ACTION=CAPTURE attempted=2 saved=2 failed=0
  Details: Batch finished: 2 saved, 0 failed. Latest: mc-commktg/subj-mktg90023 (2300 chars).
  Queue: 57 program(s) prioritised — 0 still to assemble
------------------------------------------------------------
[2026-08-30 02:38:07] ACTION=CAPTURE attempted=2 saved=2 failed=0
  Details: Batch finished: 2 saved, 0 failed. Latest: mc-contcs/subj-asia90017-assessment (1537 chars).
  Queue: 57 program(s) prioritised — 0 still to assemble
------------------------------------------------------------
[2026-08-30 02:38:46] ACTION=CAPTURE attempted=2 saved=2 failed=0
  Details: Batch finished: 2 saved, 0 failed. Latest: mc-ib/specialisations (756 chars).
  Queue: 57 program(s) prioritised — 0 still to assemble
------------------------------------------------------------
[2026-08-30 02:39:27] ACTION=CAPTURE attempted=2 saved=2 failed=0
  Details: Batch finished: 2 saved, 0 failed. Latest: mc-ib/comp-mc-ib-entry-2 (8597 chars).
  Queue: 57 program(s) prioritised — 0 still to assemble
------------------------------------------------------------
[2026-08-30 02:39:54] ACTION=CAPTURE attempted=2 saved=2 failed=0
  Details: Batch finished: 2 saved, 0 failed. Latest: mc-dinfeng/subj-geom30014-assessment (2084 chars).
  Queue: 57 program(s) prioritised — 0 still to assemble
------------------------------------------------------------
[2026-08-30 02:40:06] ACTION=CAPTURE attempted=2 saved=2 failed=0
  Details: Batch finished: 2 saved, 0 failed. Latest: mc-ib/subj-busa90525-assessment (1293 chars).
  Queue: 57 program(s) prioritised — 0 still to assemble
------------------------------------------------------------
[2026-08-30 02:40:43] ACTION=CAPTURE attempted=2 saved=2 failed=0
  Details: Batch finished: 2 saved, 0 failed. Latest: mc-ib/subj-engr90034-assessment (1768 chars).
  Queue: 57 program(s) prioritised — 0 still to assemble
------------------------------------------------------------
[2026-08-30 02:41:22] ACTION=CAPTURE attempted=2 saved=2 failed=0
  Details: Batch finished: 2 saved, 0 failed. Latest: mc-dmktg/subj-mktg90042-assessment (901 chars).
  Queue: 57 program(s) prioritised — 0 still to assemble
------------------------------------------------------------
[2026-08-30 02:41:52] ACTION=CAPTURE attempted=2 saved=2 failed=0
  Details: Batch finished: 2 saved, 0 failed. Latest: mc-dmktg/subj-mktg90047 (2708 chars).
  Queue: 57 program(s) prioritised — 0 still to assemble
------------------------------------------------------------
[2026-08-30 02:42:01] ACTION=CAPTURE attempted=2 saved=2 failed=0
  Details: Batch finished: 2 saved, 0 failed. Latest: mc-ib/subj-ibus90002 (2413 chars).
  Queue: 57 program(s) prioritised — 0 still to assemble
------------------------------------------------------------
[2026-08-30 02:42:41] ACTION=CAPTURE attempted=2 saved=2 failed=0
  Details: Batch finished: 2 saved, 0 failed. Latest: mc-ib/subj-ibus90003 (2201 chars).
  Queue: 57 program(s) prioritised — 0 still to assemble
------------------------------------------------------------
[2026-08-30 02:43:22] ACTION=CAPTURE attempted=2 saved=2 failed=0
  Details: Batch finished: 2 saved, 0 failed. Latest: mc-enrslaw/subj-laws90119 (4636 chars).
  Queue: 57 program(s) prioritised — 0 still to assemble
------------------------------------------------------------
[2026-08-30 02:43:54] ACTION=CAPTURE attempted=2 saved=2 failed=0
  Details: Batch finished: 2 saved, 0 failed. Latest: mc-ensysen/subj-cven90047-assessment (1229 chars).
  Queue: 57 program(s) prioritised — 0 still to assemble
------------------------------------------------------------
[2026-08-30 02:44:02] ACTION=CAPTURE attempted=2 saved=2 failed=0
  Details: Batch finished: 2 saved, 0 failed. Latest: mc-ib/subj-ibus90004 (2590 chars).
  Queue: 57 program(s) prioritised — 0 still to assemble
------------------------------------------------------------
[2026-08-30 02:44:43] ACTION=CAPTURE attempted=2 saved=2 failed=0
  Details: Batch finished: 2 saved, 0 failed. Latest: mc-ib/subj-ibus90008 (2489 chars).
  Queue: 57 program(s) prioritised — 0 still to assemble
------------------------------------------------------------
[2026-08-30 02:45:22] ACTION=CAPTURE attempted=2 saved=2 failed=0
  Details: Batch finished: 2 saved, 0 failed. Latest: mc-ib/subj-mgmt90038 (2630 chars).
  Queue: 57 program(s) prioritised — 0 still to assemble
------------------------------------------------------------
[2026-08-30 02:45:55] ACTION=CAPTURE attempted=2 saved=2 failed=0
  Details: Batch finished: 2 saved, 0 failed. Latest: mc-ensysen/subj-enen90037-assessment (2111 chars).
  Queue: 57 program(s) prioritised — 0 still to assemble
------------------------------------------------------------
[2026-08-30 02:46:01] ACTION=CAPTURE attempted=2 saved=2 failed=0
  Details: Batch finished: 2 saved, 0 failed. Latest: mc-ib/subj-mgmt90146-assessment (1208 chars).
  Queue: 57 program(s) prioritised — 0 still to assemble
------------------------------------------------------------
[2026-08-30 02:46:42] ACTION=CAPTURE attempted=2 saved=2 failed=0
  Details: Batch finished: 2 saved, 0 failed. Latest: mc-enveng/subj-cven90051-assessment (2835 chars).
  Queue: 57 program(s) prioritised — 0 still to assemble
------------------------------------------------------------
[2026-08-30 02:47:21] ACTION=CAPTURE attempted=2 saved=2 failed=0
  Details: Batch finished: 2 saved, 0 failed. Latest: mc-ib/subj-mgmt90195 (2225 chars).
  Queue: 57 program(s) prioritised — 0 still to assemble
------------------------------------------------------------
[2026-08-30 02:47:53] ACTION=CAPTURE attempted=2 saved=2 failed=0
  Details: Batch finished: 2 saved, 0 failed. Latest: mc-enveng/subj-enen90031 (3629 chars).
  Queue: 57 program(s) prioritised — 0 still to assemble
------------------------------------------------------------
[2026-08-30 02:47:59] ACTION=CAPTURE attempted=2 saved=2 failed=0
  Details: Batch finished: 2 saved, 0 failed. Latest: mc-ib/subj-mgmt90280 (2435 chars).
  Queue: 57 program(s) prioritised — 0 still to assemble
------------------------------------------------------------
[2026-08-30 02:48:38] ACTION=CAPTURE attempted=2 saved=2 failed=0
  Details: Batch finished: 2 saved, 0 failed. Latest: mc-ib/subj-mgmt90280-assessment (964 chars).
  Queue: 57 program(s) prioritised — 0 still to assemble
------------------------------------------------------------
[2026-08-30 02:49:17] ACTION=CAPTURE attempted=2 saved=2 failed=0
  Details: Batch finished: 2 saved, 0 failed. Latest: mc-ibl/attributes (2669 chars).
  Queue: 57 program(s) prioritised — 0 still to assemble
------------------------------------------------------------
[2026-08-30 02:49:56] ACTION=CAPTURE attempted=2 saved=2 failed=0
  Details: Batch finished: 2 saved, 0 failed. Latest: mc-filmtv/subj-fltv90046-assessment (1434 chars).
  Queue: 57 program(s) prioritised — 0 still to assemble
------------------------------------------------------------
[2026-08-30 02:50:03] ACTION=CAPTURE attempted=2 saved=2 failed=0
  Details: Batch finished: 2 saved, 0 failed. Latest: mc-filmtv/subj-fltv90052-assessment (2031 chars).
  Queue: 57 program(s) prioritised — 0 still to assemble
------------------------------------------------------------
[2026-08-30 02:50:37] ACTION=CAPTURE attempted=2 saved=2 failed=0
  Details: Batch finished: 2 saved, 0 failed. Latest: mc-larch/attributes (2959 chars).
  Queue: 57 program(s) prioritised — 0 still to assemble
------------------------------------------------------------
[2026-08-30 02:51:16] ACTION=CAPTURE attempted=2 saved=2 failed=0
  Details: Batch finished: 2 saved, 0 failed. Latest: mc-larchud/course (3691 chars).
  Queue: 57 program(s) prioritised — 0 still to assemble
------------------------------------------------------------
[2026-08-30 02:52:06] ACTION=ERROR attempted=0 saved=0 failed=0
  Reason: Challenge detected: challenge page detected: rew-the-dare-is-thounce
  Queue: BREAKER OPEN — cooling off: 29m left, consecutive block 1, reason 'challenge page detected: rew-the-dare-is-thounce'
------------------------------------------------------------
[2026-08-30 02:52:56] ACTION=ERROR attempted=0 saved=0 failed=0
  Reason: Challenge detected: challenge page detected: rew-the-dare-is-thounce
  Queue: BREAKER OPEN — cooling off: 29m left, consecutive block 1, reason 'challenge page detected: rew-the-dare-is-thounce'
------------------------------------------------------------
[2026-08-30 02:53:17] ACTION=ERROR attempted=0 saved=0 failed=0
  Reason: Challenge detected: challenge page detected: rew-the-dare-is-thounce
  Queue: BREAKER OPEN — cooling off: 29m left, consecutive block 1, reason 'challenge page detected: rew-the-dare-is-thounce'
------------------------------------------------------------
[2026-08-30 02:55:49] ACTION=ERROR attempted=0 saved=0 failed=0
  Reason: Challenge detected: challenge page detected: rew-the-dare-is-thounce
  Queue: BREAKER OPEN — cooling off: 29m left, consecutive block 1, reason 'challenge page detected: rew-the-dare-is-thounce'
------------------------------------------------------------
[2026-08-30 02:56:15] ACTION=ERROR attempted=0 saved=0 failed=0
  Reason: Challenge detected: challenge page detected: rew-the-dare-is-thounce
  Queue: BREAKER OPEN — cooling off: 59m left, consecutive block 2, reason 'challenge page detected: rew-the-dare-is-thounce'
------------------------------------------------------------
[2026-08-30 03:57:10] ACTION=CAPTURE attempted=2 saved=2 failed=0
  Details: Batch finished: 2 saved, 0 failed. Latest: mc-contcs/comp-mc-contcs-entry-3 (740 chars).
  Queue: 57 program(s) prioritised — 0 still to assemble
------------------------------------------------------------
[2026-08-30 03:57:11] ACTION=CAPTURE attempted=2 saved=2 failed=0
  Details: Batch finished: 2 saved, 0 failed. Latest: mc-commgmt/subj-mgmt90238-assessment (5460 chars).
  Queue: 57 program(s) prioritised — 0 still to assemble
------------------------------------------------------------
[2026-08-30 03:57:48] ACTION=CAPTURE attempted=2 saved=2 failed=0
  Details: Batch finished: 2 saved, 0 failed. Latest: mc-counsmo/subj-welf90023 (2702 chars).
  Queue: 57 program(s) prioritised — 0 still to assemble
------------------------------------------------------------
[2026-08-30 03:58:28] ACTION=CAPTURE attempted=2 saved=2 failed=0
  Details: Batch finished: 2 saved, 0 failed. Latest: mc-dmktg/subj-mgmt90030 (3448 chars).
  Queue: 57 program(s) prioritised — 0 still to assemble
------------------------------------------------------------
[2026-08-30 03:59:06] ACTION=CAPTURE attempted=2 saved=2 failed=0
  Details: Batch finished: 2 saved, 0 failed. Latest: mc-dnce/subj-dnce90017 (3196 chars).
  Queue: 57 program(s) prioritised — 0 still to assemble
------------------------------------------------------------
[2026-08-30 03:59:06] ACTION=CAPTURE attempted=2 saved=2 failed=0
  Details: Batch finished: 2 saved, 0 failed. Latest: mc-dmktg/subj-mktg90041 (2576 chars).
  Queue: 57 program(s) prioritised — 0 still to assemble
------------------------------------------------------------
[2026-08-30 03:59:44] ACTION=CAPTURE attempted=2 saved=2 failed=0
  Details: Batch finished: 2 saved, 0 failed. Latest: mc-enrslaw/subj-laws70423-assessment (1005 chars).
  Queue: 57 program(s) prioritised — 0 still to assemble
------------------------------------------------------------
[2026-08-30 04:00:22] ACTION=CAPTURE attempted=2 saved=2 failed=0
  Details: Batch finished: 2 saved, 0 failed. Latest: mc-ensysen/subj-enen90011 (3315 chars).
  Queue: 57 program(s) prioritised — 0 still to assemble
------------------------------------------------------------
[2026-08-30 04:01:02] ACTION=CAPTURE attempted=2 saved=2 failed=0
  Details: Batch finished: 2 saved, 0 failed. Latest: mc-ensysen/subj-enen90031 (3629 chars).
  Queue: 57 program(s) prioritised — 0 still to assemble
------------------------------------------------------------
[2026-08-30 04:01:41] ACTION=CAPTURE attempted=2 saved=2 failed=0
  Details: Batch finished: 2 saved, 0 failed. Latest: mc-ensysen/subj-enen90040-assessment (1404 chars).
  Queue: 57 program(s) prioritised — 0 still to assemble
------------------------------------------------------------
[2026-08-30 04:02:21] ACTION=CAPTURE attempted=2 saved=2 failed=0
  Details: Batch finished: 2 saved, 0 failed. Latest: mc-enveng/subj-enen20002 (2926 chars).
  Queue: 57 program(s) prioritised — 0 still to assemble
------------------------------------------------------------
[2026-08-30 04:03:00] ACTION=CAPTURE attempted=2 saved=2 failed=0
  Details: Batch finished: 2 saved, 0 failed. Latest: mc-enveng/subj-enen90038 (2189 chars).
  Queue: 57 program(s) prioritised — 0 still to assemble
------------------------------------------------------------
[2026-08-30 04:03:39] ACTION=CAPTURE attempted=2 saved=2 failed=0
  Details: Batch finished: 2 saved, 0 failed. Latest: mc-enveng/subj-geom90006 (3873 chars).
  Queue: 57 program(s) prioritised — 0 still to assemble
------------------------------------------------------------
[2026-08-30 04:04:18] ACTION=CAPTURE attempted=2 saved=2 failed=0
  Details: Batch finished: 2 saved, 0 failed. Latest: mc-filmtv/subj-fltv90053-assessment (1436 chars).
  Queue: 57 program(s) prioritised — 0 still to assemble
------------------------------------------------------------
[2026-08-30 04:05:05] ACTION=CAPTURE attempted=2 saved=2 failed=0
  Details: Batch finished: 2 saved, 0 failed. Latest: mc-finenh/subj-fnce90048-assessment (822 chars).
  Queue: 57 program(s) prioritised — 0 still to assemble
------------------------------------------------------------
[2026-08-30 04:05:36] ACTION=CAPTURE attempted=2 saved=2 failed=0
  Details: Batch finished: 2 saved, 0 failed. Latest: mc-gcclaw/subj-laws70082 (3518 chars).
  Queue: 57 program(s) prioritised — 0 still to assemble
------------------------------------------------------------
[2026-08-30 04:05:46] ACTION=CAPTURE attempted=2 saved=2 failed=0
  Details: Batch finished: 2 saved, 0 failed. Latest: mc-gcclaw/subj-laws90070 (2895 chars).
  Queue: 57 program(s) prioritised — 0 still to assemble
------------------------------------------------------------
[2026-08-30 04:06:28] ACTION=CAPTURE attempted=2 saved=2 failed=0
  Details: Batch finished: 2 saved, 0 failed. Latest: mc-geosc/subj-evsc90017-assessment (1628 chars).
  Queue: 57 program(s) prioritised — 0 still to assemble
------------------------------------------------------------
[2026-08-30 04:07:10] ACTION=CAPTURE attempted=2 saved=2 failed=0
  Details: Batch finished: 2 saved, 0 failed. Latest: mc-humrlaw/subj-laws70382 (3833 chars).
  Queue: 57 program(s) prioritised — 0 still to assemble
------------------------------------------------------------
[2026-08-30 04:07:50] ACTION=CAPTURE attempted=2 saved=2 failed=0
  Details: Batch finished: 2 saved, 0 failed. Latest: mc-ib/subj-busa90473 (3400 chars).
  Queue: 57 program(s) prioritised — 0 still to assemble
------------------------------------------------------------
[2026-08-30 04:08:07] ACTION=CAPTURE attempted=2 saved=2 failed=0
  Details: Batch finished: 2 saved, 0 failed. Latest: mc-ib/subj-ibus90001 (1957 chars).
  Queue: 57 program(s) prioritised — 0 still to assemble
------------------------------------------------------------
[2026-08-30 04:08:31] ACTION=CAPTURE attempted=2 saved=2 failed=0
  Details: Batch finished: 2 saved, 0 failed. Latest: mc-ib/subj-mktg90024 (2067 chars).
  Queue: 57 program(s) prioritised — 0 still to assemble
------------------------------------------------------------
[2026-08-30 04:09:12] ACTION=CAPTURE attempted=2 saved=2 failed=0
  Details: Batch finished: 2 saved, 0 failed. Latest: mc-larchud/structure (8405 chars).
  Queue: 57 program(s) prioritised — 0 still to assemble
------------------------------------------------------------
[2026-08-30 04:09:51] ACTION=CAPTURE attempted=2 saved=2 failed=0
  Details: Batch finished: 2 saved, 0 failed. Latest: mc-larchud/subj-abpl90086-assessment (2064 chars).
  Queue: 57 program(s) prioritised — 0 still to assemble
------------------------------------------------------------
[2026-08-30 04:10:20] ACTION=CAPTURE attempted=2 saved=2 failed=0
  Details: Batch finished: 2 saved, 0 failed. Latest: mc-larchud/subj-abpl90107-assessment (1066 chars).
  Queue: 57 program(s) prioritised — 0 still to assemble
------------------------------------------------------------
[2026-08-30 04:10:31] ACTION=CAPTURE attempted=2 saved=2 failed=0
  Details: Batch finished: 2 saved, 0 failed. Latest: mc-larchud/subj-abpl90147-assessment (1285 chars).
  Queue: 57 program(s) prioritised — 0 still to assemble
------------------------------------------------------------
[2026-08-30 04:11:12] ACTION=CAPTURE attempted=2 saved=2 failed=0
  Details: Batch finished: 2 saved, 0 failed. Latest: mc-larchud/subj-abpl90153-assessment (880 chars).
  Queue: 57 program(s) prioritised — 0 still to assemble
------------------------------------------------------------
[2026-08-30 04:11:51] ACTION=CAPTURE attempted=2 saved=2 failed=0
  Details: Batch finished: 2 saved, 0 failed. Latest: mc-larchud/subj-abpl90222-assessment (1563 chars).
  Queue: 57 program(s) prioritised — 0 still to assemble
------------------------------------------------------------
[2026-08-30 04:12:28] ACTION=CAPTURE attempted=2 saved=2 failed=0
  Details: Batch finished: 2 saved, 0 failed. Latest: mc-larchud/subj-abpl90271-assessment (900 chars).
  Queue: 57 program(s) prioritised — 0 still to assemble
------------------------------------------------------------
[2026-08-30 04:13:05] ACTION=CAPTURE attempted=2 saved=2 failed=0
  Details: Batch finished: 2 saved, 0 failed. Latest: mc-larchud/subj-abpl90304-assessment (663 chars).
  Queue: 57 program(s) prioritised — 0 still to assemble
------------------------------------------------------------
[2026-08-30 04:13:12] ACTION=CAPTURE attempted=2 saved=2 failed=0
  Details: Batch finished: 2 saved, 0 failed. Latest: mc-larchud/subj-abpl90316-assessment (1152 chars).
  Queue: 57 program(s) prioritised — 0 still to assemble
------------------------------------------------------------
[2026-08-30 04:13:43] ACTION=CAPTURE attempted=2 saved=2 failed=0
  Details: Batch finished: 2 saved, 0 failed. Latest: mc-larchud/subj-abpl90322-assessment (810 chars).
  Queue: 57 program(s) prioritised — 0 still to assemble
------------------------------------------------------------
[2026-08-30 04:14:20] ACTION=CAPTURE attempted=2 saved=2 failed=0
  Details: Batch finished: 2 saved, 0 failed. Latest: mc-larchud/subj-abpl90361-assessment (1417 chars).
  Queue: 57 program(s) prioritised — 0 still to assemble
------------------------------------------------------------
[2026-08-30 04:14:58] ACTION=CAPTURE attempted=2 saved=2 failed=0
  Details: Batch finished: 2 saved, 0 failed. Latest: mc-larchud/subj-hort90033-assessment (944 chars).
  Queue: 57 program(s) prioritised — 0 still to assemble
------------------------------------------------------------
[2026-08-30 04:15:08] ACTION=CAPTURE attempted=2 saved=2 failed=0
  Details: Batch finished: 2 saved, 0 failed. Latest: mc-intjour/course (3123 chars).
  Queue: 57 program(s) prioritised — 0 still to assemble
------------------------------------------------------------
[2026-08-30 04:15:39] ACTION=CAPTURE attempted=2 saved=2 failed=0
  Details: Batch finished: 2 saved, 0 failed. Latest: mc-geog/subj-evsc90014-assessment (1010 chars).
  Queue: 57 program(s) prioritised — 0 still to assemble
------------------------------------------------------------
[2026-08-30 04:16:18] ACTION=CAPTURE attempted=2 saved=2 failed=0
  Details: Batch finished: 2 saved, 0 failed. Latest: mc-geog/subj-geog30021-assessment (1257 chars).
  Queue: 57 program(s) prioritised — 0 still to assemble
------------------------------------------------------------
[2026-08-30 04:16:43] ACTION=CAPTURE attempted=2 saved=2 failed=0
  Details: Batch finished: 2 saved, 0 failed. Latest: mc-geog/subj-geog30027-assessment (1234 chars).
  Queue: 57 program(s) prioritised — 0 still to assemble
------------------------------------------------------------
[2026-08-30 04:16:54] ACTION=CAPTURE attempted=2 saved=2 failed=0
  Details: Batch finished: 2 saved, 0 failed. Latest: mc-geog/subj-geog90022-assessment (1802 chars).
  Queue: 57 program(s) prioritised — 0 still to assemble
------------------------------------------------------------
[2026-08-30 04:17:32] ACTION=CAPTURE attempted=2 saved=2 failed=0
  Details: Batch finished: 2 saved, 0 failed. Latest: mc-commktg/subj-mgmt90197-assessment (920 chars).
  Queue: 57 program(s) prioritised — 0 still to assemble
------------------------------------------------------------
[2026-08-30 04:18:10] ACTION=CAPTURE attempted=2 saved=2 failed=0
  Details: Batch finished: 2 saved, 0 failed. Latest: mc-geog/subj-geog90024-assessment (822 chars).
  Queue: 57 program(s) prioritised — 0 still to assemble
------------------------------------------------------------
[2026-08-30 04:18:42] ACTION=CAPTURE attempted=2 saved=2 failed=0
  Details: Batch finished: 2 saved, 0 failed. Latest: mc-dinfeng/subj-cven30008 (3351 chars).
  Queue: 57 program(s) prioritised — 0 still to assemble
------------------------------------------------------------
[2026-08-30 04:18:56] ACTION=CAPTURE attempted=2 saved=2 failed=0
  Details: Batch finished: 2 saved, 0 failed. Latest: mc-geog/subj-geog90028-assessment (804 chars).
  Queue: 57 program(s) prioritised — 0 still to assemble
------------------------------------------------------------
[2026-08-30 04:19:35] ACTION=CAPTURE attempted=2 saved=2 failed=0
  Details: Batch finished: 2 saved, 0 failed. Latest: mc-dmktg/subj-mktg90045 (3111 chars).
  Queue: 57 program(s) prioritised — 0 still to assemble
------------------------------------------------------------
[2026-08-30 04:20:13] ACTION=CAPTURE attempted=2 saved=2 failed=0
  Details: Batch finished: 2 saved, 0 failed. Latest: mc-geog/subj-geog90029-assessment (932 chars).
  Queue: 57 program(s) prioritised — 0 still to assemble
------------------------------------------------------------
[2026-08-30 04:20:42] ACTION=CAPTURE attempted=2 saved=2 failed=0
  Details: Batch finished: 2 saved, 0 failed. Latest: mc-ensysen/subj-enen90006 (3162 chars).
  Queue: 57 program(s) prioritised — 0 still to assemble
------------------------------------------------------------
[2026-08-30 04:20:51] ACTION=CAPTURE attempted=2 saved=2 failed=0
  Details: Batch finished: 2 saved, 0 failed. Latest: mc-larchup/structure (8995 chars).
  Queue: 57 program(s) prioritised — 0 still to assemble
------------------------------------------------------------
[2026-08-30 04:21:29] ACTION=CAPTURE attempted=2 saved=2 failed=0
  Details: Batch finished: 2 saved, 0 failed. Latest: mc-larchup/subj-abpl90017-assessment (1113 chars).
  Queue: 57 program(s) prioritised — 0 still to assemble
------------------------------------------------------------
[2026-08-30 04:22:07] ACTION=CAPTURE attempted=2 saved=2 failed=0
  Details: Batch finished: 2 saved, 0 failed. Latest: mc-larchup/subj-abpl90022-assessment (942 chars).
  Queue: 57 program(s) prioritised — 0 still to assemble
------------------------------------------------------------
[2026-08-30 04:22:42] ACTION=CAPTURE attempted=2 saved=0 failed=2
  Details: Batch finished: 0 saved, 2 failed.
  Queue: 57 program(s) prioritised — 0 still to assemble
------------------------------------------------------------
[2026-08-30 04:22:44] ACTION=CAPTURE attempted=2 saved=2 failed=0
  Details: Batch finished: 2 saved, 0 failed. Latest: mc-larchup/subj-abpl90048-assessment (1199 chars).
  Queue: 57 program(s) prioritised — 0 still to assemble
------------------------------------------------------------
[2026-08-30 04:23:22] ACTION=CAPTURE attempted=2 saved=2 failed=0
  Details: Batch finished: 2 saved, 0 failed. Latest: mc-larchup/subj-abpl90055-assessment (770 chars).
  Queue: 57 program(s) prioritised — 0 still to assemble
------------------------------------------------------------
[2026-08-30 04:24:06] ACTION=CAPTURE attempted=2 saved=2 failed=0
  Details: Batch finished: 2 saved, 0 failed. Latest: mc-larchup/subj-abpl90056-assessment (761 chars).
  Queue: 57 program(s) prioritised — 0 still to assemble
------------------------------------------------------------
[2026-08-30 04:24:47] ACTION=CAPTURE attempted=2 saved=2 failed=0
  Details: Batch finished: 2 saved, 0 failed. Latest: mc-larchup/subj-abpl90072-assessment (1533 chars).
  Queue: 57 program(s) prioritised — 0 still to assemble
------------------------------------------------------------
[2026-08-30 04:24:47] ACTION=CAPTURE attempted=2 saved=2 failed=0
  Details: Batch finished: 2 saved, 0 failed. Latest: mc-larchup/subj-abpl90065-assessment (804 chars).
  Queue: 57 program(s) prioritised — 0 still to assemble
------------------------------------------------------------
[2026-08-30 04:25:27] ACTION=CAPTURE attempted=2 saved=2 failed=0
  Details: Batch finished: 2 saved, 0 failed. Latest: mc-finenh/subj-fnce90012-assessment (1098 chars).
  Queue: 57 program(s) prioritised — 0 still to assemble
------------------------------------------------------------
[2026-08-30 04:26:06] ACTION=CAPTURE attempted=2 saved=2 failed=0
  Details: Batch finished: 2 saved, 0 failed. Latest: mc-gcclaw/subj-laws90064 (4459 chars).
  Queue: 57 program(s) prioritised — 0 still to assemble
------------------------------------------------------------
[2026-08-30 04:26:45] ACTION=CAPTURE attempted=2 saved=2 failed=0
  Details: Batch finished: 2 saved, 0 failed. Latest: mc-larchup/subj-abpl90074-assessment (777 chars).
  Queue: 57 program(s) prioritised — 0 still to assemble
------------------------------------------------------------
[2026-08-30 04:26:45] ACTION=CAPTURE attempted=2 saved=2 failed=0
  Details: Batch finished: 2 saved, 0 failed. Latest: mc-larchup/subj-abpl90078-assessment (909 chars).
  Queue: 57 program(s) prioritised — 0 still to assemble
------------------------------------------------------------
[2026-08-30 04:27:24] ACTION=CAPTURE attempted=2 saved=2 failed=0
  Details: Batch finished: 2 saved, 0 failed. Latest: mc-larchup/subj-abpl90107-assessment (1066 chars).
  Queue: 57 program(s) prioritised — 0 still to assemble
------------------------------------------------------------
[2026-08-30 04:28:04] ACTION=CAPTURE attempted=2 saved=2 failed=0
  Details: Batch finished: 2 saved, 0 failed. Latest: mc-ib/subj-busa90485 (3442 chars).
  Queue: 57 program(s) prioritised — 0 still to assemble
------------------------------------------------------------
[2026-08-30 04:28:47] ACTION=CAPTURE attempted=2 saved=2 failed=0
  Details: Batch finished: 2 saved, 0 failed. Latest: mc-larchup/subj-abpl90130-assessment (1040 chars).
  Queue: 57 program(s) prioritised — 0 still to assemble
------------------------------------------------------------
[2026-08-30 04:28:47] ACTION=CAPTURE attempted=2 saved=2 failed=0
  Details: Batch finished: 2 saved, 0 failed. Latest: mc-larchup/subj-abpl90132-assessment (879 chars).
  Queue: 57 program(s) prioritised — 0 still to assemble
------------------------------------------------------------
[2026-08-30 04:29:26] ACTION=CAPTURE attempted=2 saved=2 failed=0
  Details: Batch finished: 2 saved, 0 failed. Latest: mc-larchup/subj-abpl90135-assessment (1122 chars).
  Queue: 57 program(s) prioritised — 0 still to assemble
------------------------------------------------------------
[2026-08-30 04:30:06] ACTION=CAPTURE attempted=2 saved=2 failed=0
  Details: Batch finished: 2 saved, 0 failed. Latest: mc-larchup/subj-abpl90170-assessment (1371 chars).
  Queue: 57 program(s) prioritised — 0 still to assemble
------------------------------------------------------------
[2026-08-30 04:30:44] ACTION=CAPTURE attempted=2 saved=2 failed=0
  Details: Batch finished: 2 saved, 0 failed. Latest: mc-larchud/subj-abpl90146-assessment (1198 chars).
  Queue: 57 program(s) prioritised — 0 still to assemble
------------------------------------------------------------
[2026-08-30 04:30:47] ACTION=CAPTURE attempted=2 saved=2 failed=0
  Details: Batch finished: 2 saved, 0 failed. Latest: mc-larchup/subj-abpl90176-assessment (1168 chars).
  Queue: 57 program(s) prioritised — 0 still to assemble
------------------------------------------------------------
[2026-08-30 04:31:27] ACTION=CAPTURE attempted=2 saved=2 failed=0
  Details: Batch finished: 2 saved, 0 failed. Latest: mc-larchup/subj-abpl90246-assessment (1059 chars).
  Queue: 57 program(s) prioritised — 0 still to assemble
------------------------------------------------------------
[2026-08-30 04:32:09] ACTION=CAPTURE attempted=2 saved=2 failed=0
  Details: Batch finished: 2 saved, 0 failed. Latest: mc-larchup/subj-abpl90263-assessment (1232 chars).
  Queue: 57 program(s) prioritised — 0 still to assemble
------------------------------------------------------------
[2026-08-30 04:32:42] ACTION=CAPTURE attempted=2 saved=2 failed=0
  Details: Batch finished: 2 saved, 0 failed. Latest: mc-larchud/subj-abpl90241-assessment (845 chars).
  Queue: 57 program(s) prioritised — 0 still to assemble
------------------------------------------------------------
[2026-08-30 04:32:49] ACTION=CAPTURE attempted=2 saved=2 failed=0
  Details: Batch finished: 2 saved, 0 failed. Latest: mc-larchup/subj-abpl90283-assessment (1204 chars).
  Queue: 57 program(s) prioritised — 0 still to assemble
------------------------------------------------------------
[2026-08-30 04:33:28] ACTION=CAPTURE attempted=2 saved=2 failed=0
  Details: Batch finished: 2 saved, 0 failed. Latest: mc-larchud/subj-abpl90310-assessment (1444 chars).
  Queue: 57 program(s) prioritised — 0 still to assemble
------------------------------------------------------------
[2026-08-30 04:34:05] ACTION=CAPTURE attempted=2 saved=2 failed=0
  Details: Batch finished: 2 saved, 0 failed. Latest: mc-larchup/subj-abpl90315-assessment (979 chars).
  Queue: 57 program(s) prioritised — 0 still to assemble
------------------------------------------------------------
[2026-08-30 04:34:42] ACTION=ERROR attempted=0 saved=0 failed=0
  Reason: Challenge detected: challenge page detected: rew-the-dare-is-thounce
  Queue: BREAKER OPEN — cooling off: 29m left, consecutive block 1, reason 'challenge page detected: rew-the-dare-is-thounce'
------------------------------------------------------------
[2026-08-30 04:34:43] ACTION=CAPTURE attempted=2 saved=2 failed=0
  Details: Batch finished: 2 saved, 0 failed. Latest: mc-larchup/subj-abpl90396-assessment (813 chars).
  Queue: 57 program(s) prioritised — 0 still to assemble
------------------------------------------------------------
[2026-08-30 04:35:20] ACTION=CAPTURE attempted=2 saved=2 failed=0
  Details: Batch finished: 2 saved, 0 failed. Latest: mc-larchud/subj-abpl90368-assessment (1237 chars).
  Queue: 57 program(s) prioritised — 0 still to assemble
------------------------------------------------------------
[2026-08-30 04:35:57] ACTION=CAPTURE attempted=2 saved=2 failed=0
  Details: Batch finished: 2 saved, 0 failed. Latest: mc-li/attributes (3847 chars).
  Queue: 57 program(s) prioritised — 0 still to assemble
------------------------------------------------------------
[2026-08-30 04:36:35] ACTION=CAPTURE attempted=2 saved=2 failed=0
  Details: Batch finished: 2 saved, 0 failed. Latest: mc-mgmtafn/course (2131 chars).
  Queue: 57 program(s) prioritised — 0 still to assemble
------------------------------------------------------------
[2026-08-30 04:36:43] ACTION=CAPTURE attempted=2 saved=2 failed=0
  Details: Batch finished: 2 saved, 0 failed. Latest: mc-li/subj-educ90194-assessment (1221 chars).
  Queue: 57 program(s) prioritised — 0 still to assemble
------------------------------------------------------------
[2026-08-30 04:37:13] ACTION=CAPTURE attempted=2 saved=2 failed=0
  Details: Batch finished: 2 saved, 0 failed. Latest: mc-li/subj-educ90334-assessment (1178 chars).
  Queue: 57 program(s) prioritised — 0 still to assemble
------------------------------------------------------------
[2026-08-30 04:37:50] ACTION=CAPTURE attempted=2 saved=2 failed=0
  Details: Batch finished: 2 saved, 0 failed. Latest: mc-li/subj-educ90335-assessment (1193 chars).
  Queue: 57 program(s) prioritised — 0 still to assemble
------------------------------------------------------------
[2026-08-30 04:38:30] ACTION=CAPTURE attempted=2 saved=2 failed=0
  Details: Batch finished: 2 saved, 0 failed. Latest: mc-li/subj-educ90505-assessment (1210 chars).
  Queue: 57 program(s) prioritised — 0 still to assemble
------------------------------------------------------------
[2026-08-30 04:38:43] ACTION=CAPTURE attempted=2 saved=2 failed=0
  Details: Batch finished: 2 saved, 0 failed. Latest: mc-li/subj-educ90507-assessment (3361 chars).
  Queue: 57 program(s) prioritised — 0 still to assemble
------------------------------------------------------------
[2026-08-30 04:39:08] ACTION=CAPTURE attempted=2 saved=2 failed=0
  Details: Batch finished: 2 saved, 0 failed. Latest: mc-li/subj-educ90845-assessment (1887 chars).
  Queue: 57 program(s) prioritised — 0 still to assemble
------------------------------------------------------------
[2026-08-30 04:39:51] ACTION=CAPTURE attempted=2 saved=2 failed=0
  Details: Batch finished: 2 saved, 0 failed. Latest: mc-li/subj-educ90846-assessment (1761 chars).
  Queue: 57 program(s) prioritised — 0 still to assemble
------------------------------------------------------------
[2026-08-30 04:40:37] ACTION=CAPTURE attempted=2 saved=2 failed=0
  Details: Batch finished: 2 saved, 0 failed. Latest: mc-li/subj-educ91200-assessment (1182 chars).
  Queue: 57 program(s) prioritised — 0 still to assemble
------------------------------------------------------------
[2026-08-30 04:40:44] ACTION=CAPTURE attempted=2 saved=2 failed=0
  Details: Batch finished: 2 saved, 0 failed. Latest: mc-mgmtafn/structure (13042 chars).
  Queue: 57 program(s) prioritised — 0 still to assemble
------------------------------------------------------------
[2026-08-30 04:41:15] ACTION=CAPTURE attempted=2 saved=2 failed=0
  Details: Batch finished: 2 saved, 0 failed. Latest: mc-mgmtafn/subj-acct90009 (2629 chars).
  Queue: 57 program(s) prioritised — 0 still to assemble
------------------------------------------------------------
[2026-08-30 04:41:53] ACTION=CAPTURE attempted=2 saved=2 failed=0
  Details: Batch finished: 2 saved, 0 failed. Latest: mc-mgmtafn/subj-acct90010 (2991 chars).
  Queue: 57 program(s) prioritised — 0 still to assemble
------------------------------------------------------------
[2026-08-30 04:42:32] ACTION=CAPTURE attempted=2 saved=2 failed=0
  Details: Batch finished: 2 saved, 0 failed. Latest: mc-mgmtafn/subj-acct90012 (2153 chars).
  Queue: 57 program(s) prioritised — 0 still to assemble
------------------------------------------------------------
[2026-08-30 04:42:47] ACTION=CAPTURE attempted=2 saved=2 failed=0
  Details: Batch finished: 2 saved, 0 failed. Latest: mc-enveng/subj-cven20001 (1013 chars).
  Queue: 57 program(s) prioritised — 0 still to assemble
------------------------------------------------------------
[2026-08-30 04:43:12] ACTION=CAPTURE attempted=2 saved=2 failed=0
  Details: Batch finished: 2 saved, 0 failed. Latest: mc-mgmtafn/subj-acct90014 (1959 chars).
  Queue: 57 program(s) prioritised — 0 still to assemble
------------------------------------------------------------
[2026-08-30 04:43:52] ACTION=CAPTURE attempted=2 saved=2 failed=0
  Details: Batch finished: 2 saved, 0 failed. Latest: mc-mgmtafn/subj-acct90030 (2285 chars).
  Queue: 57 program(s) prioritised — 0 still to assemble
------------------------------------------------------------
[2026-08-30 04:44:31] ACTION=CAPTURE attempted=2 saved=2 failed=0
  Details: Batch finished: 2 saved, 0 failed. Latest: mc-mgmtafn/subj-acct90033 (3323 chars).
  Queue: 57 program(s) prioritised — 0 still to assemble
------------------------------------------------------------
[2026-08-30 04:44:46] ACTION=CAPTURE attempted=2 saved=2 failed=0
  Details: Batch finished: 2 saved, 0 failed. Latest: mc-filmtv/course (1991 chars).
  Queue: 57 program(s) prioritised — 0 still to assemble
------------------------------------------------------------
[2026-08-30 04:45:11] ACTION=CAPTURE attempted=2 saved=2 failed=0
  Details: Batch finished: 2 saved, 0 failed. Latest: mc-mgmtafn/subj-fnce90011-assessment (779 chars).
  Queue: 57 program(s) prioritised — 0 still to assemble
------------------------------------------------------------
[2026-08-30 04:45:51] ACTION=CAPTURE attempted=2 saved=2 failed=0
  Details: Batch finished: 2 saved, 0 failed. Latest: mc-mgmtafn/subj-fnce90018-assessment (761 chars).
  Queue: 57 program(s) prioritised — 0 still to assemble
------------------------------------------------------------
[2026-08-30 04:46:30] ACTION=CAPTURE attempted=2 saved=2 failed=0
  Details: Batch finished: 2 saved, 0 failed. Latest: mc-mgmtafn/subj-fnce90045-assessment (666 chars).
  Queue: 57 program(s) prioritised — 0 still to assemble
------------------------------------------------------------
[2026-08-30 04:46:45] ACTION=CAPTURE attempted=2 saved=2 failed=0
  Details: Batch finished: 2 saved, 0 failed. Latest: mc-gcclaw/subj-laws90289-assessment (2793 chars).
  Queue: 57 program(s) prioritised — 0 still to assemble
------------------------------------------------------------
[2026-08-30 04:47:08] ACTION=CAPTURE attempted=2 saved=1 failed=1
  Details: Batch finished: 1 saved, 1 failed. Latest: mc-mgmtafn/subj-fnce90056-assessment (774 chars).
  Queue: 57 program(s) prioritised — 0 still to assemble
------------------------------------------------------------
[2026-08-30 04:47:48] ACTION=CAPTURE attempted=2 saved=2 failed=0
  Details: Batch finished: 2 saved, 0 failed. Latest: mc-mgmtafn/subj-fnce90062 (3724 chars).
  Queue: 57 program(s) prioritised — 0 still to assemble
------------------------------------------------------------
[2026-08-30 04:48:27] ACTION=CAPTURE attempted=2 saved=2 failed=0
  Details: Batch finished: 2 saved, 0 failed. Latest: mc-mgmtein/course (2034 chars).
  Queue: 57 program(s) prioritised — 0 still to assemble
------------------------------------------------------------
[2026-08-30 04:48:47] ACTION=CAPTURE attempted=2 saved=2 failed=0
  Details: Batch finished: 2 saved, 0 failed. Latest: mc-ib/subj-mgmt90195-assessment (854 chars).
  Queue: 57 program(s) prioritised — 0 still to assemble
------------------------------------------------------------
[2026-08-30 04:49:07] ACTION=CAPTURE attempted=2 saved=2 failed=0
  Details: Batch finished: 2 saved, 0 failed. Latest: mc-mgmtscm/course (2315 chars).
  Queue: 57 program(s) prioritised — 0 still to assemble
------------------------------------------------------------
[2026-08-30 04:49:47] ACTION=CAPTURE attempted=2 saved=2 failed=0
  Details: Batch finished: 2 saved, 0 failed. Latest: mc-mgmtscm/attributes (2964 chars).
  Queue: 57 program(s) prioritised — 0 still to assemble
------------------------------------------------------------
[2026-08-30 04:50:27] ACTION=CAPTURE attempted=2 saved=2 failed=0
  Details: Batch finished: 2 saved, 0 failed. Latest: mc-mgmtein/comp-mc-mgmtein-entry-2 (4198 chars).
  Queue: 57 program(s) prioritised — 0 still to assemble
------------------------------------------------------------
[2026-08-30 04:50:48] ACTION=CAPTURE attempted=2 saved=2 failed=0
  Details: Batch finished: 2 saved, 0 failed. Latest: mc-larchud/subj-abpl90123-assessment (1090 chars).
  Queue: 57 program(s) prioritised — 0 still to assemble
------------------------------------------------------------
[2026-08-30 04:51:07] ACTION=CAPTURE attempted=2 saved=2 failed=0
  Details: Batch finished: 2 saved, 0 failed. Latest: mc-mgmtein/subj-econ90015-assessment (1027 chars).
  Queue: 57 program(s) prioritised — 0 still to assemble
------------------------------------------------------------
[2026-08-30 04:51:48] ACTION=CAPTURE attempted=2 saved=2 failed=0
  Details: Batch finished: 2 saved, 0 failed. Latest: mc-mgmtein/subj-fnce90089-assessment (757 chars).
  Queue: 57 program(s) prioritised — 0 still to assemble
------------------------------------------------------------
[2026-08-30 04:52:27] ACTION=CAPTURE attempted=2 saved=2 failed=0
  Details: Batch finished: 2 saved, 0 failed. Latest: mc-mgmtein/subj-mgmt90140-assessment (963 chars).
  Queue: 57 program(s) prioritised — 0 still to assemble
------------------------------------------------------------
[2026-08-30 04:53:07] ACTION=CAPTURE attempted=2 saved=2 failed=0
  Details: Batch finished: 2 saved, 0 failed. Latest: mc-mgmtein/subj-mgmt90141-assessment (1666 chars).
  Queue: 57 program(s) prioritised — 0 still to assemble
------------------------------------------------------------
[2026-08-30 04:53:44] ACTION=CAPTURE attempted=2 saved=2 failed=0
  Details: Batch finished: 2 saved, 0 failed. Latest: mc-mgmtein/subj-mgmt90148-assessment (995 chars).
  Queue: 57 program(s) prioritised — 0 still to assemble
------------------------------------------------------------
[2026-08-30 04:53:48] ACTION=CAPTURE attempted=2 saved=2 failed=0
  Details: Batch finished: 2 saved, 0 failed. Latest: mc-mgmtein/subj-mgmt90201-assessment (809 chars).
  Queue: 57 program(s) prioritised — 0 still to assemble
------------------------------------------------------------
[2026-08-30 04:54:28] ACTION=CAPTURE attempted=2 saved=2 failed=0
  Details: Batch finished: 2 saved, 0 failed. Latest: mc-mgmtein/subj-mgmt90225-assessment (1093 chars).
  Queue: 57 program(s) prioritised — 0 still to assemble
------------------------------------------------------------
[2026-08-30 04:55:06] ACTION=CAPTURE attempted=2 saved=2 failed=0
  Details: Batch finished: 2 saved, 0 failed. Latest: mc-larchup/subj-abpl90375-assessment (1056 chars).
  Queue: 57 program(s) prioritised — 0 still to assemble
------------------------------------------------------------
[2026-08-30 04:55:45] ACTION=CAPTURE attempted=2 saved=0 failed=2
  Details: Batch finished: 0 saved, 2 failed.
  Queue: 57 program(s) prioritised — 0 still to assemble
------------------------------------------------------------
[2026-08-30 04:55:47] ACTION=CAPTURE attempted=2 saved=2 failed=0
  Details: Batch finished: 2 saved, 0 failed. Latest: mc-mgmtein/subj-mgmt90228-assessment (974 chars).
  Queue: 57 program(s) prioritised — 0 still to assemble
------------------------------------------------------------
[2026-08-30 04:56:23] ACTION=CAPTURE attempted=2 saved=2 failed=0
  Details: Batch finished: 2 saved, 0 failed. Latest: mc-mgmtein/subj-mgmt90280-assessment (964 chars).
  Queue: 57 program(s) prioritised — 0 still to assemble
------------------------------------------------------------
[2026-08-30 04:57:02] ACTION=CAPTURE attempted=2 saved=2 failed=0
  Details: Batch finished: 2 saved, 0 failed. Latest: mc-geog/subj-geog30022-assessment (1184 chars).
  Queue: 57 program(s) prioritised — 0 still to assemble
------------------------------------------------------------
[2026-08-30 04:57:39] ACTION=CAPTURE attempted=2 saved=2 failed=0
  Details: Batch finished: 2 saved, 0 failed. Latest: mc-mgmtein/subj-mktg90002-assessment (953 chars).
  Queue: 57 program(s) prioritised — 0 still to assemble
------------------------------------------------------------
[2026-08-30 04:57:46] ACTION=CAPTURE attempted=2 saved=2 failed=0
  Details: Batch finished: 2 saved, 0 failed. Latest: mc-comeco/subj-econ90003 (2284 chars).
  Queue: 57 program(s) prioritised — 0 still to assemble
------------------------------------------------------------
[2026-08-30 04:58:17] ACTION=CAPTURE attempted=2 saved=2 failed=0
  Details: Batch finished: 2 saved, 0 failed. Latest: mc-mled/structure (8827 chars).
  Queue: 57 program(s) prioritised — 0 still to assemble
------------------------------------------------------------
[2026-08-30 04:58:54] ACTION=CAPTURE attempted=2 saved=2 failed=0
  Details: Batch finished: 2 saved, 0 failed. Latest: mc-cybscmo/subj-isys90129-assessment (551 chars).
  Queue: 57 program(s) prioritised — 0 still to assemble
------------------------------------------------------------
[2026-08-30 04:59:32] ACTION=CAPTURE attempted=2 saved=2 failed=0
  Details: Batch finished: 2 saved, 0 failed. Latest: mc-mled/comp-mcmled-stream-1 (10693 chars).
  Queue: 57 program(s) prioritised — 0 still to assemble
------------------------------------------------------------
[2026-08-30 04:59:45] ACTION=CAPTURE attempted=2 saved=2 failed=0
  Details: Batch finished: 2 saved, 0 failed. Latest: mc-mled/subj-educ90109-assessment (2422 chars).
  Queue: 57 program(s) prioritised — 0 still to assemble
------------------------------------------------------------
[2026-08-30 05:00:10] ACTION=CAPTURE attempted=2 saved=2 failed=0
  Details: Batch finished: 2 saved, 0 failed. Latest: mc-mled/subj-educ90481-assessment (994 chars).
  Queue: 57 program(s) prioritised — 0 still to assemble
------------------------------------------------------------
[2026-08-30 05:00:48] ACTION=CAPTURE attempted=2 saved=2 failed=0
  Details: Batch finished: 2 saved, 0 failed. Latest: mc-ensysen/subj-cven90027 (3230 chars).
  Queue: 57 program(s) prioritised — 0 still to assemble
------------------------------------------------------------
[2026-08-30 05:01:27] ACTION=CAPTURE attempted=2 saved=2 failed=0
  Details: Batch finished: 2 saved, 0 failed. Latest: mc-mled/subj-educ90929-assessment (2271 chars).
  Queue: 57 program(s) prioritised — 0 still to assemble
------------------------------------------------------------
[2026-08-30 05:01:49] ACTION=CAPTURE attempted=2 saved=1 failed=1
  Details: Batch finished: 1 saved, 1 failed. Latest: mc-mled/subj-educ91029-assessment (1751 chars).
  Queue: 57 program(s) prioritised — 0 still to assemble
------------------------------------------------------------
[2026-08-30 05:02:12] ACTION=CAPTURE attempted=2 saved=1 failed=1
  Details: Batch finished: 1 saved, 1 failed. Latest: mc-mled/subj-educ91314-assessment (1303 chars).
  Queue: 57 program(s) prioritised — 0 still to assemble
------------------------------------------------------------
[2026-08-30 05:02:50] ACTION=CAPTURE attempted=2 saved=2 failed=0
  Details: Batch finished: 2 saved, 0 failed. Latest: mc-ensysen/subj-geom90006-assessment (2911 chars).
  Queue: 57 program(s) prioritised — 0 still to assemble
------------------------------------------------------------
[2026-08-30 05:03:30] ACTION=CAPTURE attempted=2 saved=2 failed=0
  Details: Batch finished: 2 saved, 0 failed. Latest: mc-mled/subj-educ91315 (1579 chars).
  Queue: 57 program(s) prioritised — 0 still to assemble
------------------------------------------------------------
[2026-08-30 05:04:10] ACTION=CAPTURE attempted=2 saved=2 failed=0
  Details: Batch finished: 2 saved, 0 failed. Latest: mc-mled/subj-educ91316 (2359 chars).
  Queue: 57 program(s) prioritised — 0 still to assemble
------------------------------------------------------------
[2026-08-30 05:04:48] ACTION=CAPTURE attempted=2 saved=2 failed=0
  Details: Batch finished: 2 saved, 0 failed. Latest: mc-enveng/subj-mast20031 (2561 chars).
  Queue: 57 program(s) prioritised — 0 still to assemble
------------------------------------------------------------
[2026-08-30 05:04:48] ACTION=CAPTURE attempted=2 saved=2 failed=0
  Details: Batch finished: 2 saved, 0 failed. Latest: mc-mled/subj-educ91318 (2292 chars).
  Queue: 57 program(s) prioritised — 0 still to assemble
------------------------------------------------------------
[2026-08-30 05:06:50] ACTION=CAPTURE attempted=2 saved=2 failed=0
  Details: Batch finished: 2 saved, 0 failed. Latest: mc-finenh/subj-fnce90081-assessment (1428 chars).
  Queue: 57 program(s) prioritised — 0 still to assemble
------------------------------------------------------------
[2026-08-30 05:08:51] ACTION=CAPTURE attempted=2 saved=2 failed=0
  Details: Batch finished: 2 saved, 0 failed. Latest: mc-gcclaw/subj-laws90111-assessment (999 chars).
  Queue: 57 program(s) prioritised — 0 still to assemble
------------------------------------------------------------
[2026-08-30 05:11:47] ACTION=CAPTURE attempted=2 saved=2 failed=0
  Details: Batch finished: 2 saved, 0 failed. Latest: mc-humrlaw/subj-laws90242 (3178 chars).
  Queue: 57 program(s) prioritised — 0 still to assemble
------------------------------------------------------------
[2026-08-30 05:14:48] ACTION=CAPTURE attempted=2 saved=2 failed=0
  Details: Batch finished: 2 saved, 0 failed. Latest: mc-ib/subj-mgmt90038-assessment (984 chars).
  Queue: 57 program(s) prioritised — 0 still to assemble
------------------------------------------------------------
[2026-08-30 05:16:53] ACTION=CAPTURE attempted=2 saved=2 failed=0
  Details: Batch finished: 2 saved, 0 failed. Latest: mc-geog/subj-enst90005-assessment (957 chars).
  Queue: 57 program(s) prioritised — 0 still to assemble
------------------------------------------------------------
[2026-08-30 05:18:47] ACTION=CAPTURE attempted=2 saved=2 failed=0
  Details: Batch finished: 2 saved, 0 failed. Latest: mc-geog/subj-evsc90015-assessment (918 chars).
  Queue: 57 program(s) prioritised — 0 still to assemble
------------------------------------------------------------
[2026-08-30 05:20:47] ACTION=CAPTURE attempted=2 saved=2 failed=0
  Details: Batch finished: 2 saved, 0 failed. Latest: mc-contcs/subj-ints90007 (1829 chars).
  Queue: 57 program(s) prioritised — 0 still to assemble
------------------------------------------------------------
[2026-08-30 05:22:48] ACTION=CAPTURE attempted=2 saved=2 failed=0
  Details: Batch finished: 2 saved, 0 failed. Latest: mc-dmktg/subj-mktg90033 (2373 chars).
  Queue: 57 program(s) prioritised — 0 still to assemble
------------------------------------------------------------
[2026-08-30 05:24:47] ACTION=CAPTURE attempted=2 saved=2 failed=0
  Details: Batch finished: 2 saved, 0 failed. Latest: mc-enrslaw/subj-laws70121-assessment (1082 chars).
  Queue: 57 program(s) prioritised — 0 still to assemble
------------------------------------------------------------
[2026-08-30 05:26:48] ACTION=CAPTURE attempted=2 saved=2 failed=0
  Details: Batch finished: 2 saved, 0 failed. Latest: mc-ensysen/subj-enen90028 (2898 chars).
  Queue: 57 program(s) prioritised — 0 still to assemble
------------------------------------------------------------
[2026-08-30 05:28:50] ACTION=CAPTURE attempted=2 saved=2 failed=0
  Details: Batch finished: 2 saved, 0 failed. Latest: mc-ensysen/subj-enen90038 (2189 chars).
  Queue: 57 program(s) prioritised — 0 still to assemble
------------------------------------------------------------
[2026-08-30 05:30:51] ACTION=CAPTURE attempted=2 saved=2 failed=0
  Details: Batch finished: 2 saved, 0 failed. Latest: mc-enveng/subj-enen30003 (3001 chars).
  Queue: 57 program(s) prioritised — 0 still to assemble
------------------------------------------------------------
[2026-08-30 05:32:52] ACTION=CAPTURE attempted=2 saved=2 failed=0
  Details: Batch finished: 2 saved, 0 failed. Latest: mc-enveng/subj-engr30002-assessment (1165 chars).
  Queue: 57 program(s) prioritised — 0 still to assemble
------------------------------------------------------------
[2026-08-30 05:34:49] ACTION=CAPTURE attempted=2 saved=2 failed=0
  Details: Batch finished: 2 saved, 0 failed. Latest: mc-gcclaw/subj-laws70082-assessment (1452 chars).
  Queue: 57 program(s) prioritised — 0 still to assemble
------------------------------------------------------------
[2026-08-30 05:36:50] ACTION=CAPTURE attempted=2 saved=2 failed=0
  Details: Batch finished: 2 saved, 0 failed. Latest: mc-geog/attributes (3437 chars).
  Queue: 57 program(s) prioritised — 0 still to assemble
------------------------------------------------------------
[2026-08-30 05:38:51] ACTION=CAPTURE attempted=2 saved=2 failed=0
  Details: Batch finished: 2 saved, 0 failed. Latest: mc-geog/subj-geog90018 (2690 chars).
  Queue: 57 program(s) prioritised — 0 still to assemble
------------------------------------------------------------
[2026-08-30 05:40:49] ACTION=CAPTURE attempted=2 saved=2 failed=0
  Details: Batch finished: 2 saved, 0 failed. Latest: mc-geog/subj-geog90026 (3519 chars).
  Queue: 57 program(s) prioritised — 0 still to assemble
------------------------------------------------------------
[2026-08-30 05:42:50] ACTION=CAPTURE attempted=2 saved=2 failed=0
  Details: Batch finished: 2 saved, 0 failed. Latest: mc-geog/subj-geog90027 (4247 chars).
  Queue: 57 program(s) prioritised — 0 still to assemble
------------------------------------------------------------
[2026-08-30 05:44:52] ACTION=CAPTURE attempted=2 saved=2 failed=0
  Details: Batch finished: 2 saved, 0 failed. Latest: mc-geosc/subj-geog30001-assessment (732 chars).
  Queue: 57 program(s) prioritised — 0 still to assemble
------------------------------------------------------------
[2026-08-30 05:47:08] ACTION=CAPTURE attempted=2 saved=2 failed=0
  Details: Batch finished: 2 saved, 0 failed. Latest: mc-hrmmo/specialisations (722 chars).
  Queue: 57 program(s) prioritised — 0 still to assemble
------------------------------------------------------------
[2026-08-30 05:48:50] ACTION=CAPTURE attempted=2 saved=2 failed=0
  Details: Batch finished: 2 saved, 0 failed. Latest: mc-hrmmo/comp-mc-hrmmo-entry-2 (1637 chars).
  Queue: 57 program(s) prioritised — 0 still to assemble
------------------------------------------------------------
[2026-08-30 05:50:52] ACTION=CAPTURE attempted=2 saved=2 failed=0
  Details: Batch finished: 2 saved, 0 failed. Latest: mc-hrmmo/subj-mgmt90307-assessment (859 chars).
  Queue: 57 program(s) prioritised — 0 still to assemble
------------------------------------------------------------
[2026-08-30 05:52:52] ACTION=CAPTURE attempted=2 saved=2 failed=0
  Details: Batch finished: 2 saved, 0 failed. Latest: mc-hrmmo/subj-mgmt90308-assessment (745 chars).
  Queue: 57 program(s) prioritised — 0 still to assemble
------------------------------------------------------------
[2026-08-30 05:54:53] ACTION=CAPTURE attempted=2 saved=2 failed=0
  Details: Batch finished: 2 saved, 0 failed. Latest: mc-hrmmo/subj-mgmt90310-assessment (739 chars).
  Queue: 57 program(s) prioritised — 0 still to assemble
------------------------------------------------------------
[2026-08-30 05:58:01] ACTION=ERROR attempted=0 saved=0 failed=0
  Reason: Challenge detected: challenge page detected: rew-the-dare-is-thounce
  Queue: BREAKER OPEN — cooling off: 29m left, consecutive block 1, reason 'challenge page detected: rew-the-dare-is-thounce'
------------------------------------------------------------
[2026-08-30 06:28:40] ACTION=CAPTURE attempted=2 saved=2 failed=0
  Details: Batch finished: 2 saved, 0 failed. Latest: mc-dmktg/subj-mktg90006 (2207 chars).
  Queue: 57 program(s) prioritised — 0 still to assemble
------------------------------------------------------------
[2026-08-30 06:28:54] ACTION=ERROR attempted=0 saved=0 failed=0
  Reason: Challenge detected: challenge page detected: rew-the-dare-is-thounce
  Queue: BREAKER OPEN — cooling off: 29m left, consecutive block 1, reason 'challenge page detected: rew-the-dare-is-thounce'
------------------------------------------------------------
[2026-08-30 06:29:20] ACTION=CAPTURE attempted=2 saved=2 failed=0
  Details: Batch finished: 2 saved, 0 failed. Latest: mc-enveng/subj-enen90040 (2230 chars).
  Queue: 57 program(s) prioritised — 0 still to assemble
------------------------------------------------------------
[2026-08-30 06:30:00] ACTION=CAPTURE attempted=2 saved=2 failed=0
  Details: Batch finished: 2 saved, 0 failed. Latest: mc-edebt/subj-educ90945-assessment (861 chars).
  Queue: 57 program(s) prioritised — 0 still to assemble
------------------------------------------------------------
[2026-08-30 06:30:41] ACTION=CAPTURE attempted=2 saved=2 failed=0
  Details: Batch finished: 2 saved, 0 failed. Latest: mc-enveng/subj-mast20031 (2561 chars).
  Queue: 57 program(s) prioritised — 0 still to assemble
------------------------------------------------------------
[2026-08-30 06:30:56] ACTION=CAPTURE attempted=2 saved=2 failed=0
  Details: Batch finished: 2 saved, 0 failed. Latest: mc-hrmmo/subj-mgmt90311 (2572 chars).
  Queue: 57 program(s) prioritised — 0 still to assemble
------------------------------------------------------------
[2026-08-30 06:31:18] ACTION=CAPTURE attempted=2 saved=2 failed=0
  Details: Batch finished: 2 saved, 0 failed. Latest: mc-hrmmo/subj-mgmt90314 (2100 chars).
  Queue: 57 program(s) prioritised — 0 still to assemble
------------------------------------------------------------
[2026-08-30 06:31:56] ACTION=CAPTURE attempted=2 saved=2 failed=0
  Details: Batch finished: 2 saved, 0 failed. Latest: mc-hrmmo/subj-mgmt90317 (3208 chars).
  Queue: 57 program(s) prioritised — 0 still to assemble
------------------------------------------------------------
[2026-08-30 06:32:34] ACTION=CAPTURE attempted=2 saved=2 failed=0
  Details: Batch finished: 2 saved, 0 failed. Latest: mc-hrmmo/subj-mgmt90320 (2889 chars).
  Queue: 57 program(s) prioritised — 0 still to assemble
------------------------------------------------------------
[2026-08-30 06:33:05] ACTION=CAPTURE attempted=2 saved=2 failed=0
  Details: Batch finished: 2 saved, 0 failed. Latest: mc-ibl/specialisations (602 chars).
  Queue: 57 program(s) prioritised — 0 still to assemble
------------------------------------------------------------
[2026-08-30 06:33:11] ACTION=CAPTURE attempted=2 saved=2 failed=0
  Details: Batch finished: 2 saved, 0 failed. Latest: mc-larchud/subj-abpl90075-assessment (836 chars).
  Queue: 57 program(s) prioritised — 0 still to assemble
------------------------------------------------------------
[2026-08-30 06:33:48] ACTION=CAPTURE attempted=2 saved=2 failed=0
  Details: Batch finished: 2 saved, 0 failed. Latest: mc-larchud/subj-abpl90149-assessment (1016 chars).
  Queue: 57 program(s) prioritised — 0 still to assemble
------------------------------------------------------------
[2026-08-30 06:34:26] ACTION=CAPTURE attempted=2 saved=2 failed=0
  Details: Batch finished: 2 saved, 0 failed. Latest: mc-larchud/subj-abpl90176-assessment (1168 chars).
  Queue: 57 program(s) prioritised — 0 still to assemble
------------------------------------------------------------
[2026-08-30 06:34:56] ACTION=CAPTURE attempted=2 saved=2 failed=0
  Details: Batch finished: 2 saved, 0 failed. Latest: mc-larchud/subj-abpl90282-assessment (1400 chars).
  Queue: 57 program(s) prioritised — 0 still to assemble
------------------------------------------------------------
[2026-08-30 06:35:04] ACTION=CAPTURE attempted=2 saved=2 failed=0
  Details: Batch finished: 2 saved, 0 failed. Latest: mc-larchud/subj-abpl90321-assessment (912 chars).
  Queue: 57 program(s) prioritised — 0 still to assemble
------------------------------------------------------------
[2026-08-30 06:35:42] ACTION=CAPTURE attempted=2 saved=2 failed=0
  Details: Batch finished: 2 saved, 0 failed. Latest: mc-larchud/subj-abpl90367-assessment (784 chars).
  Queue: 57 program(s) prioritised — 0 still to assemble
------------------------------------------------------------
[2026-08-30 06:36:19] ACTION=CAPTURE attempted=2 saved=2 failed=0
  Details: Batch finished: 2 saved, 0 failed. Latest: mc-larchup/subj-abpl90072-assessment (1533 chars).
  Queue: 57 program(s) prioritised — 0 still to assemble
------------------------------------------------------------
[2026-08-30 06:36:56] ACTION=ERROR attempted=0 saved=0 failed=0
  Reason: Challenge detected: challenge page detected: rew-the-dare-is-thounce
  Queue: BREAKER OPEN — cooling off: 29m left, consecutive block 1, reason 'challenge page detected: rew-the-dare-is-thounce'
------------------------------------------------------------
[2026-08-30 06:36:57] ACTION=CAPTURE attempted=2 saved=2 failed=0
  Details: Batch finished: 2 saved, 0 failed. Latest: mc-larchup/subj-abpl90397-assessment (2451 chars).
  Queue: 57 program(s) prioritised — 0 still to assemble
------------------------------------------------------------
[2026-08-30 06:37:35] ACTION=CAPTURE attempted=2 saved=2 failed=0
  Details: Batch finished: 2 saved, 0 failed. Latest: mc-mgmtafn/subj-fnce90016 (2242 chars).
  Queue: 57 program(s) prioritised — 0 still to assemble
------------------------------------------------------------
[2026-08-30 06:38:13] ACTION=CAPTURE attempted=2 saved=2 failed=0
  Details: Batch finished: 2 saved, 0 failed. Latest: mc-mgmtein/subj-busa90529 (4159 chars).
  Queue: 57 program(s) prioritised — 0 still to assemble
------------------------------------------------------------
[2026-08-30 06:38:50] ACTION=CAPTURE attempted=2 saved=2 failed=0
  Details: Batch finished: 2 saved, 0 failed. Latest: mc-mgmtein/subj-mgmt90227 (2756 chars).
  Queue: 57 program(s) prioritised — 0 still to assemble
------------------------------------------------------------
[2026-08-30 06:38:56] ACTION=CAPTURE attempted=2 saved=2 failed=0
  Details: Batch finished: 2 saved, 0 failed. Latest: mc-mgmtein/subj-mktg90037 (3330 chars).
  Queue: 57 program(s) prioritised — 0 still to assemble
------------------------------------------------------------
[2026-08-30 06:39:32] ACTION=CAPTURE attempted=2 saved=2 failed=0
  Details: Batch finished: 2 saved, 0 failed. Latest: mc-mled/subj-educ90930 (2393 chars).
  Queue: 57 program(s) prioritised — 0 still to assemble
------------------------------------------------------------
[2026-08-30 06:40:10] ACTION=CAPTURE attempted=2 saved=2 failed=0
  Details: Batch finished: 2 saved, 0 failed. Latest: mc-mled/subj-educ91318-assessment (1298 chars).
  Queue: 57 program(s) prioritised — 0 still to assemble
------------------------------------------------------------
[2026-08-30 06:40:48] ACTION=CAPTURE attempted=2 saved=2 failed=0
  Details: Batch finished: 2 saved, 0 failed. Latest: mc-mled/subj-educ91321-assessment (1194 chars).
  Queue: 57 program(s) prioritised — 0 still to assemble
------------------------------------------------------------
[2026-08-30 06:40:57] ACTION=CAPTURE attempted=2 saved=1 failed=1
  Details: Batch finished: 1 saved, 1 failed. Latest: mc-mti/course (2055 chars).
  Queue: 57 program(s) prioritised — 0 still to assemble
------------------------------------------------------------
[2026-08-30 06:41:25] ACTION=CAPTURE attempted=2 saved=2 failed=0
  Details: Batch finished: 2 saved, 0 failed. Latest: mc-musop/attributes (4499 chars).
  Queue: 57 program(s) prioritised — 0 still to assemble
------------------------------------------------------------
[2026-08-30 06:42:04] ACTION=CAPTURE attempted=2 saved=2 failed=0
  Details: Batch finished: 2 saved, 0 failed. Latest: mc-muspt/attributes (6096 chars).
  Queue: 57 program(s) prioritised — 0 still to assemble
------------------------------------------------------------
[2026-08-30 06:42:42] ACTION=CAPTURE attempted=2 saved=2 failed=0
  Details: Batch finished: 2 saved, 0 failed. Latest: mc-phtypae/attributes (6544 chars).
  Queue: 57 program(s) prioritised — 0 still to assemble
------------------------------------------------------------
[2026-08-30 06:42:58] ACTION=CAPTURE attempted=2 saved=2 failed=0
  Details: Batch finished: 2 saved, 0 failed. Latest: mc-privlaw/structure (4748 chars).
  Queue: 57 program(s) prioritised — 0 still to assemble
------------------------------------------------------------
[2026-08-30 06:43:21] ACTION=CAPTURE attempted=2 saved=1 failed=1
  Details: Batch finished: 1 saved, 1 failed. Latest: mc-psyched/structure (3890 chars).
  Queue: 57 program(s) prioritised — 0 still to assemble
------------------------------------------------------------
[2026-08-30 06:44:02] ACTION=CAPTURE attempted=2 saved=2 failed=0
  Details: Batch finished: 2 saved, 0 failed. Latest: mc-psyched/subj-educ90218 (3371 chars).
  Queue: 57 program(s) prioritised — 0 still to assemble
------------------------------------------------------------
[2026-08-30 06:44:46] ACTION=CAPTURE attempted=2 saved=2 failed=0
  Details: Batch finished: 2 saved, 0 failed. Latest: mc-psyched/subj-educ90221 (2315 chars).
  Queue: 57 program(s) prioritised — 0 still to assemble
------------------------------------------------------------
[2026-08-30 06:44:59] ACTION=CAPTURE attempted=2 saved=2 failed=0
  Details: Batch finished: 2 saved, 0 failed. Latest: mc-psyched/subj-educ90223 (2688 chars).
  Queue: 57 program(s) prioritised — 0 still to assemble
------------------------------------------------------------
[2026-08-30 06:45:24] ACTION=CAPTURE attempted=2 saved=2 failed=0
  Details: Batch finished: 2 saved, 0 failed. Latest: mc-psyched/subj-educ90226 (2145 chars).
  Queue: 57 program(s) prioritised — 0 still to assemble
------------------------------------------------------------
[2026-08-30 06:46:04] ACTION=CAPTURE attempted=2 saved=2 failed=0
  Details: Batch finished: 2 saved, 0 failed. Latest: mc-psyched/subj-educ90229 (3227 chars).
  Queue: 57 program(s) prioritised — 0 still to assemble
------------------------------------------------------------
[2026-08-30 06:46:44] ACTION=CAPTURE attempted=2 saved=2 failed=0
  Details: Batch finished: 2 saved, 0 failed. Latest: mc-scimat/attributes (1800 chars).
  Queue: 57 program(s) prioritised — 0 still to assemble
------------------------------------------------------------
[2026-08-30 06:46:57] ACTION=CAPTURE attempted=2 saved=2 failed=0
  Details: Batch finished: 2 saved, 0 failed. Latest: mc-scl/structure (7785 chars).
  Queue: 57 program(s) prioritised — 0 still to assemble
------------------------------------------------------------
[2026-08-30 06:47:23] ACTION=CAPTURE attempted=2 saved=2 failed=0
  Details: Batch finished: 2 saved, 0 failed. Latest: mc-spmed/structure (3195 chars).
  Queue: 57 program(s) prioritised — 0 still to assemble
------------------------------------------------------------
[2026-08-30 06:48:02] ACTION=CAPTURE attempted=2 saved=2 failed=0
  Details: Batch finished: 2 saved, 0 failed. Latest: mc-spmed/subj-medi90089 (4213 chars).
  Queue: 57 program(s) prioritised — 0 still to assemble
------------------------------------------------------------
[2026-08-30 06:48:42] ACTION=CAPTURE attempted=2 saved=2 failed=0
  Details: Batch finished: 2 saved, 0 failed. Latest: mc-spmed/subj-radi90024 (3436 chars).
  Queue: 57 program(s) prioritised — 0 still to assemble
------------------------------------------------------------
[2026-08-30 06:49:22] ACTION=CAPTURE attempted=2 saved=2 failed=0
  Details: Batch finished: 2 saved, 0 failed. Latest: mc-spmed/subj-rehb90003 (7526 chars).
  Queue: 57 program(s) prioritised — 0 still to assemble
------------------------------------------------------------
[2026-08-30 06:49:59] ACTION=CAPTURE attempted=2 saved=2 failed=0
  Details: Batch finished: 2 saved, 0 failed. Latest: mc-spmed/subj-rehb90006 (5190 chars).
  Queue: 57 program(s) prioritised — 0 still to assemble
------------------------------------------------------------
[2026-08-30 06:50:02] ACTION=CAPTURE attempted=2 saved=2 failed=0
  Details: Batch finished: 2 saved, 0 failed. Latest: mc-spmed/subj-rehb90007 (5633 chars).
  Queue: 57 program(s) prioritised — 0 still to assemble
------------------------------------------------------------
[2026-08-30 06:50:43] ACTION=CAPTURE attempted=2 saved=2 failed=0
  Details: Batch finished: 2 saved, 0 failed. Latest: mc-spmed/subj-rehb90009 (5104 chars).
  Queue: 57 program(s) prioritised — 0 still to assemble
------------------------------------------------------------
[2026-08-30 06:51:22] ACTION=CAPTURE attempted=2 saved=2 failed=0
  Details: Batch finished: 2 saved, 0 failed. Latest: mc-hrmmo/subj-mgmt90313 (2603 chars).
  Queue: 57 program(s) prioritised — 0 still to assemble
------------------------------------------------------------
[2026-08-30 06:51:59] ACTION=CAPTURE attempted=2 saved=2 failed=0
  Details: Batch finished: 2 saved, 0 failed. Latest: mc-spmed/subj-smed90001 (4790 chars).
  Queue: 57 program(s) prioritised — 0 still to assemble
------------------------------------------------------------
[2026-08-30 06:51:59] ACTION=CAPTURE attempted=2 saved=2 failed=0
  Details: Batch finished: 2 saved, 0 failed. Latest: mc-spmed/subj-smed90002 (4893 chars).
  Queue: 57 program(s) prioritised — 0 still to assemble
------------------------------------------------------------
[2026-08-30 06:52:37] ACTION=CAPTURE attempted=2 saved=2 failed=0
  Details: Batch finished: 2 saved, 0 failed. Latest: mc-tchecp/course (2715 chars).
  Queue: 57 program(s) prioritised — 0 still to assemble
------------------------------------------------------------
[2026-08-30 06:53:15] ACTION=CAPTURE attempted=2 saved=2 failed=0
  Details: Batch finished: 2 saved, 0 failed. Latest: mc-larch/comp-mc-larch-entry-2 (5165 chars).
  Queue: 57 program(s) prioritised — 0 still to assemble
------------------------------------------------------------
[2026-08-30 06:53:51] ACTION=CAPTURE attempted=2 saved=2 failed=0
  Details: Batch finished: 2 saved, 0 failed. Latest: mc-larch/subj-abpl90074-assessment (909 chars).
  Queue: 57 program(s) prioritised — 0 still to assemble
------------------------------------------------------------
[2026-08-30 06:53:57] ACTION=CAPTURE attempted=2 saved=2 failed=0
  Details: Batch finished: 2 saved, 0 failed. Latest: mc-larch/subj-abpl90078-assessment (777 chars).
  Queue: 57 program(s) prioritised — 0 still to assemble
------------------------------------------------------------
[2026-08-30 06:54:29] ACTION=CAPTURE attempted=2 saved=2 failed=0
  Details: Batch finished: 2 saved, 0 failed. Latest: mc-larch/subj-abpl90173-assessment (1084 chars).
  Queue: 57 program(s) prioritised — 0 still to assemble
------------------------------------------------------------
[2026-08-30 06:55:10] ACTION=CAPTURE attempted=2 saved=2 failed=0
  Details: Batch finished: 2 saved, 0 failed. Latest: mc-larch/subj-abpl90319-assessment (824 chars).
  Queue: 57 program(s) prioritised — 0 still to assemble
------------------------------------------------------------
[2026-08-30 06:55:48] ACTION=CAPTURE attempted=2 saved=2 failed=0
  Details: Batch finished: 2 saved, 0 failed. Latest: mc-larch/subj-abpl90430-assessment (1550 chars).
  Queue: 57 program(s) prioritised — 0 still to assemble
------------------------------------------------------------
[2026-08-30 06:56:00] ACTION=CAPTURE attempted=2 saved=2 failed=0
  Details: Batch finished: 2 saved, 0 failed. Latest: mc-larch/subj-evsc90023-assessment (1056 chars).
  Queue: 57 program(s) prioritised — 0 still to assemble
------------------------------------------------------------
[2026-08-30 06:56:26] ACTION=CAPTURE attempted=2 saved=2 failed=0
  Details: Batch finished: 2 saved, 0 failed. Latest: mc-larchud/subj-abpl90152-assessment (919 chars).
  Queue: 57 program(s) prioritised — 0 still to assemble
------------------------------------------------------------
[2026-08-30 06:57:04] ACTION=CAPTURE attempted=2 saved=2 failed=0
  Details: Batch finished: 2 saved, 0 failed. Latest: mc-larchud/subj-abpl90283-assessment (1204 chars).
  Queue: 57 program(s) prioritised — 0 still to assemble
------------------------------------------------------------
[2026-08-30 06:57:41] ACTION=CAPTURE attempted=2 saved=2 failed=0
  Details: Batch finished: 2 saved, 0 failed. Latest: mc-larchud/subj-abpl90355-assessment (905 chars).
  Queue: 57 program(s) prioritised — 0 still to assemble
------------------------------------------------------------
[2026-08-30 06:57:58] ACTION=CAPTURE attempted=2 saved=2 failed=0
  Details: Batch finished: 2 saved, 0 failed. Latest: mc-larchup/subj-abpl90064 (4298 chars).
  Queue: 57 program(s) prioritised — 0 still to assemble
------------------------------------------------------------
[2026-08-30 06:58:27] ACTION=CAPTURE attempted=2 saved=2 failed=0
  Details: Batch finished: 2 saved, 0 failed. Latest: mc-larchup/subj-abpl90172-assessment (876 chars).
  Queue: 57 program(s) prioritised — 0 still to assemble
------------------------------------------------------------
[2026-08-30 06:59:05] ACTION=CAPTURE attempted=2 saved=2 failed=0
  Details: Batch finished: 2 saved, 0 failed. Latest: mc-mgmtafn/subj-acct90012-assessment (1176 chars).
  Queue: 57 program(s) prioritised — 0 still to assemble
------------------------------------------------------------
[2026-08-30 06:59:43] ACTION=CAPTURE attempted=2 saved=2 failed=0
  Details: Batch finished: 2 saved, 0 failed. Latest: mc-mgmtein/subj-mgmt90030-assessment (826 chars).
  Queue: 57 program(s) prioritised — 0 still to assemble
------------------------------------------------------------
[2026-08-30 06:59:59] ACTION=CAPTURE attempted=2 saved=2 failed=0
  Details: Batch finished: 2 saved, 0 failed. Latest: mc-mgmtein/subj-mktg90037-assessment (1053 chars).
  Queue: 57 program(s) prioritised — 0 still to assemble
------------------------------------------------------------
[2026-08-30 07:00:21] ACTION=CAPTURE attempted=2 saved=2 failed=0
  Details: Batch finished: 2 saved, 0 failed. Latest: mc-mled/subj-educ91314 (1751 chars).
  Queue: 57 program(s) prioritised — 0 still to assemble
------------------------------------------------------------
[2026-08-30 07:01:00] ACTION=CAPTURE attempted=2 saved=2 failed=0
  Details: Batch finished: 2 saved, 0 failed. Latest: mc-mled/subj-educ91322 (2660 chars).
  Queue: 57 program(s) prioritised — 0 still to assemble
------------------------------------------------------------
[2026-08-30 07:01:40] ACTION=CAPTURE attempted=2 saved=2 failed=0
  Details: Batch finished: 2 saved, 0 failed. Latest: mc-mtrneng/course (3709 chars).
  Queue: 57 program(s) prioritised — 0 still to assemble
------------------------------------------------------------
[2026-08-30 07:02:35] ACTION=CAPTURE attempted=2 saved=2 failed=0
  Details: Batch finished: 2 saved, 0 failed. Latest: mc-musorp/attributes (2229 chars).
  Queue: 57 program(s) prioritised — 0 still to assemble
------------------------------------------------------------
[2026-08-30 07:03:00] ACTION=CAPTURE attempted=2 saved=2 failed=0
  Details: Batch finished: 2 saved, 0 failed. Latest: mc-privlaw/course (1495 chars).
  Queue: 57 program(s) prioritised — 0 still to assemble
------------------------------------------------------------
[2026-08-30 07:03:15] ACTION=CAPTURE attempted=2 saved=2 failed=0
  Details: Batch finished: 2 saved, 0 failed. Latest: mc-phtypae/subj-phty90013-assessment (755 chars).
  Queue: 57 program(s) prioritised — 0 still to assemble
------------------------------------------------------------
[2026-08-30 07:04:01] ACTION=CAPTURE attempted=2 saved=2 failed=0
  Details: Batch finished: 2 saved, 0 failed. Latest: mc-phtypae/subj-radi90024-assessment (984 chars).
  Queue: 57 program(s) prioritised — 0 still to assemble
------------------------------------------------------------
[2026-08-30 07:04:42] ACTION=CAPTURE attempted=2 saved=2 failed=0
  Details: Batch finished: 2 saved, 0 failed. Latest: mc-phtypae/subj-rehb90003-assessment (1028 chars).
  Queue: 57 program(s) prioritised — 0 still to assemble
------------------------------------------------------------
[2026-08-30 07:04:59] ACTION=CAPTURE attempted=2 saved=2 failed=0
  Details: Batch finished: 2 saved, 0 failed. Latest: mc-phtypae/subj-rehb90005-assessment (1018 chars).
  Queue: 57 program(s) prioritised — 0 still to assemble
------------------------------------------------------------
[2026-08-30 07:05:23] ACTION=CAPTURE attempted=2 saved=2 failed=0
  Details: Batch finished: 2 saved, 0 failed. Latest: mc-phtypae/subj-rehb90010-assessment (1145 chars).
  Queue: 57 program(s) prioritised — 0 still to assemble
------------------------------------------------------------
[2026-08-30 07:06:02] ACTION=CAPTURE attempted=2 saved=2 failed=0
  Details: Batch finished: 2 saved, 0 failed. Latest: mc-psyched/course (3242 chars).
  Queue: 57 program(s) prioritised — 0 still to assemble
------------------------------------------------------------
[2026-08-30 07:06:42] ACTION=CAPTURE attempted=2 saved=2 failed=0
  Details: Batch finished: 2 saved, 0 failed. Latest: mc-psyched/subj-educ90219 (2158 chars).
  Queue: 57 program(s) prioritised — 0 still to assemble
------------------------------------------------------------
[2026-08-30 07:07:26] ACTION=CAPTURE attempted=2 saved=2 failed=0
  Details: Batch finished: 2 saved, 0 failed. Latest: mc-psyched/subj-educ90224 (2768 chars).
  Queue: 57 program(s) prioritised — 0 still to assemble
------------------------------------------------------------
[2026-08-30 07:07:58] ACTION=CAPTURE attempted=2 saved=2 failed=0
  Details: Batch finished: 2 saved, 0 failed. Latest: mc-psyched/subj-educ90227 (2651 chars).
  Queue: 57 program(s) prioritised — 0 still to assemble
------------------------------------------------------------
[2026-08-30 07:08:06] ACTION=CAPTURE attempted=2 saved=2 failed=0
  Details: Batch finished: 2 saved, 0 failed. Latest: mc-scl/specialisations (669 chars).
  Queue: 57 program(s) prioritised — 0 still to assemble
------------------------------------------------------------
[2026-08-30 07:08:46] ACTION=CAPTURE attempted=2 saved=2 failed=0
  Details: Batch finished: 2 saved, 0 failed. Latest: mc-spmed/subj-medi90089-assessment (999 chars).
  Queue: 57 program(s) prioritised — 0 still to assemble
------------------------------------------------------------
[2026-08-30 07:09:31] ACTION=CAPTURE attempted=2 saved=1 failed=1
  Details: Batch finished: 1 saved, 1 failed. Latest: mc-spmed/subj-rehb90001 (4032 chars).
  Queue: 57 program(s) prioritised — 0 still to assemble
------------------------------------------------------------
[2026-08-30 07:09:59] ACTION=CAPTURE attempted=2 saved=2 failed=0
  Details: Batch finished: 2 saved, 0 failed. Latest: mc-commgmt/subj-mgmt90199-assessment (862 chars).
  Queue: 57 program(s) prioritised — 0 still to assemble
------------------------------------------------------------
[2026-08-30 07:10:10] ACTION=CAPTURE attempted=2 saved=2 failed=0
  Details: Batch finished: 2 saved, 0 failed. Latest: mc-ntcw/attributes (3278 chars).
  Queue: 57 program(s) prioritised — 0 still to assemble
------------------------------------------------------------
[2026-08-30 07:10:50] ACTION=CAPTURE attempted=2 saved=2 failed=0
  Details: Batch finished: 2 saved, 0 failed. Latest: mc-propup/course (2825 chars).
  Queue: 57 program(s) prioritised — 0 still to assemble
------------------------------------------------------------
[2026-08-30 07:11:31] ACTION=CAPTURE attempted=2 saved=2 failed=0
  Details: Batch finished: 2 saved, 0 failed. Latest: mc-ntcw/subj-scwk90060-assessment (1116 chars).
  Queue: 57 program(s) prioritised — 0 still to assemble
------------------------------------------------------------
[2026-08-30 07:12:00] ACTION=CAPTURE attempted=2 saved=2 failed=0
  Details: Batch finished: 2 saved, 0 failed. Latest: mc-hrmmo/subj-mgmt90316 (2474 chars).
  Queue: 57 program(s) prioritised — 0 still to assemble
------------------------------------------------------------
[2026-08-30 07:12:10] ACTION=CAPTURE attempted=2 saved=2 failed=0
  Details: Batch finished: 2 saved, 0 failed. Latest: mc-propup/attributes (6859 chars).
  Queue: 57 program(s) prioritised — 0 still to assemble
------------------------------------------------------------
[2026-08-30 07:12:50] ACTION=CAPTURE attempted=2 saved=2 failed=0
  Details: Batch finished: 2 saved, 0 failed. Latest: mc-spmed/subj-rehb90009-assessment (930 chars).
  Queue: 57 program(s) prioritised — 0 still to assemble
------------------------------------------------------------
[2026-08-30 07:13:28] ACTION=CAPTURE attempted=2 saved=2 failed=0
  Details: Batch finished: 2 saved, 0 failed. Latest: mc-propup/subj-abpl90016-assessment (989 chars).
  Queue: 57 program(s) prioritised — 0 still to assemble
------------------------------------------------------------
[2026-08-30 07:13:59] ACTION=CAPTURE attempted=2 saved=2 failed=0
  Details: Batch finished: 2 saved, 0 failed. Latest: mc-larch/subj-abpl90072-assessment (1533 chars).
  Queue: 57 program(s) prioritised — 0 still to assemble
------------------------------------------------------------
[2026-08-30 07:14:05] ACTION=CAPTURE attempted=2 saved=2 failed=0
  Details: Batch finished: 2 saved, 0 failed. Latest: mc-propup/subj-abpl90022-assessment (942 chars).
  Queue: 57 program(s) prioritised — 0 still to assemble
------------------------------------------------------------
[2026-08-30 07:14:42] ACTION=CAPTURE attempted=2 saved=2 failed=0
  Details: Batch finished: 2 saved, 0 failed. Latest: mc-propup/subj-abpl90027-assessment (1043 chars).
  Queue: 57 program(s) prioritised — 0 still to assemble
------------------------------------------------------------
[2026-08-30 07:15:20] ACTION=CAPTURE attempted=2 saved=2 failed=0
  Details: Batch finished: 2 saved, 0 failed. Latest: mc-propup/subj-abpl90029-assessment (985 chars).
  Queue: 57 program(s) prioritised — 0 still to assemble
------------------------------------------------------------
[2026-08-30 07:15:57] ACTION=CAPTURE attempted=2 saved=1 failed=1
  Details: Batch finished: 1 saved, 1 failed. Latest: mc-propup/subj-abpl90032 (2173 chars).
  Queue: 57 program(s) prioritised — 0 still to assemble
------------------------------------------------------------
[2026-08-30 07:15:59] ACTION=CAPTURE attempted=2 saved=2 failed=0
  Details: Batch finished: 2 saved, 0 failed. Latest: mc-propup/subj-abpl90038-assessment (1141 chars).
  Queue: 57 program(s) prioritised — 0 still to assemble
------------------------------------------------------------
[2026-08-30 07:16:35] ACTION=CAPTURE attempted=2 saved=2 failed=0
  Details: Batch finished: 2 saved, 0 failed. Latest: mc-propup/subj-abpl90040 (2264 chars).
  Queue: 57 program(s) prioritised — 0 still to assemble
------------------------------------------------------------
[2026-08-30 07:17:13] ACTION=CAPTURE attempted=2 saved=2 failed=0
  Details: Batch finished: 2 saved, 0 failed. Latest: mc-propup/subj-abpl90056 (2617 chars).
  Queue: 57 program(s) prioritised — 0 still to assemble
------------------------------------------------------------
[2026-08-30 07:17:51] ACTION=CAPTURE attempted=2 saved=2 failed=0
  Details: Batch finished: 2 saved, 0 failed. Latest: mc-propup/subj-abpl90065 (1986 chars).
  Queue: 57 program(s) prioritised — 0 still to assemble
------------------------------------------------------------
[2026-08-30 07:18:03] ACTION=CAPTURE attempted=2 saved=2 failed=0
  Details: Batch finished: 2 saved, 0 failed. Latest: mc-propup/subj-abpl90077 (1017 chars).
  Queue: 57 program(s) prioritised — 0 still to assemble
------------------------------------------------------------
[2026-08-30 07:18:29] ACTION=CAPTURE attempted=2 saved=2 failed=0
  Details: Batch finished: 2 saved, 0 failed. Latest: mc-propup/subj-abpl90266 (2250 chars).
  Queue: 57 program(s) prioritised — 0 still to assemble
------------------------------------------------------------
[2026-08-30 07:19:08] ACTION=CAPTURE attempted=2 saved=2 failed=0
  Details: Batch finished: 2 saved, 0 failed. Latest: mc-propup/subj-abpl90274 (3465 chars).
  Queue: 57 program(s) prioritised — 0 still to assemble
------------------------------------------------------------
[2026-08-30 07:19:46] ACTION=CAPTURE attempted=2 saved=2 failed=0
  Details: Batch finished: 2 saved, 0 failed. Latest: mc-propup/subj-abpl90275 (2729 chars).
  Queue: 57 program(s) prioritised — 0 still to assemble
------------------------------------------------------------
[2026-08-30 07:19:58] ACTION=ERROR attempted=0 saved=0 failed=0
  Reason: Challenge detected: challenge page detected: rew-the-dare-is-thounce
  Queue: BREAKER OPEN — cooling off: 29m left, consecutive block 1, reason 'challenge page detected: rew-the-dare-is-thounce'
------------------------------------------------------------
[2026-08-30 07:19:59] ACTION=CAPTURE attempted=2 saved=2 failed=0
  Details: Batch finished: 2 saved, 0 failed. Latest: mc-propup/subj-abpl90279 (880 chars).
  Queue: 57 program(s) prioritised — 0 still to assemble
------------------------------------------------------------
[2026-08-30 07:20:36] ACTION=CAPTURE attempted=2 saved=2 failed=0
  Details: Batch finished: 2 saved, 0 failed. Latest: mc-propup/subj-abpl90290 (2274 chars).
  Queue: 57 program(s) prioritised — 0 still to assemble
------------------------------------------------------------
[2026-08-30 07:21:15] ACTION=CAPTURE attempted=2 saved=2 failed=0
  Details: Batch finished: 2 saved, 0 failed. Latest: mc-propup/subj-abpl90311 (3186 chars).
  Queue: 57 program(s) prioritised — 0 still to assemble
------------------------------------------------------------
[2026-08-30 07:21:53] ACTION=CAPTURE attempted=2 saved=2 failed=0
  Details: Batch finished: 2 saved, 0 failed. Latest: mc-propup/subj-abpl90313-assessment (1416 chars).
  Queue: 57 program(s) prioritised — 0 still to assemble
------------------------------------------------------------
[2026-08-30 07:22:00] ACTION=CAPTURE attempted=2 saved=2 failed=0
  Details: Batch finished: 2 saved, 0 failed. Latest: mc-propup/subj-abpl90319-assessment (824 chars).
  Queue: 57 program(s) prioritised — 0 still to assemble
------------------------------------------------------------
[2026-08-30 07:22:34] ACTION=CAPTURE attempted=2 saved=2 failed=0
  Details: Batch finished: 2 saved, 0 failed. Latest: mc-propup/subj-abpl90321 (2019 chars).
  Queue: 57 program(s) prioritised — 0 still to assemble
------------------------------------------------------------
[2026-08-30 07:23:13] ACTION=CAPTURE attempted=2 saved=2 failed=0
  Details: Batch finished: 2 saved, 0 failed. Latest: mc-musop/subj-musi90171-assessment (1358 chars).
  Queue: 57 program(s) prioritised — 0 still to assemble
------------------------------------------------------------
[2026-08-30 07:23:50] ACTION=CAPTURE attempted=2 saved=2 failed=0
  Details: Batch finished: 2 saved, 0 failed. Latest: mc-musop/subj-musi90233-assessment (1339 chars).
  Queue: 57 program(s) prioritised — 0 still to assemble
------------------------------------------------------------
[2026-08-30 07:23:59] ACTION=CAPTURE attempted=2 saved=2 failed=0
  Details: Batch finished: 2 saved, 0 failed. Latest: mc-muspt/structure (2561 chars).
  Queue: 57 program(s) prioritised — 0 still to assemble
------------------------------------------------------------
[2026-08-30 07:24:29] ACTION=CAPTURE attempted=2 saved=2 failed=0
  Details: Batch finished: 2 saved, 0 failed. Latest: mc-musorp/subj-musi90223-assessment (999 chars).
  Queue: 57 program(s) prioritised — 0 still to assemble
------------------------------------------------------------
[2026-08-30 07:25:08] ACTION=CAPTURE attempted=2 saved=2 failed=0
  Details: Batch finished: 2 saved, 0 failed. Latest: mc-musorp/subj-musi90227-assessment (2065 chars).
  Queue: 57 program(s) prioritised — 0 still to assemble
------------------------------------------------------------
[2026-08-30 07:25:46] ACTION=CAPTURE attempted=2 saved=2 failed=0
  Details: Batch finished: 2 saved, 0 failed. Latest: mc-musorp/subj-musi90246-assessment (1658 chars).
  Queue: 57 program(s) prioritised — 0 still to assemble
------------------------------------------------------------
[2026-08-30 07:26:00] ACTION=ERROR attempted=0 saved=0 failed=0
  Reason: Challenge detected: challenge page detected: rew-the-dare-is-thounce
  Queue: BREAKER OPEN — cooling off: 29m left, consecutive block 1, reason 'challenge page detected: rew-the-dare-is-thounce'
------------------------------------------------------------
[2026-08-30 07:26:26] ACTION=CAPTURE attempted=2 saved=2 failed=0
  Details: Batch finished: 2 saved, 0 failed. Latest: mc-musorp/subj-musi90256-assessment (889 chars).
  Queue: 57 program(s) prioritised — 0 still to assemble
------------------------------------------------------------
[2026-08-30 07:27:06] ACTION=CAPTURE attempted=2 saved=2 failed=0
  Details: Batch finished: 2 saved, 0 failed. Latest: mc-enveng/subj-enen30001-assessment (1385 chars).
  Queue: 57 program(s) prioritised — 0 still to assemble
------------------------------------------------------------
[2026-08-30 07:27:44] ACTION=CAPTURE attempted=2 saved=2 failed=0
  Details: Batch finished: 2 saved, 0 failed. Latest: mc-hrmmo/subj-mgmt90318 (2322 chars).
  Queue: 57 program(s) prioritised — 0 still to assemble
------------------------------------------------------------
[2026-08-30 07:28:00] ACTION=CAPTURE attempted=2 saved=2 failed=0
  Details: Batch finished: 2 saved, 0 failed. Latest: mc-humrlaw/subj-laws90242-assessment (2830 chars).
  Queue: 57 program(s) prioritised — 0 still to assemble
------------------------------------------------------------
[2026-08-30 07:28:23] ACTION=CAPTURE attempted=2 saved=1 failed=1
  Details: Batch finished: 1 saved, 1 failed. Latest: mc-larch/subj-abpl90075-assessment (836 chars).
  Queue: 57 program(s) prioritised — 0 still to assemble
------------------------------------------------------------
[2026-08-30 07:29:03] ACTION=CAPTURE attempted=2 saved=2 failed=0
  Details: Batch finished: 2 saved, 0 failed. Latest: mc-larch/subj-abpl90263-assessment (1232 chars).
  Queue: 57 program(s) prioritised — 0 still to assemble
------------------------------------------------------------
[2026-08-30 07:29:42] ACTION=CAPTURE attempted=2 saved=2 failed=0
  Details: Batch finished: 2 saved, 0 failed. Latest: mc-larch/subj-abpl90380-assessment (941 chars).
  Queue: 57 program(s) prioritised — 0 still to assemble
------------------------------------------------------------
[2026-08-30 07:30:00] ACTION=CAPTURE attempted=2 saved=2 failed=0
  Details: Batch finished: 2 saved, 0 failed. Latest: mc-larchud/subj-abpl90085-assessment (617 chars).
  Queue: 57 program(s) prioritised — 0 still to assemble
------------------------------------------------------------
[2026-08-30 07:30:22] ACTION=CAPTURE attempted=2 saved=2 failed=0
  Details: Batch finished: 2 saved, 0 failed. Latest: mc-larchud/subj-abpl90319-assessment (824 chars).
  Queue: 57 program(s) prioritised — 0 still to assemble
------------------------------------------------------------
[2026-08-30 07:31:02] ACTION=CAPTURE attempted=2 saved=2 failed=0
  Details: Batch finished: 2 saved, 0 failed. Latest: mc-larchup/subj-abpl90075-assessment (836 chars).
  Queue: 57 program(s) prioritised — 0 still to assemble
------------------------------------------------------------
[2026-08-30 07:31:44] ACTION=CAPTURE attempted=2 saved=2 failed=0
  Details: Batch finished: 2 saved, 0 failed. Latest: mc-mgmtafn/subj-fnce90016-assessment (827 chars).
  Queue: 57 program(s) prioritised — 0 still to assemble
------------------------------------------------------------
[2026-08-30 07:32:24] ACTION=CAPTURE attempted=2 saved=2 failed=0
  Details: Batch finished: 2 saved, 0 failed. Latest: mc-mled/course (2591 chars).
  Queue: 57 program(s) prioritised — 0 still to assemble
------------------------------------------------------------
[2026-08-30 07:33:02] ACTION=CAPTURE attempted=2 saved=0 failed=2
  Details: Batch finished: 0 saved, 2 failed.
  Queue: 57 program(s) prioritised — 0 still to assemble
------------------------------------------------------------
[2026-08-30 07:33:05] ACTION=CAPTURE attempted=2 saved=2 failed=0
  Details: Batch finished: 2 saved, 0 failed. Latest: mc-mti/structure (1492 chars).
  Queue: 57 program(s) prioritised — 0 still to assemble
------------------------------------------------------------
[2026-08-30 07:33:48] ACTION=CAPTURE attempted=2 saved=2 failed=0
  Details: Batch finished: 2 saved, 0 failed. Latest: mc-musop/subj-musi90160-assessment (1356 chars).
  Queue: 57 program(s) prioritised — 0 still to assemble
------------------------------------------------------------
[2026-08-30 07:34:26] ACTION=CAPTURE attempted=2 saved=2 failed=0
  Details: Batch finished: 2 saved, 0 failed. Latest: mc-musop/subj-musi90231-assessment (1267 chars).
  Queue: 57 program(s) prioritised — 0 still to assemble
------------------------------------------------------------
[2026-08-30 07:35:02] ACTION=ERROR attempted=0 saved=0 failed=0
  Reason: Challenge detected: challenge page detected: rew-the-dare-is-thounce
  Queue: BREAKER OPEN — cooling off: 29m left, consecutive block 1, reason 'challenge page detected: rew-the-dare-is-thounce'
------------------------------------------------------------
[2026-08-30 07:35:03] ACTION=CAPTURE attempted=2 saved=2 failed=0
  Details: Batch finished: 2 saved, 0 failed. Latest: mc-musorp/subj-musi90226-assessment (1872 chars).
  Queue: 57 program(s) prioritised — 0 still to assemble
------------------------------------------------------------
[2026-08-30 07:35:43] ACTION=CAPTURE attempted=2 saved=2 failed=0
  Details: Batch finished: 2 saved, 0 failed. Latest: mc-musorp/subj-musi90249-assessment (1329 chars).
  Queue: 57 program(s) prioritised — 0 still to assemble
------------------------------------------------------------
[2026-08-30 07:36:21] ACTION=CAPTURE attempted=2 saved=2 failed=0
  Details: Batch finished: 2 saved, 0 failed. Latest: mc-muspt/structure (2561 chars).
  Queue: 57 program(s) prioritised — 0 still to assemble
------------------------------------------------------------
[2026-08-30 07:36:59] ACTION=CAPTURE attempted=2 saved=0 failed=2
  Details: Batch finished: 0 saved, 2 failed.
  Queue: 57 program(s) prioritised — 0 still to assemble
------------------------------------------------------------
[2026-08-30 07:37:01] ACTION=CAPTURE attempted=2 saved=2 failed=0
  Details: Batch finished: 2 saved, 0 failed. Latest: mc-muspt/subj-musi90155-assessment (1224 chars).
  Queue: 57 program(s) prioritised — 0 still to assemble
------------------------------------------------------------
[2026-08-30 07:37:36] ACTION=CAPTURE attempted=2 saved=2 failed=0
  Details: Batch finished: 2 saved, 0 failed. Latest: mc-muspt/subj-musi90194-assessment (1801 chars).
  Queue: 57 program(s) prioritised — 0 still to assemble
------------------------------------------------------------
[2026-08-30 07:38:14] ACTION=CAPTURE attempted=2 saved=2 failed=0
  Details: Batch finished: 2 saved, 0 failed. Latest: mc-ntcw/subj-scwk90062 (1859 chars).
  Queue: 57 program(s) prioritised — 0 still to assemble
------------------------------------------------------------
[2026-08-30 07:38:52] ACTION=CAPTURE attempted=2 saved=2 failed=0
  Details: Batch finished: 2 saved, 0 failed. Latest: mc-phtypae/subj-phty90030-assessment (858 chars).
  Queue: 57 program(s) prioritised — 0 still to assemble
------------------------------------------------------------
[2026-08-30 07:39:01] ACTION=CAPTURE attempted=2 saved=2 failed=0
  Details: Batch finished: 2 saved, 0 failed. Latest: mc-phtypae/subj-rehb90001-assessment (946 chars).
  Queue: 57 program(s) prioritised — 0 still to assemble
------------------------------------------------------------
[2026-08-30 07:39:38] ACTION=CAPTURE attempted=2 saved=2 failed=0
  Details: Batch finished: 2 saved, 0 failed. Latest: mc-phtypae/subj-rehb90004-assessment (899 chars).
  Queue: 57 program(s) prioritised — 0 still to assemble
------------------------------------------------------------
[2026-08-30 07:40:17] ACTION=CAPTURE attempted=2 saved=2 failed=0
  Details: Batch finished: 2 saved, 0 failed. Latest: mc-phtypae/subj-rehb90012-assessment (1243 chars).
  Queue: 57 program(s) prioritised — 0 still to assemble
------------------------------------------------------------
[2026-08-30 07:41:03] ACTION=ERROR attempted=0 saved=0 failed=0
  Reason: Challenge detected: challenge page detected: rew-the-dare-is-thounce
  Queue: BREAKER OPEN — cooling off: 29m left, consecutive block 1, reason 'challenge page detected: rew-the-dare-is-thounce'
------------------------------------------------------------
[2026-08-30 07:41:04] ACTION=CAPTURE attempted=2 saved=2 failed=0
  Details: Batch finished: 2 saved, 0 failed. Latest: mc-propup/subj-abpl90090-assessment (915 chars).
  Queue: 57 program(s) prioritised — 0 still to assemble
------------------------------------------------------------
[2026-08-30 07:41:45] ACTION=CAPTURE attempted=2 saved=2 failed=0
  Details: Batch finished: 2 saved, 0 failed. Latest: mc-propup/subj-abpl90283 (1795 chars).
  Queue: 57 program(s) prioritised — 0 still to assemble
------------------------------------------------------------
[2026-08-30 07:42:24] ACTION=CAPTURE attempted=2 saved=2 failed=0
  Details: Batch finished: 2 saved, 0 failed. Latest: mc-propup/subj-abpl90321-assessment (912 chars).
  Queue: 57 program(s) prioritised — 0 still to assemble
------------------------------------------------------------
[2026-08-30 07:43:02] ACTION=ERROR attempted=0 saved=0 failed=0
  Reason: Challenge detected: challenge page detected: rew-the-dare-is-thounce
  Queue: BREAKER OPEN — cooling off: 29m left, consecutive block 1, reason 'challenge page detected: rew-the-dare-is-thounce'
------------------------------------------------------------
[2026-08-30 07:43:04] ACTION=CAPTURE attempted=2 saved=2 failed=0
  Details: Batch finished: 2 saved, 0 failed. Latest: mc-psyched/subj-educ90216 (1027 chars).
  Queue: 57 program(s) prioritised — 0 still to assemble
------------------------------------------------------------
[2026-08-30 07:43:44] ACTION=CAPTURE attempted=2 saved=2 failed=0
  Details: Batch finished: 2 saved, 0 failed. Latest: mc-psyched/subj-educ90222 (3061 chars).
  Queue: 57 program(s) prioritised — 0 still to assemble
------------------------------------------------------------
[2026-08-30 07:44:25] ACTION=CAPTURE attempted=2 saved=2 failed=0
  Details: Batch finished: 2 saved, 0 failed. Latest: mc-spmed/course (6588 chars).
  Queue: 57 program(s) prioritised — 0 still to assemble
------------------------------------------------------------
[2026-08-30 07:45:03] ACTION=CAPTURE attempted=2 saved=2 failed=0
  Details: Batch finished: 2 saved, 0 failed. Latest: mc-scimat/subj-mast90026-assessment (789 chars).
  Queue: 57 program(s) prioritised — 0 still to assemble
------------------------------------------------------------
[2026-08-30 07:45:03] ACTION=CAPTURE attempted=2 saved=2 failed=0
  Details: Batch finished: 2 saved, 0 failed. Latest: mc-scimat/subj-mast90031-assessment (964 chars).
  Queue: 57 program(s) prioritised — 0 still to assemble
------------------------------------------------------------
[2026-08-30 07:45:42] ACTION=CAPTURE attempted=2 saved=2 failed=0
  Details: Batch finished: 2 saved, 0 failed. Latest: mc-scimat/subj-mast90065-assessment (693 chars).
  Queue: 57 program(s) prioritised — 0 still to assemble
------------------------------------------------------------
[2026-08-30 07:46:22] ACTION=CAPTURE attempted=2 saved=2 failed=0
  Details: Batch finished: 2 saved, 0 failed. Latest: mc-scimat/subj-mast90103-assessment (811 chars).
  Queue: 57 program(s) prioritised — 0 still to assemble
------------------------------------------------------------
[2026-08-30 07:47:02] ACTION=CAPTURE attempted=2 saved=2 failed=0
  Details: Batch finished: 2 saved, 0 failed. Latest: mc-scimat/subj-mast90129-assessment (709 chars).
  Queue: 57 program(s) prioritised — 0 still to assemble
------------------------------------------------------------
[2026-08-30 07:47:02] ACTION=CAPTURE attempted=2 saved=2 failed=0
  Details: Batch finished: 2 saved, 0 failed. Latest: mc-contcs/subj-chin90009 (2086 chars).
  Queue: 57 program(s) prioritised — 0 still to assemble
------------------------------------------------------------
[2026-08-30 07:47:42] ACTION=CAPTURE attempted=2 saved=2 failed=0
  Details: Batch finished: 2 saved, 0 failed. Latest: mc-scimat/subj-mast90132-assessment (710 chars).
  Queue: 57 program(s) prioritised — 0 still to assemble
------------------------------------------------------------
[2026-08-30 07:48:21] ACTION=CAPTURE attempted=2 saved=2 failed=0
  Details: Batch finished: 2 saved, 0 failed. Latest: mc-intjour/structure (6274 chars).
  Queue: 57 program(s) prioritised — 0 still to assemble
------------------------------------------------------------
[2026-08-30 07:49:01] ACTION=CAPTURE attempted=2 saved=2 failed=0
  Details: Batch finished: 2 saved, 0 failed. Latest: mc-larch/subj-abpl90170-assessment (1371 chars).
  Queue: 57 program(s) prioritised — 0 still to assemble
------------------------------------------------------------
[2026-08-30 07:49:04] ACTION=CAPTURE attempted=2 saved=2 failed=0
  Details: Batch finished: 2 saved, 0 failed. Latest: mc-larch/subj-abpl90172-assessment (876 chars).
  Queue: 57 program(s) prioritised — 0 still to assemble
------------------------------------------------------------
[2026-08-30 07:49:43] ACTION=CAPTURE attempted=2 saved=2 failed=0
  Details: Batch finished: 2 saved, 0 failed. Latest: mc-spmed/subj-psyc90108 (4721 chars).
  Queue: 57 program(s) prioritised — 0 still to assemble
------------------------------------------------------------
[2026-08-30 07:50:23] ACTION=CAPTURE attempted=2 saved=2 failed=0
  Details: Batch finished: 2 saved, 0 failed. Latest: mc-larchud/subj-abpl90268-assessment (851 chars).
  Queue: 57 program(s) prioritised — 0 still to assemble
------------------------------------------------------------
[2026-08-30 07:51:03] ACTION=CAPTURE attempted=2 saved=2 failed=0
  Details: Batch finished: 2 saved, 0 failed. Latest: mc-spmed/subj-rehb90001-assessment (946 chars).
  Queue: 57 program(s) prioritised — 0 still to assemble
------------------------------------------------------------
[2026-08-30 07:51:24] ACTION=CAPTURE attempted=2 saved=2 failed=0
  Details: Batch finished: 2 saved, 0 failed. Latest: mc-spmed/subj-rehb90010 (4355 chars).
  Queue: 57 program(s) prioritised — 0 still to assemble
------------------------------------------------------------
[2026-08-30 07:51:42] ACTION=CAPTURE attempted=2 saved=2 failed=0
  Details: Batch finished: 2 saved, 0 failed. Latest: mc-pubcom/course (1615 chars).
  Queue: 57 program(s) prioritised — 0 still to assemble
------------------------------------------------------------
[2026-08-30 07:52:22] ACTION=CAPTURE attempted=2 saved=2 failed=0
  Details: Batch finished: 2 saved, 0 failed. Latest: mc-pubcom/structure (2064 chars).
  Queue: 57 program(s) prioritised — 0 still to assemble
------------------------------------------------------------
[2026-08-30 07:52:37] ACTION=ERROR attempted=0 saved=0 failed=0
  Reason: Challenge detected: challenge page detected: rew-the-dare-is-thounce
  Queue: BREAKER OPEN — cooling off: 29m left, consecutive block 1, reason 'challenge page detected: rew-the-dare-is-thounce'
------------------------------------------------------------
[2026-08-30 07:53:04] ACTION=CAPTURE attempted=2 saved=2 failed=0
  Details: Batch finished: 2 saved, 0 failed. Latest: mc-tchecp/comp-mc-tchecp-stream-1 (3268 chars).
  Queue: 57 program(s) prioritised — 0 still to assemble
------------------------------------------------------------
[2026-08-30 07:53:47] ACTION=CAPTURE attempted=2 saved=2 failed=0
  Details: Batch finished: 2 saved, 0 failed. Latest: mc-hrmmo/subj-mgmt90315 (3204 chars).
  Queue: 57 program(s) prioritised — 0 still to assemble
------------------------------------------------------------
[2026-08-30 07:54:06] ACTION=CAPTURE attempted=2 saved=2 failed=0
  Details: Batch finished: 2 saved, 0 failed. Latest: mc-larch/subj-abpl90048 (1804 chars).
  Queue: 57 program(s) prioritised — 0 still to assemble
------------------------------------------------------------
[2026-08-30 07:54:32] ACTION=CAPTURE attempted=2 saved=2 failed=0
  Details: Batch finished: 2 saved, 0 failed. Latest: mc-larch/subj-abpl90304 (2660 chars).
  Queue: 57 program(s) prioritised — 0 still to assemble
------------------------------------------------------------
[2026-08-30 07:55:12] ACTION=CAPTURE attempted=2 saved=2 failed=0
  Details: Batch finished: 2 saved, 0 failed. Latest: mc-larchud/subj-abpl90089 (2206 chars).
  Queue: 57 program(s) prioritised — 0 still to assemble
------------------------------------------------------------
[2026-08-30 07:55:51] ACTION=CAPTURE attempted=2 saved=2 failed=0
  Details: Batch finished: 2 saved, 0 failed. Latest: mc-larchup/subj-abpl90130-assessment (1040 chars).
  Queue: 57 program(s) prioritised — 0 still to assemble
------------------------------------------------------------
[2026-08-30 07:56:05] ACTION=CAPTURE attempted=2 saved=2 failed=0
  Details: Batch finished: 2 saved, 0 failed. Latest: mc-mgmtafn/subj-fnce90056 (1295 chars).
  Queue: 57 program(s) prioritised — 0 still to assemble
------------------------------------------------------------
[2026-08-30 07:56:28] ACTION=CAPTURE attempted=2 saved=1 failed=1
  Details: Batch finished: 1 saved, 1 failed. Latest: mc-mled/subj-educ91319 (2691 chars).
  Queue: 57 program(s) prioritised — 0 still to assemble
------------------------------------------------------------
[2026-08-30 07:57:05] ACTION=CAPTURE attempted=2 saved=2 failed=0
  Details: Batch finished: 2 saved, 0 failed. Latest: mc-mtrneng/attributes (3925 chars).
  Queue: 57 program(s) prioritised — 0 still to assemble
------------------------------------------------------------
[2026-08-30 07:58:17] ACTION=ERROR attempted=0 saved=0 failed=0
  Reason: Challenge detected: challenge page detected: rew-the-dare-is-thounce
  Queue: BREAKER OPEN — cooling off: 29m left, consecutive block 1, reason 'challenge page detected: rew-the-dare-is-thounce'
------------------------------------------------------------
[2026-08-30 07:58:38] ACTION=ERROR attempted=0 saved=0 failed=0
  Reason: Challenge detected: challenge page detected: rew-the-dare-is-thounce
  Queue: BREAKER OPEN — cooling off: 59m left, consecutive block 2, reason 'challenge page detected: rew-the-dare-is-thounce'
------------------------------------------------------------
[2026-08-30 08:59:42] ACTION=CAPTURE attempted=2 saved=2 failed=0
  Details: Batch finished: 2 saved, 0 failed. Latest: mc-intjour/comp-mc-intjour-entry-2 (8308 chars).
  Queue: 57 program(s) prioritised — 0 still to assemble
------------------------------------------------------------
[2026-08-30 08:59:58] ACTION=CAPTURE attempted=2 saved=2 failed=0
  Details: Batch finished: 2 saved, 0 failed. Latest: mc-intjour/subj-jour90005 (3038 chars).
  Queue: 57 program(s) prioritised — 0 still to assemble
------------------------------------------------------------
[2026-08-30 09:00:23] ACTION=CAPTURE attempted=2 saved=2 failed=0
  Details: Batch finished: 2 saved, 0 failed. Latest: mc-intjour/subj-jour90011 (2393 chars).
  Queue: 57 program(s) prioritised — 0 still to assemble
------------------------------------------------------------
[2026-08-30 09:01:03] ACTION=CAPTURE attempted=2 saved=2 failed=0
  Details: Batch finished: 2 saved, 0 failed. Latest: mc-intjour/subj-jour90021 (2568 chars).
  Queue: 57 program(s) prioritised — 0 still to assemble
------------------------------------------------------------
[2026-08-30 09:01:42] ACTION=CAPTURE attempted=2 saved=2 failed=0
  Details: Batch finished: 2 saved, 0 failed. Latest: mc-intjour/subj-jour90024 (2475 chars).
  Queue: 57 program(s) prioritised — 0 still to assemble
------------------------------------------------------------
[2026-08-30 09:02:21] ACTION=CAPTURE attempted=2 saved=2 failed=0
  Details: Batch finished: 2 saved, 0 failed. Latest: mc-intjour/subj-jour90029 (2432 chars).
  Queue: 57 program(s) prioritised — 0 still to assemble
------------------------------------------------------------
[2026-08-30 09:03:01] ACTION=CAPTURE attempted=2 saved=2 failed=0
  Details: Batch finished: 2 saved, 0 failed. Latest: mc-larch/subj-abpl90048 (1804 chars).
  Queue: 57 program(s) prioritised — 0 still to assemble
------------------------------------------------------------
[2026-08-30 09:03:25] ACTION=CAPTURE attempted=2 saved=2 failed=0
  Details: Batch finished: 2 saved, 0 failed. Latest: mc-larch/subj-abpl90375-assessment (3593 chars).
  Queue: 57 program(s) prioritised — 0 still to assemble
------------------------------------------------------------
[2026-08-30 09:03:43] ACTION=CAPTURE attempted=2 saved=1 failed=1
  Details: Batch finished: 1 saved, 1 failed. Latest: mc-larchup/subj-abpl90131 (2443 chars).
  Queue: 57 program(s) prioritised — 0 still to assemble
------------------------------------------------------------
[2026-08-30 09:04:23] ACTION=CAPTURE attempted=2 saved=2 failed=0
  Details: Batch finished: 2 saved, 0 failed. Latest: mc-mled/subj-educ91316-assessment (1295 chars).
  Queue: 57 program(s) prioritised — 0 still to assemble
------------------------------------------------------------
[2026-08-30 09:05:02] ACTION=CAPTURE attempted=2 saved=2 failed=0
  Details: Batch finished: 2 saved, 0 failed. Latest: mc-musop/subj-musi90169 (3365 chars).
  Queue: 57 program(s) prioritised — 0 still to assemble
------------------------------------------------------------
[2026-08-30 09:05:42] ACTION=CAPTURE attempted=2 saved=2 failed=0
  Details: Batch finished: 2 saved, 0 failed. Latest: mc-mtrneng/subj-comp90049-assessment (1128 chars).
  Queue: 57 program(s) prioritised — 0 still to assemble
------------------------------------------------------------
[2026-08-30 09:06:23] ACTION=CAPTURE attempted=2 saved=2 failed=0
  Details: Batch finished: 2 saved, 0 failed. Latest: mc-mtrneng/subj-elen90055-assessment (1365 chars).
  Queue: 57 program(s) prioritised — 0 still to assemble
------------------------------------------------------------
[2026-08-30 09:07:04] ACTION=CAPTURE attempted=2 saved=2 failed=0
  Details: Batch finished: 2 saved, 0 failed. Latest: mc-mtrneng/subj-engr90051-assessment (2715 chars).
  Queue: 57 program(s) prioritised — 0 still to assemble
------------------------------------------------------------
[2026-08-30 09:07:47] ACTION=CAPTURE attempted=2 saved=2 failed=0
  Details: Batch finished: 2 saved, 0 failed. Latest: mc-mtrneng/subj-mcen30021-assessment (1255 chars).
  Queue: 57 program(s) prioritised — 0 still to assemble
------------------------------------------------------------
[2026-08-30 09:08:27] ACTION=CAPTURE attempted=2 saved=2 failed=0
  Details: Batch finished: 2 saved, 0 failed. Latest: mc-mtrneng/subj-mcen90061-assessment (1375 chars).
  Queue: 57 program(s) prioritised — 0 still to assemble
------------------------------------------------------------
[2026-08-30 09:09:07] ACTION=CAPTURE attempted=2 saved=2 failed=0
  Details: Batch finished: 2 saved, 0 failed. Latest: mc-musorp/subj-musi90221-assessment (1872 chars).
  Queue: 57 program(s) prioritised — 0 still to assemble
------------------------------------------------------------
[2026-08-30 09:09:49] ACTION=CAPTURE attempted=2 saved=2 failed=0
  Details: Batch finished: 2 saved, 0 failed. Latest: mc-musorp/subj-musi90245-assessment (1530 chars).
  Queue: 57 program(s) prioritised — 0 still to assemble
------------------------------------------------------------
[2026-08-30 09:10:27] ACTION=CAPTURE attempted=2 saved=2 failed=0
  Details: Batch finished: 2 saved, 0 failed. Latest: mc-muspt/subj-musi90149-assessment (1034 chars).
  Queue: 57 program(s) prioritised — 0 still to assemble
------------------------------------------------------------
[2026-08-30 09:11:05] ACTION=CAPTURE attempted=2 saved=2 failed=0
  Details: Batch finished: 2 saved, 0 failed. Latest: mc-muspt/subj-musi90156-assessment (1426 chars).
  Queue: 57 program(s) prioritised — 0 still to assemble
------------------------------------------------------------
[2026-08-30 09:11:43] ACTION=CAPTURE attempted=2 saved=2 failed=0
  Details: Batch finished: 2 saved, 0 failed. Latest: mc-ntcw/subj-scwk90061 (2643 chars).
  Queue: 57 program(s) prioritised — 0 still to assemble
------------------------------------------------------------
[2026-08-30 09:12:22] ACTION=CAPTURE attempted=2 saved=2 failed=0
  Details: Batch finished: 2 saved, 0 failed. Latest: mc-phtypae/subj-rehb90002-assessment (976 chars).
  Queue: 57 program(s) prioritised — 0 still to assemble
------------------------------------------------------------
[2026-08-30 09:13:01] ACTION=CAPTURE attempted=2 saved=2 failed=0
  Details: Batch finished: 2 saved, 0 failed. Latest: mc-phtypae/subj-rehb90013-assessment (1138 chars).
  Queue: 57 program(s) prioritised — 0 still to assemble
------------------------------------------------------------
[2026-08-30 09:13:40] ACTION=CAPTURE attempted=2 saved=2 failed=0
  Details: Batch finished: 2 saved, 0 failed. Latest: mc-propup/subj-abpl90279-assessment (880 chars).
  Queue: 57 program(s) prioritised — 0 still to assemble
------------------------------------------------------------
[2026-08-30 09:14:19] ACTION=CAPTURE attempted=2 saved=2 failed=0
  Details: Batch finished: 2 saved, 0 failed. Latest: mc-propup/subj-abpl90322 (1779 chars).
  Queue: 57 program(s) prioritised — 0 still to assemble
------------------------------------------------------------
[2026-08-30 09:14:57] ACTION=CAPTURE attempted=2 saved=2 failed=0
  Details: Batch finished: 2 saved, 0 failed. Latest: mc-propup/subj-fnce90060-assessment (999 chars).
  Queue: 57 program(s) prioritised — 0 still to assemble
------------------------------------------------------------
[2026-08-30 09:15:20] ACTION=CAPTURE attempted=2 saved=2 failed=0
  Details: Batch finished: 2 saved, 0 failed. Latest: mc-psyched/subj-educ90220 (1862 chars).
  Queue: 57 program(s) prioritised — 0 still to assemble
------------------------------------------------------------
[2026-08-30 09:15:35] ACTION=CAPTURE attempted=2 saved=2 failed=0
  Details: Batch finished: 2 saved, 0 failed. Latest: mc-pubcom/subj-educ91320-assessment (1478 chars).
  Queue: 57 program(s) prioritised — 0 still to assemble
------------------------------------------------------------
[2026-08-30 09:16:17] ACTION=CAPTURE attempted=2 saved=2 failed=0
  Details: Batch finished: 2 saved, 0 failed. Latest: mc-scimat/subj-mast90030-assessment (667 chars).
  Queue: 57 program(s) prioritised — 0 still to assemble
------------------------------------------------------------
[2026-08-30 09:17:01] ACTION=CAPTURE attempted=2 saved=2 failed=0
  Details: Batch finished: 2 saved, 0 failed. Latest: mc-scimat/subj-mast90067-assessment (814 chars).
  Queue: 57 program(s) prioritised — 0 still to assemble
------------------------------------------------------------
[2026-08-30 09:17:02] ACTION=CAPTURE attempted=2 saved=2 failed=0
  Details: Batch finished: 2 saved, 0 failed. Latest: mc-scimat/subj-mast90125-assessment (1029 chars).
  Queue: 57 program(s) prioritised — 0 still to assemble
------------------------------------------------------------
[2026-08-30 09:17:40] ACTION=CAPTURE attempted=2 saved=2 failed=0
  Details: Batch finished: 2 saved, 0 failed. Latest: mc-spmed/subj-rehb90003-assessment (1028 chars).
  Queue: 57 program(s) prioritised — 0 still to assemble
------------------------------------------------------------
[2026-08-30 09:18:19] ACTION=CAPTURE attempted=2 saved=2 failed=0
  Details: Batch finished: 2 saved, 0 failed. Latest: mc-tchecp/subj-educ91047-assessment (1172 chars).
  Queue: 57 program(s) prioritised — 0 still to assemble
------------------------------------------------------------
[2026-08-30 09:19:00] ACTION=CAPTURE attempted=2 saved=2 failed=0
  Details: Batch finished: 2 saved, 0 failed. Latest: mc-tchecp/subj-educ91063-assessment (1035 chars).
  Queue: 57 program(s) prioritised — 0 still to assemble
------------------------------------------------------------
[2026-08-30 09:21:03] ACTION=CAPTURE attempted=2 saved=2 failed=0
  Details: Batch finished: 2 saved, 0 failed. Latest: mc-hrmmo/subj-mgmt90319 (3409 chars).
  Queue: 57 program(s) prioritised — 0 still to assemble
------------------------------------------------------------
[2026-08-30 09:24:10] ACTION=CAPTURE attempted=2 saved=2 failed=0
  Details: Batch finished: 2 saved, 0 failed. Latest: mc-intjour/subj-jour90006 (1501 chars).
  Queue: 57 program(s) prioritised — 0 still to assemble
------------------------------------------------------------
[2026-08-30 09:26:03] ACTION=CAPTURE attempted=2 saved=2 failed=0
  Details: Batch finished: 2 saved, 0 failed. Latest: mc-intjour/subj-jour90021-assessment (1733 chars).
  Queue: 57 program(s) prioritised — 0 still to assemble
------------------------------------------------------------
[2026-08-30 09:28:05] ACTION=CAPTURE attempted=2 saved=2 failed=0
  Details: Batch finished: 2 saved, 0 failed. Latest: mc-intjour/subj-jour90024-assessment (1796 chars).
  Queue: 57 program(s) prioritised — 0 still to assemble
------------------------------------------------------------
[2026-08-30 09:30:29] ACTION=CAPTURE attempted=2 saved=2 failed=0
  Details: Batch finished: 2 saved, 0 failed. Latest: mc-intjour/subj-jour90030-assessment (1611 chars).
  Queue: 57 program(s) prioritised — 0 still to assemble
------------------------------------------------------------
[2026-08-30 09:33:02] ACTION=CAPTURE attempted=2 saved=2 failed=0
  Details: Batch finished: 2 saved, 0 failed. Latest: mc-larch/subj-evsc90022 (2250 chars).
  Queue: 57 program(s) prioritised — 0 still to assemble
------------------------------------------------------------
[2026-08-30 09:43:42] ACTION=CAPTURE attempted=2 saved=2 failed=0
  Details: Batch finished: 2 saved, 0 failed. Latest: mc-larchup/course (3593 chars).
  Queue: 57 program(s) prioritised — 0 still to assemble
------------------------------------------------------------
[2026-08-30 09:48:14] ACTION=CAPTURE attempted=2 saved=2 failed=0
  Details: Batch finished: 2 saved, 0 failed. Latest: mc-intjour/subj-jour90008 (2270 chars).
  Queue: 57 program(s) prioritised — 0 still to assemble
------------------------------------------------------------
[2026-08-30 09:51:11] ACTION=CAPTURE attempted=2 saved=2 failed=0
  Details: Batch finished: 2 saved, 0 failed. Latest: mc-intjour/subj-jour90013-assessment (1641 chars).
  Queue: 57 program(s) prioritised — 0 still to assemble
------------------------------------------------------------
[2026-08-30 09:53:10] ACTION=CAPTURE attempted=2 saved=2 failed=0
  Details: Batch finished: 2 saved, 0 failed. Latest: mc-intjour/subj-jour90027-assessment (1624 chars).
  Queue: 57 program(s) prioritised — 0 still to assemble
------------------------------------------------------------
[2026-08-30 09:59:12] ACTION=CAPTURE attempted=2 saved=2 failed=0
  Details: Batch finished: 2 saved, 0 failed. Latest: mc-mgmtein/subj-busa90529-assessment (924 chars).
  Queue: 57 program(s) prioritised — 0 still to assemble
------------------------------------------------------------
[2026-08-30 10:02:15] ACTION=CAPTURE attempted=2 saved=2 failed=0
  Details: Batch finished: 2 saved, 0 failed. Latest: mc-mled/subj-educ91320 (2237 chars).
  Queue: 57 program(s) prioritised — 0 still to assemble
------------------------------------------------------------
[2026-08-30 10:05:13] ACTION=CAPTURE attempted=2 saved=2 failed=0
  Details: Batch finished: 2 saved, 0 failed. Latest: mc-mti/subj-educ91319 (2691 chars).
  Queue: 57 program(s) prioritised — 0 still to assemble
------------------------------------------------------------
[2026-08-30 10:08:11] ACTION=CAPTURE attempted=2 saved=2 failed=0
  Details: Batch finished: 2 saved, 0 failed. Latest: mc-intjour/subj-jour90004 (3268 chars).
  Queue: 57 program(s) prioritised — 0 still to assemble
------------------------------------------------------------
[2026-08-30 10:11:22] ACTION=CAPTURE attempted=2 saved=2 failed=0
  Details: Batch finished: 2 saved, 0 failed. Latest: mc-mtrneng/subj-elen20005-assessment (1562 chars).
  Queue: 57 program(s) prioritised — 0 still to assemble
------------------------------------------------------------
[2026-08-30 10:14:38] ACTION=CAPTURE attempted=2 saved=2 failed=0
  Details: Batch finished: 2 saved, 0 failed. Latest: mc-mtrneng/subj-elen30014-assessment (1369 chars).
  Queue: 57 program(s) prioritised — 0 still to assemble
------------------------------------------------------------
[2026-08-30 10:17:56] ACTION=CAPTURE attempted=2 saved=2 failed=0
  Details: Batch finished: 2 saved, 0 failed. Latest: mc-mtrneng/subj-engr30004-assessment (1065 chars).
  Queue: 57 program(s) prioritised — 0 still to assemble
------------------------------------------------------------
[2026-08-30 10:21:06] ACTION=CAPTURE attempted=2 saved=2 failed=0
  Details: Batch finished: 2 saved, 0 failed. Latest: mc-mtrneng/subj-mast20029-assessment (2699 chars).
  Queue: 57 program(s) prioritised — 0 still to assemble
------------------------------------------------------------
[2026-08-30 10:22:59] ACTION=CAPTURE attempted=2 saved=2 failed=0
  Details: Batch finished: 2 saved, 0 failed. Latest: mc-mtrneng/subj-mcen90032-assessment (1224 chars).
  Queue: 57 program(s) prioritised — 0 still to assemble
------------------------------------------------------------
[2026-08-30 10:24:59] ACTION=CAPTURE attempted=2 saved=2 failed=0
  Details: Batch finished: 2 saved, 0 failed. Latest: mc-musop/subj-musi90234-assessment (1124 chars).
  Queue: 57 program(s) prioritised — 0 still to assemble
------------------------------------------------------------
[2026-08-30 10:27:03] ACTION=CAPTURE attempted=2 saved=2 failed=0
  Details: Batch finished: 2 saved, 0 failed. Latest: mc-musorp/subj-musi90224-assessment (1640 chars).
  Queue: 57 program(s) prioritised — 0 still to assemble
------------------------------------------------------------
[2026-08-30 10:30:03] ACTION=CAPTURE attempted=2 saved=2 failed=0
  Details: Batch finished: 2 saved, 0 failed. Latest: mc-musorp/subj-musi90244-assessment (825 chars).
  Queue: 57 program(s) prioritised — 0 still to assemble
------------------------------------------------------------
[2026-08-30 10:32:02] ACTION=CAPTURE attempted=2 saved=2 failed=0
  Details: Batch finished: 2 saved, 0 failed. Latest: mc-musorp/subj-musi90257 (2684 chars).
  Queue: 57 program(s) prioritised — 0 still to assemble
------------------------------------------------------------
[2026-08-30 10:35:05] ACTION=CAPTURE attempted=2 saved=2 failed=0
  Details: Batch finished: 2 saved, 0 failed. Latest: mc-muspt/subj-musi90147-assessment (1305 chars).
  Queue: 57 program(s) prioritised — 0 still to assemble
------------------------------------------------------------
[2026-08-30 10:38:05] ACTION=CAPTURE attempted=2 saved=2 failed=0
  Details: Batch finished: 2 saved, 0 failed. Latest: mc-muspt/subj-musi90150-assessment (993 chars).
  Queue: 57 program(s) prioritised — 0 still to assemble
------------------------------------------------------------
[2026-08-30 10:40:04] ACTION=CAPTURE attempted=2 saved=2 failed=0
  Details: Batch finished: 2 saved, 0 failed. Latest: mc-muspt/subj-musi90179-assessment (1257 chars).
  Queue: 57 program(s) prioritised — 0 still to assemble
------------------------------------------------------------
[2026-08-30 10:42:04] ACTION=CAPTURE attempted=2 saved=2 failed=0
  Details: Batch finished: 2 saved, 0 failed. Latest: mc-muspt/subj-musi90265-assessment (1225 chars).
  Queue: 57 program(s) prioritised — 0 still to assemble
------------------------------------------------------------
[2026-08-30 10:45:20] ACTION=CAPTURE attempted=2 saved=2 failed=0
  Details: Batch finished: 2 saved, 0 failed. Latest: mc-mtrneng/subj-mcen30020-assessment (960 chars).
  Queue: 57 program(s) prioritised — 0 still to assemble
------------------------------------------------------------
[2026-08-30 10:48:07] ACTION=CAPTURE attempted=2 saved=2 failed=0
  Details: Batch finished: 2 saved, 0 failed. Latest: mc-musop/subj-musi90172 (3209 chars).
  Queue: 57 program(s) prioritised — 0 still to assemble
------------------------------------------------------------
[2026-08-30 10:51:03] ACTION=CAPTURE attempted=2 saved=2 failed=0
  Details: Batch finished: 2 saved, 0 failed. Latest: mc-phtypae/subj-hlth90001-assessment (1099 chars).
  Queue: 57 program(s) prioritised — 0 still to assemble
------------------------------------------------------------
[2026-08-30 10:53:01] ACTION=CAPTURE attempted=2 saved=2 failed=0
  Details: Batch finished: 2 saved, 0 failed. Latest: mc-phtypae/subj-medi90092-assessment (1167 chars).
  Queue: 57 program(s) prioritised — 0 still to assemble
------------------------------------------------------------
[2026-08-30 10:55:03] ACTION=CAPTURE attempted=2 saved=2 failed=0
  Details: Batch finished: 2 saved, 0 failed. Latest: mc-phtypae/subj-rehb90009-assessment (930 chars).
  Queue: 57 program(s) prioritised — 0 still to assemble
------------------------------------------------------------
[2026-08-30 10:57:04] ACTION=CAPTURE attempted=2 saved=2 failed=0
  Details: Batch finished: 2 saved, 0 failed. Latest: mc-propup/subj-abpl90055 (2060 chars).
  Queue: 57 program(s) prioritised — 0 still to assemble
------------------------------------------------------------
[2026-08-30 10:59:05] ACTION=CAPTURE attempted=2 saved=2 failed=0
  Details: Batch finished: 2 saved, 0 failed. Latest: mc-propup/subj-abpl90311-assessment (1421 chars).
  Queue: 57 program(s) prioritised — 0 still to assemble
------------------------------------------------------------
[2026-08-30 11:01:19] ACTION=CAPTURE attempted=2 saved=2 failed=0
  Details: Batch finished: 2 saved, 0 failed. Latest: mc-propup/subj-abpl90314-assessment (789 chars).
  Queue: 57 program(s) prioritised — 0 still to assemble
------------------------------------------------------------
[2026-08-30 11:04:12] ACTION=CAPTURE attempted=2 saved=2 failed=0
  Details: Batch finished: 2 saved, 0 failed. Latest: mc-propup/subj-acct90041 (2707 chars).
  Queue: 57 program(s) prioritised — 0 still to assemble
------------------------------------------------------------
[2026-08-30 11:06:06] ACTION=CAPTURE attempted=2 saved=2 failed=0
  Details: Batch finished: 2 saved, 0 failed. Latest: mc-propup/subj-econ90015-assessment (1027 chars).
  Queue: 57 program(s) prioritised — 0 still to assemble
------------------------------------------------------------
[2026-08-30 11:08:05] ACTION=CAPTURE attempted=2 saved=2 failed=0
  Details: Batch finished: 2 saved, 0 failed. Latest: mc-psyched/subj-educ90227-assessment (1203 chars).
  Queue: 57 program(s) prioritised — 0 still to assemble
------------------------------------------------------------
[2026-08-30 11:40:06] ACTION=CAPTURE attempted=2 saved=2 failed=0
  Details: Batch finished: 2 saved, 0 failed. Latest: mc-intjour/subj-jour90011-assessment (1597 chars).
  Queue: 57 program(s) prioritised — 0 still to assemble
------------------------------------------------------------
[2026-08-30 11:43:06] ACTION=CAPTURE attempted=2 saved=2 failed=0
  Details: Batch finished: 2 saved, 0 failed. Latest: mc-mgmtein/subj-mgmt90227-assessment (974 chars).
  Queue: 57 program(s) prioritised — 0 still to assemble
------------------------------------------------------------
[2026-08-30 11:45:12] ACTION=CAPTURE attempted=2 saved=2 failed=0
  Details: Batch finished: 2 saved, 0 failed. Latest: mc-mtrneng/subj-engr20004-assessment (1437 chars).
  Queue: 57 program(s) prioritised — 0 still to assemble
------------------------------------------------------------
[2026-08-30 11:48:37] ACTION=CAPTURE attempted=2 saved=2 failed=0
  Details: Batch finished: 2 saved, 0 failed. Latest: mc-propup/subj-abpl90017-assessment (1113 chars).
  Queue: 57 program(s) prioritised — 0 still to assemble
------------------------------------------------------------
[2026-08-30 11:51:08] ACTION=CAPTURE attempted=2 saved=2 failed=0
  Details: Batch finished: 2 saved, 0 failed. Latest: mc-psyched/subj-educ90229-assessment (2599 chars).
  Queue: 57 program(s) prioritised — 0 still to assemble
------------------------------------------------------------
[2026-08-30 11:54:08] ACTION=CAPTURE attempted=2 saved=2 failed=0
  Details: Batch finished: 2 saved, 0 failed. Latest: mc-scimat/subj-mast90014-assessment (1066 chars).
  Queue: 57 program(s) prioritised — 0 still to assemble
------------------------------------------------------------
[2026-08-30 11:56:11] ACTION=CAPTURE attempted=2 saved=2 failed=0
  Details: Batch finished: 2 saved, 0 failed. Latest: mc-scimat/subj-mast90069-assessment (816 chars).
  Queue: 57 program(s) prioritised — 0 still to assemble
------------------------------------------------------------
[2026-08-30 11:59:09] ACTION=CAPTURE attempted=2 saved=2 failed=0
  Details: Batch finished: 2 saved, 0 failed. Latest: mc-spmed/subj-hlth90001 (5961 chars).
  Queue: 57 program(s) prioritised — 0 still to assemble
------------------------------------------------------------
[2026-08-30 12:01:23] ACTION=CAPTURE attempted=2 saved=2 failed=0
  Details: Batch finished: 2 saved, 0 failed. Latest: mc-tchecp/attributes (4994 chars).
  Queue: 57 program(s) prioritised — 0 still to assemble
------------------------------------------------------------
[2026-08-30 12:04:13] ACTION=CAPTURE attempted=2 saved=2 failed=0
  Details: Batch finished: 2 saved, 0 failed. Latest: mc-tchecp/comp-mc-tchecp-stream-3 (2838 chars).
  Queue: 57 program(s) prioritised — 0 still to assemble
------------------------------------------------------------
[2026-08-30 12:07:10] ACTION=CAPTURE attempted=2 saved=2 failed=0
  Details: Batch finished: 2 saved, 0 failed. Latest: mc-tchecp/subj-educ91062-assessment (2467 chars).
  Queue: 57 program(s) prioritised — 0 still to assemble
------------------------------------------------------------
[2026-08-30 12:09:09] ACTION=CAPTURE attempted=2 saved=2 failed=0
  Details: Batch finished: 2 saved, 0 failed. Latest: mc-tchecp/subj-educ91064-assessment (1062 chars).
  Queue: 57 program(s) prioritised — 0 still to assemble
------------------------------------------------------------
[2026-08-30 12:12:11] ACTION=CAPTURE attempted=2 saved=2 failed=0
  Details: Batch finished: 2 saved, 0 failed. Latest: mc-tchecp/subj-educ91065-assessment (2617 chars).
  Queue: 57 program(s) prioritised — 0 still to assemble
------------------------------------------------------------
[2026-08-30 12:15:15] ACTION=CAPTURE attempted=2 saved=2 failed=0
  Details: Batch finished: 2 saved, 0 failed. Latest: mc-tchecp/subj-educ91067-assessment (1296 chars).
  Queue: 57 program(s) prioritised — 0 still to assemble
------------------------------------------------------------
[2026-08-30 12:18:11] ACTION=CAPTURE attempted=2 saved=2 failed=0
  Details: Batch finished: 2 saved, 0 failed. Latest: mc-tchecp/subj-educ91068-assessment (1416 chars).
  Queue: 57 program(s) prioritised — 0 still to assemble
------------------------------------------------------------
[2026-08-30 12:21:10] ACTION=CAPTURE attempted=2 saved=2 failed=0
  Details: Batch finished: 2 saved, 0 failed. Latest: mc-tchecp/subj-educ91069-assessment (934 chars).
  Queue: 57 program(s) prioritised — 0 still to assemble
------------------------------------------------------------
[2026-08-30 12:23:10] ACTION=CAPTURE attempted=2 saved=2 failed=0
  Details: Batch finished: 2 saved, 0 failed. Latest: mc-tchecp/subj-educ91070-assessment (2432 chars).
  Queue: 57 program(s) prioritised — 0 still to assemble
------------------------------------------------------------
[2026-08-30 12:26:12] ACTION=CAPTURE attempted=2 saved=2 failed=0
  Details: Batch finished: 2 saved, 0 failed. Latest: mc-tchecp/subj-educ91071-assessment (1184 chars).
  Queue: 57 program(s) prioritised — 0 still to assemble
------------------------------------------------------------
[2026-08-30 12:30:21] ACTION=CAPTURE attempted=2 saved=2 failed=0
  Details: Batch finished: 2 saved, 0 failed. Latest: mc-muspt/subj-musi90151-assessment (1224 chars).
  Queue: 57 program(s) prioritised — 0 still to assemble
------------------------------------------------------------
[2026-08-30 12:33:20] ACTION=CAPTURE attempted=2 saved=2 failed=0
  Details: Batch finished: 2 saved, 0 failed. Latest: mc-tchecp/subj-educ91073-assessment (1370 chars).
  Queue: 57 program(s) prioritised — 0 still to assemble
------------------------------------------------------------
[2026-08-30 12:36:13] ACTION=CAPTURE attempted=2 saved=2 failed=0
  Details: Batch finished: 2 saved, 0 failed. Latest: mc-tchecp/subj-educ91075-assessment (2727 chars).
  Queue: 57 program(s) prioritised — 0 still to assemble
------------------------------------------------------------
[2026-08-30 12:39:15] ACTION=CAPTURE attempted=2 saved=2 failed=0
  Details: Batch finished: 2 saved, 0 failed. Latest: mc-tchecp/subj-educ91076-assessment (1044 chars).
  Queue: 57 program(s) prioritised — 0 still to assemble
------------------------------------------------------------
[2026-08-30 12:42:12] ACTION=CAPTURE attempted=2 saved=2 failed=0
  Details: Batch finished: 2 saved, 0 failed. Latest: mc-tchecp/subj-educ91152-assessment (1717 chars).
  Queue: 57 program(s) prioritised — 0 still to assemble
------------------------------------------------------------
[2026-08-30 12:44:10] ACTION=CAPTURE attempted=2 saved=2 failed=0
  Details: Batch finished: 2 saved, 0 failed. Latest: mc-softeng/attributes (3729 chars).
  Queue: 57 program(s) prioritised — 0 still to assemble
------------------------------------------------------------
[2026-08-30 12:46:11] ACTION=CAPTURE attempted=2 saved=2 failed=0
  Details: Batch finished: 2 saved, 0 failed. Latest: mc-larch/subj-abpl90048-assessment (1308 chars).
  Queue: 57 program(s) prioritised — 0 still to assemble
------------------------------------------------------------
[2026-08-30 12:48:11] ACTION=CAPTURE attempted=2 saved=2 failed=0
  Details: Batch finished: 2 saved, 0 failed. Latest: mc-teachpr/attributes (4179 chars).
  Queue: 57 program(s) prioritised — 0 still to assemble
------------------------------------------------------------
[2026-08-30 12:50:55] ACTION=CAPTURE attempted=2 saved=2 failed=0
  Details: Batch finished: 2 saved, 0 failed. Latest: mc-teachsa/structure (6071 chars).
  Queue: 57 program(s) prioritised — 0 still to assemble
------------------------------------------------------------
[2026-08-30 12:53:18] ACTION=CAPTURE attempted=2 saved=2 failed=0
  Details: Batch finished: 2 saved, 0 failed. Latest: mc-psyched/subj-educ90217 (3307 chars).
  Queue: 57 program(s) prioritised — 0 still to assemble
------------------------------------------------------------
[2026-08-30 12:55:15] ACTION=CAPTURE attempted=2 saved=2 failed=0
  Details: Batch finished: 2 saved, 0 failed. Latest: mc-thtr/structure (1693 chars).
  Queue: 57 program(s) prioritised — 0 still to assemble
------------------------------------------------------------
[2026-08-30 12:58:15] ACTION=CAPTURE attempted=2 saved=2 failed=0
  Details: Batch finished: 2 saved, 0 failed. Latest: mc-thtr/subj-thtr90022-assessment (802 chars).
  Queue: 57 program(s) prioritised — 0 still to assemble
------------------------------------------------------------
[2026-08-30 13:01:18] ACTION=CAPTURE attempted=2 saved=2 failed=0
  Details: Batch finished: 2 saved, 0 failed. Latest: mc-thtr/subj-thtr90030-assessment (1491 chars).
  Queue: 57 program(s) prioritised — 0 still to assemble
------------------------------------------------------------
[2026-08-30 13:03:17] ACTION=CAPTURE attempted=2 saved=2 failed=0
  Details: Batch finished: 2 saved, 0 failed. Latest: mc-thtrdir/attributes (3379 chars).
  Queue: 57 program(s) prioritised — 0 still to assemble
------------------------------------------------------------
[2026-08-30 13:05:20] ACTION=CAPTURE attempted=2 saved=2 failed=0
  Details: Batch finished: 2 saved, 0 failed. Latest: mc-thtrdra/course (3781 chars).
  Queue: 57 program(s) prioritised — 0 still to assemble
------------------------------------------------------------
[2026-08-30 13:09:19] ACTION=CAPTURE attempted=2 saved=2 failed=0
  Details: Batch finished: 2 saved, 0 failed. Latest: mc-thtrdir/subj-dram90012 (2288 chars).
  Queue: 57 program(s) prioritised — 0 still to assemble
------------------------------------------------------------
[2026-08-30 13:12:18] ACTION=CAPTURE attempted=2 saved=2 failed=0
  Details: Batch finished: 2 saved, 0 failed. Latest: mc-thtrdir/subj-dram90017 (3517 chars).
  Queue: 57 program(s) prioritised — 0 still to assemble
------------------------------------------------------------
[2026-08-30 13:15:21] ACTION=CAPTURE attempted=2 saved=2 failed=0
  Details: Batch finished: 2 saved, 0 failed. Latest: mc-thtrdir/subj-dram90018 (3434 chars).
  Queue: 57 program(s) prioritised — 0 still to assemble
------------------------------------------------------------
[2026-08-30 13:18:27] ACTION=CAPTURE attempted=2 saved=2 failed=0
  Details: Batch finished: 2 saved, 0 failed. Latest: mc-thtrdir/subj-dram90020 (3945 chars).
  Queue: 57 program(s) prioritised — 0 still to assemble
------------------------------------------------------------
[2026-08-30 13:22:25] ACTION=CAPTURE attempted=2 saved=2 failed=0
  Details: Batch finished: 2 saved, 0 failed. Latest: mc-thtrdir/subj-dram90021 (2801 chars).
  Queue: 57 program(s) prioritised — 0 still to assemble
------------------------------------------------------------
[2026-08-30 13:25:19] ACTION=CAPTURE attempted=2 saved=2 failed=0
  Details: Batch finished: 2 saved, 0 failed. Latest: mc-thtr/subj-thtr90031-assessment (834 chars).
  Queue: 57 program(s) prioritised — 0 still to assemble
------------------------------------------------------------
[2026-08-30 13:28:23] ACTION=CAPTURE attempted=2 saved=2 failed=0
  Details: Batch finished: 2 saved, 0 failed. Latest: mc-thtrdir/subj-thtr90009 (2137 chars).
  Queue: 57 program(s) prioritised — 0 still to assemble
------------------------------------------------------------
[2026-08-30 13:31:26] ACTION=CAPTURE attempted=2 saved=2 failed=0
  Details: Batch finished: 2 saved, 0 failed. Latest: mc-thtrdra/attributes (3171 chars).
  Queue: 57 program(s) prioritised — 0 still to assemble
------------------------------------------------------------
[2026-08-30 13:34:19] ACTION=CAPTURE attempted=2 saved=2 failed=0
  Details: Batch finished: 2 saved, 0 failed. Latest: mc-teachec/course (2711 chars).
  Queue: 57 program(s) prioritised — 0 still to assemble
------------------------------------------------------------
[2026-08-30 13:37:30] ACTION=CAPTURE attempted=2 saved=2 failed=0
  Details: Batch finished: 2 saved, 0 failed. Latest: mc-thtr/course (2786 chars).
  Queue: 57 program(s) prioritised — 0 still to assemble
------------------------------------------------------------
[2026-08-30 13:40:31] ACTION=ERROR attempted=0 saved=0 failed=0
  Reason: Challenge detected: challenge page detected: rew-the-dare-is-thounce
  Queue: BREAKER OPEN — cooling off: 29m left, consecutive block 1, reason 'challenge page detected: rew-the-dare-is-thounce'
------------------------------------------------------------
[2026-08-30 14:00:51] ACTION=CAPTURE attempted=2 saved=2 failed=0
  Details: Batch finished: 2 saved, 0 failed. Latest: mc-scimat/subj-mast90011-assessment (824 chars).
  Queue: 57 program(s) prioritised — 0 still to assemble
------------------------------------------------------------
[2026-08-30 14:02:50] ACTION=CAPTURE attempted=2 saved=2 failed=0
  Details: Batch finished: 2 saved, 0 failed. Latest: mc-teachsi/subj-educ91152 (4355 chars).
  Queue: 57 program(s) prioritised — 0 still to assemble
------------------------------------------------------------
[2026-08-30 14:04:46] ACTION=CAPTURE attempted=2 saved=2 failed=0
  Details: Batch finished: 2 saved, 0 failed. Latest: mc-teachsi/subj-educ91203-assessment (3274 chars).
  Queue: 57 program(s) prioritised — 0 still to assemble
------------------------------------------------------------
[2026-08-30 14:07:50] ACTION=CAPTURE attempted=2 saved=2 failed=0
  Details: Batch finished: 2 saved, 0 failed. Latest: mc-teachsi/subj-educ91206-assessment (990 chars).
  Queue: 57 program(s) prioritised — 0 still to assemble
------------------------------------------------------------
[2026-08-30 14:09:48] ACTION=CAPTURE attempted=2 saved=2 failed=0
  Details: Batch finished: 2 saved, 0 failed. Latest: mc-teachsi/subj-educ91208-assessment (1037 chars).
  Queue: 57 program(s) prioritised — 0 still to assemble
------------------------------------------------------------
[2026-08-30 14:12:56] ACTION=CAPTURE attempted=2 saved=2 failed=0
  Details: Batch finished: 2 saved, 0 failed. Latest: mc-teachsi/subj-educ91211-assessment (982 chars).
  Queue: 57 program(s) prioritised — 0 still to assemble
------------------------------------------------------------
[2026-08-30 14:15:50] ACTION=CAPTURE attempted=2 saved=2 failed=0
  Details: Batch finished: 2 saved, 0 failed. Latest: mc-teachsi/subj-educ91214-assessment (949 chars).
  Queue: 57 program(s) prioritised — 0 still to assemble
------------------------------------------------------------
[2026-08-30 14:18:52] ACTION=CAPTURE attempted=2 saved=2 failed=0
  Details: Batch finished: 2 saved, 0 failed. Latest: mc-thtr/subj-thtr90027-assessment (836 chars).
  Queue: 57 program(s) prioritised — 0 still to assemble
------------------------------------------------------------
[2026-08-30 14:21:59] ACTION=CAPTURE attempted=2 saved=2 failed=0
  Details: Batch finished: 2 saved, 0 failed. Latest: mc-thtrdra/subj-dram90010-assessment (963 chars).
  Queue: 57 program(s) prioritised — 0 still to assemble
------------------------------------------------------------
[2026-08-30 14:26:55] ACTION=CAPTURE attempted=2 saved=2 failed=0
  Details: Batch finished: 2 saved, 0 failed. Latest: mc-teachsi/subj-educ91202-assessment (1332 chars).
  Queue: 57 program(s) prioritised — 0 still to assemble
------------------------------------------------------------
[2026-08-30 14:31:01] ACTION=ERROR attempted=0 saved=0 failed=0
  Reason: Challenge detected: challenge page detected: rew-the-dare-is-thounce
  Queue: BREAKER OPEN — cooling off: 29m left, consecutive block 1, reason 'challenge page detected: rew-the-dare-is-thounce'
------------------------------------------------------------
[2026-08-30 14:33:53] ACTION=CAPTURE attempted=2 saved=2 failed=0
  Details: Batch finished: 2 saved, 0 failed. Latest: mc-teachec/attributes (4177 chars).
  Queue: 57 program(s) prioritised — 0 still to assemble
------------------------------------------------------------
[2026-08-30 14:37:54] ACTION=CAPTURE attempted=2 saved=2 failed=0
  Details: Batch finished: 2 saved, 0 failed. Latest: mc-softeng/subj-comp30026-assessment (1183 chars).
  Queue: 57 program(s) prioritised — 0 still to assemble
------------------------------------------------------------
[2026-08-30 14:40:52] ACTION=CAPTURE attempted=2 saved=2 failed=0
  Details: Batch finished: 2 saved, 0 failed. Latest: mc-softeng/subj-info20003-assessment (1462 chars).
  Queue: 57 program(s) prioritised — 0 still to assemble
------------------------------------------------------------
[2026-08-30 14:42:52] ACTION=CAPTURE attempted=2 saved=2 failed=0
  Details: Batch finished: 2 saved, 0 failed. Latest: mc-softeng/subj-swen30006-assessment (1670 chars).
  Queue: 57 program(s) prioritised — 0 still to assemble
------------------------------------------------------------
[2026-08-30 14:47:10] ACTION=ERROR attempted=0 saved=0 failed=0
  Reason: Challenge detected: challenge page detected: rew-the-dare-is-thounce
  Queue: BREAKER OPEN — cooling off: 29m left, consecutive block 1, reason 'challenge page detected: rew-the-dare-is-thounce'
------------------------------------------------------------
[2026-08-30 15:14:55] ACTION=CAPTURE attempted=2 saved=2 failed=0
  Details: Batch finished: 2 saved, 0 failed. Latest: mc-softeng/subj-swen20003 (2366 chars).
  Queue: 57 program(s) prioritised — 0 still to assemble
------------------------------------------------------------
[2026-08-30 15:16:51] ACTION=CAPTURE attempted=2 saved=2 failed=0
  Details: Batch finished: 2 saved, 0 failed. Latest: mc-softeng/subj-swen90007 (2147 chars).
  Queue: 57 program(s) prioritised — 0 still to assemble
------------------------------------------------------------
[2026-08-30 15:19:48] ACTION=CAPTURE attempted=2 saved=2 failed=0
  Details: Batch finished: 2 saved, 0 failed. Latest: mc-softeng/subj-swen90014 (3366 chars).
  Queue: 57 program(s) prioritised — 0 still to assemble
------------------------------------------------------------
[2026-08-30 15:22:49] ACTION=CAPTURE attempted=2 saved=2 failed=0
  Details: Batch finished: 2 saved, 0 failed. Latest: mc-softeng/subj-swen90017 (3563 chars).
  Queue: 57 program(s) prioritised — 0 still to assemble
------------------------------------------------------------
[2026-08-30 15:26:25] ACTION=CAPTURE attempted=2 saved=2 failed=0
  Details: Batch finished: 2 saved, 0 failed. Latest: mc-teachsi/subj-educ91209-assessment (963 chars).
  Queue: 57 program(s) prioritised — 0 still to assemble
------------------------------------------------------------
[2026-08-30 15:28:52] ACTION=CAPTURE attempted=2 saved=2 failed=0
  Details: Batch finished: 2 saved, 0 failed. Latest: mc-teachsi/subj-educ91213 (2928 chars).
  Queue: 57 program(s) prioritised — 0 still to assemble
------------------------------------------------------------
[2026-08-30 15:30:53] ACTION=CAPTURE attempted=2 saved=2 failed=0
  Details: Batch finished: 2 saved, 0 failed. Latest: mc-teachsi/subj-educ91216 (2936 chars).
  Queue: 57 program(s) prioritised — 0 still to assemble
------------------------------------------------------------
[2026-08-30 15:33:51] ACTION=CAPTURE attempted=2 saved=2 failed=0
  Details: Batch finished: 2 saved, 0 failed. Latest: mc-thtrdra/subj-dram90012 (2288 chars).
  Queue: 57 program(s) prioritised — 0 still to assemble
------------------------------------------------------------
[2026-08-30 15:36:53] ACTION=CAPTURE attempted=2 saved=2 failed=0
  Details: Batch finished: 2 saved, 0 failed. Latest: mc-softeng/subj-swen90006 (2346 chars).
  Queue: 57 program(s) prioritised — 0 still to assemble
------------------------------------------------------------
[2026-08-30 15:38:49] ACTION=CAPTURE attempted=2 saved=2 failed=0
  Details: Batch finished: 2 saved, 0 failed. Latest: mc-thtrdra/subj-dram90018 (3434 chars).
  Queue: 57 program(s) prioritised — 0 still to assemble
------------------------------------------------------------
[2026-08-30 15:42:05] ACTION=ERROR attempted=0 saved=0 failed=0
  Reason: Challenge detected: challenge page detected: rew-the-dare-is-thounce
  Queue: BREAKER OPEN — cooling off: 29m left, consecutive block 1, reason 'challenge page detected: rew-the-dare-is-thounce'
------------------------------------------------------------
[2026-08-30 16:14:00] ACTION=CAPTURE attempted=2 saved=2 failed=0
  Details: Batch finished: 2 saved, 0 failed. Latest: mc-softeng/subj-swen90010 (2143 chars).
  Queue: 57 program(s) prioritised — 0 still to assemble
------------------------------------------------------------
[2026-08-30 16:16:59] ACTION=CAPTURE attempted=2 saved=2 failed=0
  Details: Batch finished: 2 saved, 0 failed. Latest: mc-teachsi/subj-educ91210-assessment (1067 chars).
  Queue: 57 program(s) prioritised — 0 still to assemble
------------------------------------------------------------
[2026-08-30 16:20:00] ACTION=CAPTURE attempted=2 saved=2 failed=0
  Details: Batch finished: 2 saved, 0 failed. Latest: mc-thtrdra/subj-dram90011 (2363 chars).
  Queue: 57 program(s) prioritised — 0 still to assemble
------------------------------------------------------------
[2026-08-30 16:23:01] ACTION=CAPTURE attempted=2 saved=2 failed=0
  Details: Batch finished: 2 saved, 0 failed. Latest: mc-thtrdra/subj-dram90022 (2626 chars).
  Queue: 57 program(s) prioritised — 0 still to assemble
------------------------------------------------------------
[2026-08-30 16:25:01] ACTION=CAPTURE attempted=2 saved=2 failed=0
  Details: Batch finished: 2 saved, 0 failed. Latest: mc-thtrdra/subj-dram90024 (2305 chars).
  Queue: 57 program(s) prioritised — 0 still to assemble
------------------------------------------------------------
[2026-08-30 16:28:01] ACTION=CAPTURE attempted=2 saved=2 failed=0
  Details: Batch finished: 2 saved, 0 failed. Latest: mc-thtrwri/course (2379 chars).
  Queue: 57 program(s) prioritised — 0 still to assemble
------------------------------------------------------------
[2026-08-30 16:31:09] ACTION=CAPTURE attempted=2 saved=2 failed=0
  Details: Batch finished: 2 saved, 0 failed. Latest: mc-tranint/attributes (2665 chars).
  Queue: 57 program(s) prioritised — 0 still to assemble
------------------------------------------------------------
[2026-08-30 16:33:06] ACTION=CAPTURE attempted=2 saved=2 failed=0
  Details: Batch finished: 2 saved, 0 failed. Latest: mc-uch/structure (4107 chars).
  Queue: 57 program(s) prioritised — 0 still to assemble
------------------------------------------------------------
[2026-08-30 16:35:04] ACTION=CAPTURE attempted=2 saved=2 failed=0
  Details: Batch finished: 2 saved, 0 failed. Latest: mc-uch/subj-abpl90020-assessment (891 chars).
  Queue: 57 program(s) prioritised — 0 still to assemble
------------------------------------------------------------
[2026-08-30 16:38:08] ACTION=CAPTURE attempted=2 saved=2 failed=0
  Details: Batch finished: 2 saved, 0 failed. Latest: mc-uch/subj-abpl90075 (2830 chars).
  Queue: 57 program(s) prioritised — 0 still to assemble
------------------------------------------------------------
[2026-08-30 16:41:05] ACTION=CAPTURE attempted=2 saved=2 failed=0
  Details: Batch finished: 2 saved, 0 failed. Latest: mc-uch/subj-abpl90085 (1595 chars).
  Queue: 57 program(s) prioritised — 0 still to assemble
------------------------------------------------------------
[2026-08-30 16:43:04] ACTION=CAPTURE attempted=2 saved=2 failed=0
  Details: Batch finished: 2 saved, 0 failed. Latest: mc-uch/subj-abpl90089 (2206 chars).
  Queue: 57 program(s) prioritised — 0 still to assemble
------------------------------------------------------------
[2026-08-30 16:45:03] ACTION=CAPTURE attempted=2 saved=2 failed=0
  Details: Batch finished: 2 saved, 0 failed. Latest: mc-uch/subj-abpl90117 (2101 chars).
  Queue: 57 program(s) prioritised — 0 still to assemble
------------------------------------------------------------
[2026-08-30 16:48:06] ACTION=CAPTURE attempted=2 saved=2 failed=0
  Details: Batch finished: 2 saved, 0 failed. Latest: mc-uch/subj-abpl90146 (2245 chars).
  Queue: 57 program(s) prioritised — 0 still to assemble
------------------------------------------------------------
[2026-08-30 16:50:08] ACTION=CAPTURE attempted=2 saved=2 failed=0
  Details: Batch finished: 2 saved, 0 failed. Latest: mc-uch/subj-abpl90355 (2866 chars).
  Queue: 57 program(s) prioritised — 0 still to assemble
------------------------------------------------------------
[2026-08-30 16:52:07] ACTION=CAPTURE attempted=2 saved=2 failed=0
  Details: Batch finished: 2 saved, 0 failed. Latest: mc-uch/subj-abpl90360 (3166 chars).
  Queue: 57 program(s) prioritised — 0 still to assemble
------------------------------------------------------------
[2026-08-30 16:56:14] ACTION=CAPTURE attempted=2 saved=2 failed=0
  Details: Batch finished: 2 saved, 0 failed. Latest: mc-uch/subj-abpl90360-assessment (1625 chars).
  Queue: 57 program(s) prioritised — 0 still to assemble
------------------------------------------------------------
[2026-08-30 16:59:15] ACTION=CAPTURE attempted=2 saved=2 failed=0
  Details: Batch finished: 2 saved, 0 failed. Latest: mc-uch/subj-abpl90385-assessment (893 chars).
  Queue: 57 program(s) prioritised — 0 still to assemble
------------------------------------------------------------
[2026-08-30 17:02:08] ACTION=CAPTURE attempted=2 saved=2 failed=0
  Details: Batch finished: 2 saved, 0 failed. Latest: mc-uch/subj-amgt90017-assessment (1649 chars).
  Queue: 57 program(s) prioritised — 0 still to assemble
------------------------------------------------------------
[2026-08-30 17:05:14] ACTION=CAPTURE attempted=2 saved=2 failed=0
  Details: Batch finished: 2 saved, 0 failed. Latest: mc-thtrdra/subj-dram90023 (2206 chars).
  Queue: 57 program(s) prioritised — 0 still to assemble
------------------------------------------------------------
[2026-08-30 17:08:12] ACTION=CAPTURE attempted=2 saved=2 failed=0
  Details: Batch finished: 2 saved, 0 failed. Latest: mc-uch/subj-amgt90024-assessment (1726 chars).
  Queue: 57 program(s) prioritised — 0 still to assemble
------------------------------------------------------------
[2026-08-30 17:10:12] ACTION=CAPTURE attempted=2 saved=2 failed=0
  Details: Batch finished: 2 saved, 0 failed. Latest: mc-upud/course (3015 chars).
  Queue: 57 program(s) prioritised — 0 still to assemble
------------------------------------------------------------
[2026-08-30 17:13:10] ACTION=CAPTURE attempted=2 saved=2 failed=0
  Details: Batch finished: 2 saved, 0 failed. Latest: mc-vetstdr/attributes (2711 chars).
  Queue: 57 program(s) prioritised — 0 still to assemble
------------------------------------------------------------
[2026-08-30 17:16:12] ACTION=CAPTURE attempted=2 saved=2 failed=0
  Details: Batch finished: 2 saved, 0 failed. Latest: mc-ymhmo/attributes (4612 chars).
  Queue: 57 program(s) prioritised — 0 still to assemble
------------------------------------------------------------
[2026-08-30 17:18:15] ACTION=CAPTURE attempted=2 saved=2 failed=0
  Details: Batch finished: 2 saved, 0 failed. Latest: mc-uch/subj-abpl90382-assessment (875 chars).
  Queue: 57 program(s) prioritised — 0 still to assemble
------------------------------------------------------------
[2026-08-30 17:21:24] ACTION=CAPTURE attempted=2 saved=2 failed=0
  Details: Batch finished: 2 saved, 0 failed. Latest: n01aa/course (1677 chars).
  Queue: 57 program(s) prioritised — 0 still to assemble
------------------------------------------------------------
[2026-08-30 17:24:12] ACTION=CAPTURE attempted=2 saved=2 failed=0
  Details: Batch finished: 2 saved, 0 failed. Latest: n01aa/structure (2826 chars).
  Queue: 57 program(s) prioritised — 0 still to assemble
------------------------------------------------------------
[2026-08-30 17:26:16] ACTION=CAPTURE attempted=2 saved=2 failed=0
  Details: Batch finished: 2 saved, 0 failed. Latest: n01aa/subj-clrs90004-assessment (1432 chars).
  Queue: 57 program(s) prioritised — 0 still to assemble
------------------------------------------------------------
[2026-08-30 17:28:16] ACTION=CAPTURE attempted=2 saved=2 failed=0
  Details: Batch finished: 2 saved, 0 failed. Latest: n01aa/subj-clrs90010-assessment (1916 chars).
  Queue: 57 program(s) prioritised — 0 still to assemble
------------------------------------------------------------
[2026-08-30 17:31:15] ACTION=CAPTURE attempted=2 saved=2 failed=0
  Details: Batch finished: 2 saved, 0 failed. Latest: n01aa/subj-clrs90013-assessment (1070 chars).
  Queue: 57 program(s) prioritised — 0 still to assemble
------------------------------------------------------------
[2026-08-30 17:33:14] ACTION=CAPTURE attempted=2 saved=2 failed=0
  Details: Batch finished: 2 saved, 0 failed. Latest: n01aa/subj-clrs90027-assessment (1454 chars).
  Queue: 57 program(s) prioritised — 0 still to assemble
------------------------------------------------------------
[2026-08-30 17:36:12] ACTION=CAPTURE attempted=2 saved=2 failed=0
  Details: Batch finished: 2 saved, 0 failed. Latest: n01aa/subj-clrs90028-assessment (1528 chars).
  Queue: 57 program(s) prioritised — 0 still to assemble
------------------------------------------------------------
[2026-08-30 17:39:15] ACTION=CAPTURE attempted=2 saved=2 failed=0
  Details: Batch finished: 2 saved, 0 failed. Latest: n01aa/subj-clrs90029-assessment (1891 chars).
  Queue: 57 program(s) prioritised — 0 still to assemble
------------------------------------------------------------
[2026-08-30 17:42:17] ACTION=CAPTURE attempted=2 saved=2 failed=0
  Details: Batch finished: 2 saved, 0 failed. Latest: n01aa/subj-comp90094-assessment (1546 chars).
  Queue: 57 program(s) prioritised — 0 still to assemble
------------------------------------------------------------
[2026-08-30 17:45:13] ACTION=CAPTURE attempted=2 saved=2 failed=0
  Details: Batch finished: 2 saved, 0 failed. Latest: n01aa/subj-info90011-assessment (1988 chars).
  Queue: 57 program(s) prioritised — 0 still to assemble
------------------------------------------------------------
[2026-08-30 17:47:15] ACTION=CAPTURE attempted=2 saved=2 failed=0
  Details: Batch finished: 2 saved, 0 failed. Latest: n01aa/subj-medi90019-assessment (1887 chars).
  Queue: 57 program(s) prioritised — 0 still to assemble
------------------------------------------------------------
[2026-08-30 17:49:14] ACTION=CAPTURE attempted=2 saved=2 failed=0
  Details: Batch finished: 2 saved, 0 failed. Latest: n01aa/subj-clrs90011-assessment (1442 chars).
  Queue: 57 program(s) prioritised — 0 still to assemble
------------------------------------------------------------
[2026-08-30 17:52:14] ACTION=CAPTURE attempted=2 saved=2 failed=0
  Details: Batch finished: 2 saved, 0 failed. Latest: n01aa/subj-meed90002-assessment (1387 chars).
  Queue: 57 program(s) prioritised — 0 still to assemble
------------------------------------------------------------
[2026-08-30 17:55:18] ACTION=CAPTURE attempted=2 saved=2 failed=0
  Details: Batch finished: 2 saved, 0 failed. Latest: n01aa/subj-padm90013-assessment (1180 chars).
  Queue: 57 program(s) prioritised — 0 still to assemble
------------------------------------------------------------
[2026-08-30 17:58:16] ACTION=CAPTURE attempted=2 saved=2 failed=0
  Details: Batch finished: 2 saved, 0 failed. Latest: n01aa/subj-padm90014-assessment (1405 chars).
  Queue: 57 program(s) prioritised — 0 still to assemble
------------------------------------------------------------
[2026-08-30 17:59:45] ACTION=IDLE attempted=0 saved=0 failed=0
  Details: All target pages in flight or complete
  Queue: 57 program(s) prioritised — 0 still to assemble
------------------------------------------------------------
[2026-08-30 18:02:29] ACTION=IDLE attempted=0 saved=0 failed=0
  Details: All target pages in flight or complete
  Queue: 57 program(s) prioritised — 0 still to assemble
------------------------------------------------------------
[2026-08-30 18:04:48] ACTION=IDLE attempted=0 saved=0 failed=0
  Details: All target pages in flight or complete
  Queue: 57 program(s) prioritised — 0 still to assemble
------------------------------------------------------------
[2026-08-30 18:06:59] ACTION=CAPTURE attempted=1 saved=1 failed=0
  Details: Batch finished: 1 saved, 0 failed. Latest: n01aa/subj-isys90069 (2886 chars).
  Queue: 57 program(s) prioritised — 0 still to assemble
------------------------------------------------------------
[2026-08-30 18:08:46] ACTION=IDLE attempted=0 saved=0 failed=0
  Details: All target pages in flight or complete
  Queue: 57 program(s) prioritised — 0 still to assemble
------------------------------------------------------------
[2026-08-30 18:12:31] ACTION=CAPTURE attempted=2 saved=2 failed=0
  Details: Batch finished: 2 saved, 0 failed. Latest: mc-uch/subj-abpl90265-assessment (1309 chars).
  Queue: 57 program(s) prioritised — 0 still to assemble
------------------------------------------------------------
[2026-08-30 18:14:47] ACTION=IDLE attempted=0 saved=0 failed=0
  Details: All target pages in flight or complete
  Queue: 57 program(s) prioritised — 0 still to assemble
------------------------------------------------------------
[2026-08-30 18:17:50] ACTION=IDLE attempted=0 saved=0 failed=0
  Details: All target pages in flight or complete
  Queue: 57 program(s) prioritised — 0 still to assemble
------------------------------------------------------------
[2026-08-30 18:20:50] ACTION=IDLE attempted=0 saved=0 failed=0
  Details: All target pages in flight or complete
  Queue: 57 program(s) prioritised — 0 still to assemble
------------------------------------------------------------
[2026-08-30 18:23:52] ACTION=IDLE attempted=0 saved=0 failed=0
  Details: All target pages in flight or complete
  Queue: 57 program(s) prioritised — 0 still to assemble
------------------------------------------------------------
[2026-08-30 18:26:54] ACTION=IDLE attempted=0 saved=0 failed=0
  Details: All target pages in flight or complete
  Queue: 57 program(s) prioritised — 0 still to assemble
------------------------------------------------------------
[2026-08-30 18:39:52] ACTION=ERROR attempted=0 saved=0 failed=0
  Reason: Challenge detected: challenge page detected: rew-the-dare-is-thounce
  Queue: BREAKER OPEN — cooling off: 29m left, consecutive block 1, reason 'challenge page detected: rew-the-dare-is-thounce'
------------------------------------------------------------
[2026-08-30 19:12:39] ACTION=CAPTURE attempted=2 saved=2 failed=0
  Details: Batch finished: 2 saved, 0 failed. Latest: mc-uch/subj-abpl90367 (1799 chars).
  Queue: 57 program(s) prioritised — 0 still to assemble
------------------------------------------------------------
[2026-08-30 19:16:29] ACTION=CAPTURE attempted=2 saved=2 failed=0
  Details: Batch finished: 2 saved, 0 failed. Latest: mc-vetstdr/structure (2942 chars).
  Queue: 57 program(s) prioritised — 0 still to assemble
------------------------------------------------------------
[2026-08-30 19:19:35] ACTION=CAPTURE attempted=2 saved=2 failed=0
  Details: Batch finished: 2 saved, 0 failed. Latest: mc-vetstdr/subj-vets90048-assessment (3250 chars).
  Queue: 57 program(s) prioritised — 0 still to assemble
------------------------------------------------------------
[2026-08-30 19:22:46] ACTION=CAPTURE attempted=2 saved=2 failed=0
  Details: Batch finished: 2 saved, 0 failed. Latest: mc-vetstdr/subj-vets90051-assessment (549 chars).
  Queue: 57 program(s) prioritised — 0 still to assemble
------------------------------------------------------------
[2026-08-30 19:25:37] ACTION=CAPTURE attempted=2 saved=2 failed=0
  Details: Batch finished: 2 saved, 0 failed. Latest: mc-vetstdr/subj-vets90054-assessment (1382 chars).
  Queue: 57 program(s) prioritised — 0 still to assemble
------------------------------------------------------------
[2026-08-30 19:28:03] ACTION=IDLE attempted=0 saved=0 failed=0
  Details: All target pages in flight or complete
  Queue: 57 program(s) prioritised — 0 still to assemble
------------------------------------------------------------
[2026-08-30 19:33:10] ACTION=IDLE attempted=0 saved=0 failed=0
  Details: All target pages in flight or complete
  Queue: 57 program(s) prioritised — 0 still to assemble
------------------------------------------------------------
[2026-08-30 19:36:12] ACTION=IDLE attempted=0 saved=0 failed=0
  Details: All target pages in flight or complete
  Queue: 57 program(s) prioritised — 0 still to assemble
------------------------------------------------------------
[2026-08-30 19:39:03] ACTION=IDLE attempted=0 saved=0 failed=0
  Details: All target pages in flight or complete
  Queue: 57 program(s) prioritised — 0 still to assemble
------------------------------------------------------------
[2026-08-30 19:42:01] ACTION=IDLE attempted=0 saved=0 failed=0
  Details: All target pages in flight or complete
  Queue: 57 program(s) prioritised — 0 still to assemble
------------------------------------------------------------
[2026-08-30 19:54:06] ACTION=IDLE attempted=0 saved=0 failed=0
  Details: All target pages in flight or complete
  Queue: 57 program(s) prioritised — 0 still to assemble
------------------------------------------------------------
[2026-08-30 19:59:04] ACTION=IDLE attempted=0 saved=0 failed=0
  Details: All target pages in flight or complete
  Queue: 57 program(s) prioritised — 0 still to assemble
------------------------------------------------------------
[2026-08-30 20:02:04] ACTION=IDLE attempted=0 saved=0 failed=0
  Details: All target pages in flight or complete
  Queue: 57 program(s) prioritised — 0 still to assemble
------------------------------------------------------------
[2026-08-30 20:14:52] ACTION=IDLE attempted=0 saved=0 failed=0
  Details: All target pages in flight or complete
  Queue: 57 program(s) prioritised — 0 still to assemble
------------------------------------------------------------
[2026-08-30 20:20:53] ACTION=IDLE attempted=0 saved=0 failed=0
  Details: All target pages in flight or complete
  Queue: 57 program(s) prioritised — 0 still to assemble
------------------------------------------------------------
[2026-08-30 20:25:29] ACTION=IDLE attempted=0 saved=0 failed=0
  Details: All target pages in flight or complete
  Queue: 57 program(s) prioritised — 0 still to assemble
------------------------------------------------------------
[2026-08-30 20:34:56] ACTION=IDLE attempted=0 saved=0 failed=0
  Details: All target pages in flight or complete
  Queue: 57 program(s) prioritised — 0 still to assemble
------------------------------------------------------------
[2026-08-30 20:41:02] ACTION=IDLE attempted=0 saved=0 failed=0
  Details: All target pages in flight or complete
  Queue: 57 program(s) prioritised — 0 still to assemble
------------------------------------------------------------
[2026-08-30 20:46:55] ACTION=IDLE attempted=0 saved=0 failed=0
  Details: All target pages in flight or complete
  Queue: 57 program(s) prioritised — 0 still to assemble
------------------------------------------------------------
[2026-08-30 20:56:57] ACTION=IDLE attempted=0 saved=0 failed=0
  Details: All target pages in flight or complete
  Queue: 57 program(s) prioritised — 0 still to assemble
------------------------------------------------------------
[2026-08-30 21:00:58] ACTION=IDLE attempted=0 saved=0 failed=0
  Details: All target pages in flight or complete
  Queue: 57 program(s) prioritised — 0 still to assemble
------------------------------------------------------------
[2026-08-30 21:04:46] ACTION=IDLE attempted=0 saved=0 failed=0
  Details: All target pages in flight or complete
  Queue: 57 program(s) prioritised — 0 still to assemble
------------------------------------------------------------
[2026-08-30 21:06:57] ACTION=IDLE attempted=0 saved=0 failed=0
  Details: All target pages in flight or complete
  Queue: 57 program(s) prioritised — 0 still to assemble
------------------------------------------------------------
[2026-08-30 21:18:00] ACTION=IDLE attempted=0 saved=0 failed=0
  Details: All target pages in flight or complete
  Queue: 57 program(s) prioritised — 0 still to assemble
------------------------------------------------------------
[2026-08-30 21:21:59] ACTION=IDLE attempted=0 saved=0 failed=0
  Details: All target pages in flight or complete
  Queue: 57 program(s) prioritised — 0 still to assemble
------------------------------------------------------------
[2026-08-30 21:38:30] ACTION=CAPTURE attempted=2 saved=2 failed=0
  Details: Batch finished: 2 saved, 0 failed. Latest: mc-vetstdr/subj-vets90057-assessment (567 chars).
  Queue: 57 program(s) prioritised — 0 still to assemble
------------------------------------------------------------
[2026-08-30 21:58:01] ACTION=IDLE attempted=0 saved=0 failed=0
  Details: All target pages in flight or complete
  Queue: 57 program(s) prioritised — 0 still to assemble
------------------------------------------------------------
[2026-08-30 22:18:16] ACTION=IDLE attempted=0 saved=0 failed=0
  Details: All target pages in flight or complete
  Queue: 57 program(s) prioritised — 0 still to assemble
------------------------------------------------------------
[2026-08-30 22:37:50] ACTION=IDLE attempted=0 saved=0 failed=0
  Details: All target pages in flight or complete
  Queue: 57 program(s) prioritised — 0 still to assemble
------------------------------------------------------------
[2026-08-30 22:41:07] ACTION=CAPTURE attempted=2 saved=1 failed=1
  Details: Batch finished: 1 saved, 1 failed. Latest: mc-vetstdr/subj-vets90050 (1241 chars).
  Queue: 57 program(s) prioritised — 0 still to assemble
------------------------------------------------------------
[2026-08-30 22:44:20] ACTION=IDLE attempted=0 saved=0 failed=0
  Details: All target pages in flight or complete
  Queue: 57 program(s) prioritised — 0 still to assemble
------------------------------------------------------------
[2026-08-30 23:02:24] ACTION=IDLE attempted=0 saved=0 failed=0
  Details: All target pages in flight or complete
  Queue: 57 program(s) prioritised — 0 still to assemble
------------------------------------------------------------
[2026-08-30 23:04:22] ACTION=IDLE attempted=0 saved=0 failed=0
  Details: All target pages in flight or complete
  Queue: 57 program(s) prioritised — 0 still to assemble
------------------------------------------------------------
[2026-08-30 23:24:40] ACTION=CAPTURE attempted=1 saved=1 failed=0
  Details: Batch finished: 1 saved, 0 failed. Latest: mc-vetstdr/subj-vets90050-assessment (3247 chars).
  Queue: 57 program(s) prioritised — 0 still to assemble
------------------------------------------------------------
[2026-08-30 23:29:21] ACTION=IDLE attempted=0 saved=0 failed=0
  Details: All target pages in flight or complete
  Queue: 57 program(s) prioritised — 0 still to assemble
------------------------------------------------------------
[2026-08-30 23:35:16] ACTION=IDLE attempted=0 saved=0 failed=0
  Details: All target pages in flight or complete
  Queue: 57 program(s) prioritised — 0 still to assemble
------------------------------------------------------------
[2026-08-30 23:45:32] ACTION=IDLE attempted=0 saved=0 failed=0
  Details: All target pages in flight or complete
  Queue: 57 program(s) prioritised — 0 still to assemble
------------------------------------------------------------
[2026-08-31 00:06:38] ACTION=IDLE attempted=0 saved=0 failed=0
  Details: All target pages in flight or complete
  Queue: 57 program(s) prioritised — 0 still to assemble
------------------------------------------------------------
[2026-08-31 00:28:59] ACTION=IDLE attempted=0 saved=0 failed=0
  Details: All target pages in flight or complete
  Queue: 57 program(s) prioritised — 0 still to assemble
------------------------------------------------------------
[2026-08-31 00:48:26] ACTION=IDLE attempted=0 saved=0 failed=0
  Details: All target pages in flight or complete
  Queue: 57 program(s) prioritised — 0 still to assemble
------------------------------------------------------------
[2026-08-31 00:51:02] ACTION=IDLE attempted=0 saved=0 failed=0
  Details: All target pages in flight or complete
  Queue: 57 program(s) prioritised — 0 still to assemble
------------------------------------------------------------
[2026-08-31 01:14:10] ACTION=CAPTURE attempted=1 saved=0 failed=1
  Details: Batch finished: 0 saved, 1 failed.
  Queue: 57 program(s) prioritised — 0 still to assemble
------------------------------------------------------------
[2026-08-31 01:38:23] ACTION=CAPTURE attempted=1 saved=0 failed=1
  Details: Batch finished: 0 saved, 1 failed.
  Queue: 57 program(s) prioritised — 0 still to assemble
------------------------------------------------------------
[2026-08-31 01:56:42] ACTION=IDLE attempted=0 saved=0 failed=0
  Details: All target pages in flight or complete
  Queue: 57 program(s) prioritised — 0 still to assemble
------------------------------------------------------------
[2026-08-31 01:58:12] ACTION=IDLE attempted=0 saved=0 failed=0
  Details: All target pages in flight or complete
  Queue: 57 program(s) prioritised — 0 still to assemble
------------------------------------------------------------
[2026-08-31 01:59:55] ACTION=IDLE attempted=0 saved=0 failed=0
  Details: All target pages in flight or complete
  Queue: 57 program(s) prioritised — 0 still to assemble
------------------------------------------------------------
[2026-08-31 02:20:15] ACTION=IDLE attempted=0 saved=0 failed=0
  Details: All target pages in flight or complete
  Queue: 57 program(s) prioritised — 0 still to assemble
------------------------------------------------------------
[2026-08-31 02:34:01] ACTION=IDLE attempted=0 saved=0 failed=0
  Details: All target pages in flight or complete
  Queue: 57 program(s) prioritised — 0 still to assemble
------------------------------------------------------------
[2026-08-31 02:42:15] ACTION=IDLE attempted=0 saved=0 failed=0
  Details: All target pages in flight or complete
  Queue: 57 program(s) prioritised — 0 still to assemble
------------------------------------------------------------
[2026-08-31 02:47:58] ACTION=IDLE attempted=0 saved=0 failed=0
  Details: All target pages in flight or complete
  Queue: 57 program(s) prioritised — 0 still to assemble
------------------------------------------------------------
[2026-08-31 02:54:02] ACTION=IDLE attempted=0 saved=0 failed=0
  Details: All target pages in flight or complete
  Queue: 57 program(s) prioritised — 0 still to assemble
------------------------------------------------------------
[2026-08-31 03:05:34] ACTION=IDLE attempted=0 saved=0 failed=0
  Details: All target pages in flight or complete
  Queue: 57 program(s) prioritised — 0 still to assemble
------------------------------------------------------------
[2026-08-31 03:26:20] ACTION=IDLE attempted=0 saved=0 failed=0
  Details: All target pages in flight or complete
  Queue: 57 program(s) prioritised — 0 still to assemble
------------------------------------------------------------
[2026-08-31 03:33:50] ACTION=IDLE attempted=0 saved=0 failed=0
  Details: All target pages in flight or complete
  Queue: 57 program(s) prioritised — 0 still to assemble
------------------------------------------------------------
[2026-08-31 03:46:22] ACTION=IDLE attempted=0 saved=0 failed=0
  Details: All target pages in flight or complete
  Queue: 57 program(s) prioritised — 0 still to assemble
------------------------------------------------------------
[2026-08-31 04:01:55] ACTION=IDLE attempted=0 saved=0 failed=0
  Details: All target pages in flight or complete
  Queue: 57 program(s) prioritised — 0 still to assemble
------------------------------------------------------------
[2026-08-31 04:08:25] ACTION=IDLE attempted=0 saved=0 failed=0
  Details: All target pages in flight or complete
  Queue: 57 program(s) prioritised — 0 still to assemble
------------------------------------------------------------
[2026-08-31 04:28:28] ACTION=IDLE attempted=0 saved=0 failed=0
  Details: All target pages in flight or complete
  Queue: 57 program(s) prioritised — 0 still to assemble
------------------------------------------------------------
[2026-08-31 04:49:32] ACTION=IDLE attempted=0 saved=0 failed=0
  Details: All target pages in flight or complete
  Queue: 57 program(s) prioritised — 0 still to assemble
------------------------------------------------------------
[2026-08-31 05:10:30] ACTION=IDLE attempted=0 saved=0 failed=0
  Details: All target pages in flight or complete
  Queue: 57 program(s) prioritised — 0 still to assemble
------------------------------------------------------------
[2026-08-31 05:31:36] ACTION=IDLE attempted=0 saved=0 failed=0
  Details: All target pages in flight or complete
  Queue: 57 program(s) prioritised — 0 still to assemble
------------------------------------------------------------
[2026-08-31 05:52:33] ACTION=IDLE attempted=0 saved=0 failed=0
  Details: All target pages in flight or complete
  Queue: 57 program(s) prioritised — 0 still to assemble
------------------------------------------------------------
[2026-08-31 06:06:58] ACTION=IDLE attempted=0 saved=0 failed=0
  Details: All target pages in flight or complete
  Queue: 57 program(s) prioritised — 0 still to assemble
------------------------------------------------------------
[2026-08-31 06:13:35] ACTION=IDLE attempted=0 saved=0 failed=0
  Details: All target pages in flight or complete
  Queue: 57 program(s) prioritised — 0 still to assemble
------------------------------------------------------------
[2026-08-31 06:34:38] ACTION=IDLE attempted=0 saved=0 failed=0
  Details: All target pages in flight or complete
  Queue: 57 program(s) prioritised — 0 still to assemble
------------------------------------------------------------
[2026-08-31 06:39:06] ACTION=IDLE attempted=0 saved=0 failed=0
  Details: All target pages in flight or complete
  Queue: 57 program(s) prioritised — 0 still to assemble
------------------------------------------------------------
[2026-08-31 06:58:37] ACTION=IDLE attempted=0 saved=0 failed=0
  Details: All target pages in flight or complete
  Queue: 57 program(s) prioritised — 0 still to assemble
------------------------------------------------------------
[2026-08-31 07:20:24] ACTION=IDLE attempted=0 saved=0 failed=0
  Details: All target pages in flight or complete
  Queue: 57 program(s) prioritised — 0 still to assemble
------------------------------------------------------------
[2026-08-31 07:40:27] ACTION=IDLE attempted=0 saved=0 failed=0
  Details: All target pages in flight or complete
  Queue: 57 program(s) prioritised — 0 still to assemble
------------------------------------------------------------
[2026-08-31 07:49:38] ACTION=IDLE attempted=0 saved=0 failed=0
  Details: All target pages in flight or complete
  Queue: 57 program(s) prioritised — 0 still to assemble
------------------------------------------------------------
[2026-08-31 08:00:32] ACTION=IDLE attempted=0 saved=0 failed=0
  Details: All target pages in flight or complete
  Queue: 57 program(s) prioritised — 0 still to assemble
------------------------------------------------------------
[2026-08-31 08:16:03] ACTION=IDLE attempted=0 saved=0 failed=0
  Details: All target pages in flight or complete
  Queue: 57 program(s) prioritised — 0 still to assemble
------------------------------------------------------------
[2026-08-31 08:22:31] ACTION=IDLE attempted=0 saved=0 failed=0
  Details: All target pages in flight or complete
  Queue: 57 program(s) prioritised — 1 still to assemble
------------------------------------------------------------
[2026-08-31 08:25:05] ACTION=IDLE attempted=0 saved=0 failed=0
  Details: All target pages in flight or complete
  Queue: 57 program(s) prioritised — 1 still to assemble
------------------------------------------------------------
[2026-08-31 10:56:11] ACTION=CAPTURE attempted=2 saved=2 failed=0
  Details: Batch finished: 2 saved, 0 failed. Latest: mc-bamktg/subj-busa90053-assessment (2009 chars).
  Queue: 57 program(s) prioritised — 1 still to assemble
------------------------------------------------------------
[2026-08-31 10:58:35] ACTION=CAPTURE attempted=6 saved=6 failed=0
  Details: Batch finished: 6 saved, 0 failed. Latest: mc-arclarc/specialisations (1251 chars).
  Queue: 57 program(s) prioritised — 1 still to assemble
------------------------------------------------------------
[2026-08-31 11:08:54] ACTION=CAPTURE attempted=2 saved=2 failed=0
  Details: Batch finished: 2 saved, 0 failed. Latest: mc-bamktg/subj-busa90124-assessment (877 chars).
  Queue: 57 program(s) prioritised — 1 still to assemble
------------------------------------------------------------
[2026-08-31 11:11:17] ACTION=CAPTURE attempted=2 saved=0 failed=2
  Details: Batch finished: 0 saved, 2 failed.
  Queue: 57 program(s) prioritised — 1 still to assemble
------------------------------------------------------------
[2026-08-31 11:14:10] ACTION=CAPTURE attempted=2 saved=2 failed=0
  Details: Batch finished: 2 saved, 0 failed. Latest: mc-bamktg/subj-busa90491-assessment (906 chars).
  Queue: 57 program(s) prioritised — 1 still to assemble
------------------------------------------------------------
[2026-08-31 11:16:29] ACTION=CAPTURE attempted=42 saved=42 failed=0
  Details: Batch finished: 42 saved, 0 failed. Latest: mc-ymhmo/specialisations (535 chars).
  Queue: 57 program(s) prioritised — 1 still to assemble
------------------------------------------------------------
[2026-08-31 11:18:13] ACTION=CAPTURE attempted=2 saved=2 failed=0
  Details: Batch finished: 2 saved, 0 failed. Latest: mc-bamktg/subj-busa90086-assessment (1089 chars).
  Queue: 57 program(s) prioritised — 1 still to assemble
------------------------------------------------------------
[2026-08-31 11:21:23] ACTION=CAPTURE attempted=2 saved=2 failed=0
  Details: Batch finished: 2 saved, 0 failed. Latest: mc-bamktg/subj-busa90493-assessment (765 chars).
  Queue: 57 program(s) prioritised — 1 still to assemble
------------------------------------------------------------
[2026-08-31 11:25:14] ACTION=CAPTURE attempted=2 saved=1 failed=1
  Details: Batch finished: 1 saved, 1 failed. Latest: mc-foodpi/subj-food90038-assessment (1099 chars).
  Queue: 57 program(s) prioritised — 1 still to assemble
------------------------------------------------------------
[2026-08-31 11:28:13] ACTION=CAPTURE attempted=2 saved=2 failed=0
  Details: Batch finished: 2 saved, 0 failed. Latest: mc-foodpi/subj-mgmt90140 (2347 chars).
  Queue: 57 program(s) prioritised — 1 still to assemble
------------------------------------------------------------
[2026-08-31 11:31:19] ACTION=CAPTURE attempted=2 saved=2 failed=0
  Details: Batch finished: 2 saved, 0 failed. Latest: mc-bamktg/subj-busa90167-assessment (788 chars).
  Queue: 57 program(s) prioritised — 1 still to assemble
------------------------------------------------------------
[2026-08-31 11:34:15] ACTION=CAPTURE attempted=2 saved=2 failed=0
  Details: Batch finished: 2 saved, 0 failed. Latest: mc-bamktg/subj-busa90360-assessment (2959 chars).
  Queue: 57 program(s) prioritised — 1 still to assemble
------------------------------------------------------------
[2026-08-31 11:36:13] ACTION=CAPTURE attempted=2 saved=2 failed=0
  Details: Batch finished: 2 saved, 0 failed. Latest: mc-foodpi/subj-mktg90037 (3316 chars).
  Queue: 57 program(s) prioritised — 1 still to assemble
------------------------------------------------------------
[2026-08-31 11:39:46] ACTION=CAPTURE attempted=2 saved=2 failed=0
  Details: Batch finished: 2 saved, 0 failed. Latest: mc-arclarc/subj-abpl90288-assessment (1241 chars).
  Queue: 57 program(s) prioritised — 1 still to assemble
------------------------------------------------------------
[2026-08-31 11:42:12] ACTION=CAPTURE attempted=2 saved=2 failed=0
  Details: Batch finished: 2 saved, 0 failed. Latest: mc-arclarc/subj-abpl90424-assessment (1302 chars).
  Queue: 57 program(s) prioritised — 1 still to assemble
------------------------------------------------------------
[2026-08-31 11:45:09] ACTION=CAPTURE attempted=2 saved=2 failed=0
  Details: Batch finished: 2 saved, 0 failed. Latest: mc-bamktg/subj-busa90494-assessment (777 chars).
  Queue: 57 program(s) prioritised — 1 still to assemble
------------------------------------------------------------
[2026-08-31 11:48:11] ACTION=CAPTURE attempted=2 saved=0 failed=2
  Details: Batch finished: 0 saved, 2 failed.
  Queue: 57 program(s) prioritised — 1 still to assemble
------------------------------------------------------------
[2026-08-31 11:53:11] ACTION=CAPTURE attempted=2 saved=2 failed=0
  Details: Batch finished: 2 saved, 0 failed. Latest: mc-biosenh/subj-poph90117-assessment (921 chars).
  Queue: 57 program(s) prioritised — 1 still to assemble
------------------------------------------------------------
[2026-08-31 11:56:12] ACTION=CAPTURE attempted=2 saved=2 failed=0
  Details: Batch finished: 2 saved, 0 failed. Latest: mc-biosenh/subj-poph90242 (2977 chars).
  Queue: 57 program(s) prioritised — 1 still to assemble
------------------------------------------------------------
[2026-08-31 11:59:19] ACTION=CAPTURE attempted=2 saved=2 failed=0
  Details: Batch finished: 2 saved, 0 failed. Latest: mc-cmprop/subj-abpl90130-assessment (1026 chars).
  Queue: 57 program(s) prioritised — 1 still to assemble
------------------------------------------------------------
[2026-08-31 12:03:19] ACTION=CAPTURE attempted=2 saved=2 failed=0
  Details: Batch finished: 2 saved, 0 failed. Latest: mc-bamktg/subj-busa90492-assessment (878 chars).
  Queue: 57 program(s) prioritised — 1 still to assemble
------------------------------------------------------------
[2026-08-31 12:09:12] ACTION=CAPTURE attempted=2 saved=2 failed=0
  Details: Batch finished: 2 saved, 0 failed. Latest: mc-cmprop/subj-abpl90275-assessment (937 chars).
  Queue: 57 program(s) prioritised — 1 still to assemble
------------------------------------------------------------
[2026-08-31 12:21:12] ACTION=CAPTURE attempted=2 saved=2 failed=0
  Details: Batch finished: 2 saved, 0 failed. Latest: mc-bamktg/subj-busa90341-assessment (842 chars).
  Queue: 57 program(s) prioritised — 1 still to assemble
------------------------------------------------------------
[2026-08-31 12:25:13] ACTION=CAPTURE attempted=2 saved=2 failed=0
  Details: Batch finished: 2 saved, 0 failed. Latest: mc-cmprop/subj-abpl90086-assessment (1514 chars).
  Queue: 57 program(s) prioritised — 1 still to assemble
------------------------------------------------------------
[2026-08-31 12:28:12] ACTION=CAPTURE attempted=2 saved=2 failed=0
  Details: Batch finished: 2 saved, 0 failed. Latest: mc-cmprop/subj-abpl90293 (2915 chars).
  Queue: 57 program(s) prioritised — 1 still to assemble
------------------------------------------------------------
[2026-08-31 12:32:16] ACTION=CAPTURE attempted=2 saved=2 failed=0
  Details: Batch finished: 2 saved, 0 failed. Latest: mc-cmprop/subj-abpl90293-assessment (1135 chars).
  Queue: 57 program(s) prioritised — 1 still to assemble
------------------------------------------------------------
[2026-08-31 12:35:14] ACTION=CAPTURE attempted=2 saved=2 failed=0
  Details: Batch finished: 2 saved, 0 failed. Latest: mc-cmprop/subj-abpl90313-assessment (1402 chars).
  Queue: 57 program(s) prioritised — 1 still to assemble
------------------------------------------------------------
[2026-08-31 12:38:31] ACTION=CAPTURE attempted=2 saved=2 failed=0
  Details: Batch finished: 2 saved, 0 failed. Latest: mc-cmprop/subj-abpl90335-assessment (3056 chars).
  Queue: 57 program(s) prioritised — 1 still to assemble
------------------------------------------------------------
[2026-08-31 12:41:54] ACTION=CAPTURE attempted=200 saved=200 failed=0
  Details: Batch finished: 200 saved, 0 failed. Latest: mc-foodpi/subj-food90038 (1448 chars).
  Queue: 57 program(s) prioritised — 1 still to assemble
------------------------------------------------------------
[2026-08-31 12:42:14] ACTION=CAPTURE attempted=2 saved=2 failed=0
  Details: Batch finished: 2 saved, 0 failed. Latest: mc-cmprop/subj-abpl90435-assessment (1042 chars).
  Queue: 57 program(s) prioritised — 1 still to assemble
------------------------------------------------------------
[2026-08-31 12:45:15] ACTION=CAPTURE attempted=2 saved=2 failed=0
  Details: Batch finished: 2 saved, 0 failed. Latest: mc-ymhmo/subj-psyt90133 (2921 chars).
  Queue: 57 program(s) prioritised — 1 still to assemble
------------------------------------------------------------
[2026-08-31 12:50:20] ACTION=CAPTURE attempted=2 saved=2 failed=0
  Details: Batch finished: 2 saved, 0 failed. Latest: mc-ymhmo/subj-psyt90134 (2785 chars).
  Queue: 57 program(s) prioritised — 1 still to assemble
------------------------------------------------------------
[2026-08-31 12:53:50] ACTION=CAPTURE attempted=1 saved=1 failed=0
  Details: Batch finished: 1 saved, 0 failed. Latest: mc-ymhmo/subj-psyt90134-assessment (557 chars).
  Queue: 57 program(s) prioritised — 1 still to assemble
------------------------------------------------------------
[2026-08-31 12:56:43] ACTION=IDLE attempted=0 saved=0 failed=0
  Details: All target pages in flight or complete
  Queue: 57 program(s) prioritised — 1 still to assemble
------------------------------------------------------------
[2026-08-31 12:59:51] ACTION=IDLE attempted=0 saved=0 failed=0
  Details: All target pages in flight or complete
  Queue: 57 program(s) prioritised — 1 still to assemble
------------------------------------------------------------
[2026-08-31 13:01:42] ACTION=ERROR attempted=0 saved=0 failed=0
  Reason: Challenge detected: challenge page detected: rew-the-dare-is-thounce
  Queue: BREAKER OPEN — cooling off: 29m left, consecutive block 1, reason 'challenge page detected: rew-the-dare-is-thounce'
------------------------------------------------------------
[2026-08-31 13:04:50] ACTION=IDLE attempted=0 saved=0 failed=0
  Details: All target pages in flight or complete
  Queue: 57 program(s) prioritised — 1 still to assemble
------------------------------------------------------------
[2026-08-31 13:20:27] ACTION=ERROR attempted=0 saved=0 failed=0
  Reason: Challenge detected: challenge page detected: rew-the-dare-is-thounce
  Queue: BREAKER OPEN — cooling off: 29m left, consecutive block 1, reason 'challenge page detected: rew-the-dare-is-thounce'
------------------------------------------------------------
[2026-08-31 13:52:19] ACTION=CAPTURE attempted=2 saved=2 failed=0
  Details: Batch finished: 2 saved, 0 failed. Latest: mc-bamktg/subj-busa90090-assessment (929 chars).
  Queue: 57 program(s) prioritised — 1 still to assemble
------------------------------------------------------------
[2026-08-31 14:09:16] ACTION=ERROR attempted=0 saved=0 failed=0
  Reason: Challenge detected: challenge page detected: rew-the-dare-is-thounce
  Queue: BREAKER OPEN — cooling off: 29m left, consecutive block 1, reason 'challenge page detected: rew-the-dare-is-thounce'
------------------------------------------------------------
[2026-08-31 14:11:18] ACTION=CAPTURE attempted=2 saved=2 failed=0
  Details: Batch finished: 2 saved, 0 failed. Latest: mc-mgmtscm/subj-busa90473-assessment (2136 chars).
  Queue: 57 program(s) prioritised — 1 still to assemble
------------------------------------------------------------
[2026-08-31 14:13:22] ACTION=CAPTURE attempted=2 saved=2 failed=0
  Details: Batch finished: 2 saved, 0 failed. Latest: mc-mgmtscm/subj-fnce90060 (3462 chars).
  Queue: 57 program(s) prioritised — 1 still to assemble
------------------------------------------------------------
[2026-08-31 14:16:28] ACTION=CAPTURE attempted=2 saved=2 failed=0
  Details: Batch finished: 2 saved, 0 failed. Latest: mc-mgmtscm/subj-mgmt90026 (3165 chars).
  Queue: 57 program(s) prioritised — 1 still to assemble
------------------------------------------------------------
[2026-08-31 14:19:22] ACTION=CAPTURE attempted=2 saved=2 failed=0
  Details: Batch finished: 2 saved, 0 failed. Latest: mc-mgmtscm/subj-mgmt90032 (2824 chars).
  Queue: 57 program(s) prioritised — 1 still to assemble
------------------------------------------------------------
[2026-08-31 14:22:22] ACTION=CAPTURE attempted=2 saved=2 failed=0
  Details: Batch finished: 2 saved, 0 failed. Latest: mc-mgmtscm/subj-mgmt90280 (2421 chars).
  Queue: 57 program(s) prioritised — 1 still to assemble
------------------------------------------------------------
[2026-08-31 14:25:21] ACTION=CAPTURE attempted=2 saved=2 failed=0
  Details: Batch finished: 2 saved, 0 failed. Latest: mc-mgmtscm/subj-mgmt90295 (1640 chars).
  Queue: 57 program(s) prioritised — 1 still to assemble
------------------------------------------------------------
[2026-08-31 14:27:20] ACTION=CAPTURE attempted=2 saved=2 failed=0
  Details: Batch finished: 2 saved, 0 failed. Latest: mc-mgmtscm/subj-mgmt90297 (2521 chars).
  Queue: 57 program(s) prioritised — 1 still to assemble
------------------------------------------------------------
[2026-08-31 14:30:23] ACTION=CAPTURE attempted=2 saved=2 failed=0
  Details: Batch finished: 2 saved, 0 failed. Latest: mc-mgmtscm/subj-mktg90037 (3316 chars).
  Queue: 57 program(s) prioritised — 1 still to assemble
------------------------------------------------------------
[2026-08-31 14:32:20] ACTION=CAPTURE attempted=2 saved=2 failed=0
  Details: Batch finished: 2 saved, 0 failed. Latest: mc-genohlt/subj-welf90004 (2006 chars).
  Queue: 57 program(s) prioritised — 1 still to assemble
------------------------------------------------------------
[2026-08-31 14:35:22] ACTION=CAPTURE attempted=2 saved=2 failed=0
  Details: Batch finished: 2 saved, 0 failed. Latest: mc-mti/subj-bmen90011-assessment (1191 chars).
  Queue: 57 program(s) prioritised — 1 still to assemble
------------------------------------------------------------
[2026-08-31 14:38:22] ACTION=CAPTURE attempted=2 saved=2 failed=0
  Details: Batch finished: 2 saved, 0 failed. Latest: mc-pubcom/subj-arts90032-assessment (1864 chars).
  Queue: 57 program(s) prioritised — 1 still to assemble
------------------------------------------------------------
[2026-08-31 14:42:21] ACTION=CAPTURE attempted=2 saved=2 failed=0
  Details: Batch finished: 2 saved, 0 failed. Latest: mc-mgmtscm/subj-mgmt90141 (2695 chars).
  Queue: 57 program(s) prioritised — 1 still to assemble
------------------------------------------------------------
[2026-08-31 14:44:21] ACTION=CAPTURE attempted=2 saved=2 failed=0
  Details: Batch finished: 2 saved, 0 failed. Latest: mc-pubcom/subj-ling90002-assessment (1852 chars).
  Queue: 57 program(s) prioritised — 1 still to assemble
------------------------------------------------------------
[2026-08-31 14:47:20] ACTION=CAPTURE attempted=2 saved=2 failed=0
  Details: Batch finished: 2 saved, 0 failed. Latest: mc-mgmtscm/subj-mgmt90296 (1982 chars).
  Queue: 57 program(s) prioritised — 1 still to assemble
------------------------------------------------------------
[2026-08-31 14:50:25] ACTION=CAPTURE attempted=2 saved=2 failed=0
  Details: Batch finished: 2 saved, 0 failed. Latest: mc-pubcom/subj-mecm90017-assessment (1798 chars).
  Queue: 57 program(s) prioritised — 1 still to assemble
------------------------------------------------------------
[2026-08-31 14:53:22] ACTION=CAPTURE attempted=2 saved=2 failed=0
  Details: Batch finished: 2 saved, 0 failed. Latest: mc-pubcom/subj-mecm90037-assessment (1588 chars).
  Queue: 57 program(s) prioritised — 1 still to assemble
------------------------------------------------------------
[2026-08-31 14:59:11] ACTION=CAPTURE attempted=2 saved=2 failed=0
  Details: Batch finished: 2 saved, 0 failed. Latest: mc-mgmtscm/subj-ibus90008 (2475 chars).
  Queue: 57 program(s) prioritised — 1 still to assemble
------------------------------------------------------------
[2026-08-31 15:01:13] ACTION=CAPTURE attempted=2 saved=0 failed=2
  Details: Batch finished: 0 saved, 2 failed.
  Queue: 57 program(s) prioritised — 1 still to assemble
------------------------------------------------------------
[2026-08-31 15:05:23] ACTION=CAPTURE attempted=2 saved=2 failed=0
  Details: Batch finished: 2 saved, 0 failed. Latest: mc-pubcom/subj-jour90029-assessment (2029 chars).
  Queue: 57 program(s) prioritised — 1 still to assemble
------------------------------------------------------------
[2026-08-31 15:09:13] ACTION=CAPTURE attempted=2 saved=2 failed=0
  Details: Batch finished: 2 saved, 0 failed. Latest: mc-pubcom/subj-publ90001-assessment (1721 chars).
  Queue: 57 program(s) prioritised — 1 still to assemble
------------------------------------------------------------
[2026-08-31 15:12:12] ACTION=CAPTURE attempted=2 saved=2 failed=0
  Details: Batch finished: 2 saved, 0 failed. Latest: mc-pubcom/subj-publ90002-assessment (1686 chars).
  Queue: 57 program(s) prioritised — 1 still to assemble
------------------------------------------------------------
[2026-08-31 15:15:13] ACTION=CAPTURE attempted=2 saved=2 failed=0
  Details: Batch finished: 2 saved, 0 failed. Latest: mc-pubcom/subj-publ90015-assessment (1605 chars).
  Queue: 57 program(s) prioritised — 1 still to assemble
------------------------------------------------------------
[2026-08-31 15:18:13] ACTION=CAPTURE attempted=2 saved=2 failed=0
  Details: Batch finished: 2 saved, 0 failed. Latest: mc-pubcom/subj-publ90022-assessment (1734 chars).
  Queue: 57 program(s) prioritised — 1 still to assemble
------------------------------------------------------------
[2026-08-31 15:22:11] ACTION=CAPTURE attempted=2 saved=1 failed=1
  Details: Batch finished: 1 saved, 1 failed. Latest: mc-pubcom/subj-mecm90045 (1000 chars).
  Queue: 57 program(s) prioritised — 1 still to assemble
------------------------------------------------------------
[2026-08-31 15:25:13] ACTION=CAPTURE attempted=2 saved=2 failed=0
  Details: Batch finished: 2 saved, 0 failed. Latest: mc-pubcom/subj-publ90023-assessment (716 chars).
  Queue: 57 program(s) prioritised — 1 still to assemble
------------------------------------------------------------
[2026-08-31 15:27:10] ACTION=CAPTURE attempted=224 saved=224 failed=0
  Details: Batch finished: 224 saved, 0 failed. Latest: mc-ymhmo/subj-psyt90132 (2529 chars).
  Queue: 57 program(s) prioritised — 1 still to assemble
------------------------------------------------------------
[2026-08-31 15:27:14] ACTION=CAPTURE attempted=2 saved=2 failed=0
  Details: Batch finished: 2 saved, 0 failed. Latest: mc-pubcom/subj-publ90025-assessment (2011 chars).
  Queue: 57 program(s) prioritised — 1 still to assemble
------------------------------------------------------------
[2026-08-31 15:28:43] ACTION=IDLE attempted=0 saved=0 failed=0
  Details: All target pages in flight or complete
  Queue: 57 program(s) prioritised — 1 still to assemble
------------------------------------------------------------
[2026-08-31 15:31:43] ACTION=IDLE attempted=0 saved=0 failed=0
  Details: All target pages in flight or complete
  Queue: 57 program(s) prioritised — 1 still to assemble
------------------------------------------------------------
[2026-08-31 15:35:44] ACTION=IDLE attempted=0 saved=0 failed=0
  Details: All target pages in flight or complete
  Queue: 57 program(s) prioritised — 1 still to assemble
------------------------------------------------------------
[2026-08-31 15:38:03] ACTION=IDLE attempted=0 saved=0 failed=0
  Details: All target pages in flight or complete
  Queue: 57 program(s) prioritised — 1 still to assemble
------------------------------------------------------------
[2026-08-31 15:40:48] ACTION=CAPTURE attempted=1 saved=1 failed=0
  Details: Batch finished: 1 saved, 0 failed. Latest: mc-pubcom/subj-mecm90045-assessment (1697 chars).
  Queue: 57 program(s) prioritised — 1 still to assemble
------------------------------------------------------------
[2026-08-31 15:43:59] ACTION=IDLE attempted=0 saved=0 failed=0
  Details: All target pages in flight or complete
  Queue: 57 program(s) prioritised — 1 still to assemble
------------------------------------------------------------
[2026-08-31 15:47:15] ACTION=CAPTURE attempted=2 saved=2 failed=0
  Details: Batch finished: 2 saved, 0 failed. Latest: mc-pubcom/subj-mult90019-assessment (1747 chars).
  Queue: 57 program(s) prioritised — 1 still to assemble
------------------------------------------------------------
[2026-08-31 15:51:15] ACTION=CAPTURE attempted=2 saved=2 failed=0
  Details: Batch finished: 2 saved, 0 failed. Latest: mc-teachsa/subj-educ91121-assessment (2640 chars).
  Queue: 57 program(s) prioritised — 1 still to assemble
------------------------------------------------------------
[2026-08-31 15:52:44] ACTION=ERROR attempted=0 saved=0 failed=0
  Reason: Challenge detected: challenge page detected: rew-the-dare-is-thounce
  Queue: BREAKER OPEN — cooling off: 29m left, consecutive block 1, reason 'challenge page detected: rew-the-dare-is-thounce'
------------------------------------------------------------
[2026-08-31 16:32:24] ACTION=CAPTURE attempted=20 saved=20 failed=0
  Details: Batch finished: 20 saved, 0 failed. Latest: mc-tranint/comp-mc-tranint-entry-2 (6496 chars).
  Queue: 57 program(s) prioritised — 1 still to assemble
------------------------------------------------------------
[2026-08-31 16:44:26] ACTION=IDLE attempted=0 saved=0 failed=0
  Details: All target pages in flight or complete
  Queue: 57 program(s) prioritised — 1 still to assemble
------------------------------------------------------------
[2026-08-31 16:45:20] ACTION=CAPTURE attempted=30 saved=30 failed=0
  Details: Batch finished: 30 saved, 0 failed. Latest: mc-tranint/subj-tran90027-assessment (1592 chars).
  Queue: 57 program(s) prioritised — 1 still to assemble
------------------------------------------------------------
[2026-08-31 16:47:59] ACTION=CAPTURE attempted=2 saved=2 failed=0
  Details: Batch finished: 2 saved, 0 failed. Latest: mc-tranint/subj-asia90008-assessment (1617 chars).
  Queue: 57 program(s) prioritised — 1 still to assemble
------------------------------------------------------------
[2026-08-31 16:49:08] ACTION=CAPTURE attempted=2 saved=2 failed=0
  Details: Batch finished: 2 saved, 0 failed. Latest: mc-teachec/specialisations (1175 chars).
  Queue: 57 program(s) prioritised — 1 still to assemble
------------------------------------------------------------
[2026-08-31 16:50:45] ACTION=CAPTURE attempted=4 saved=4 failed=0
  Details: Batch finished: 4 saved, 0 failed. Latest: mc-teachec/comp-mc-teachec-stream-4 (2635 chars).
  Queue: 57 program(s) prioritised — 1 still to assemble
------------------------------------------------------------
[2026-08-31 16:51:03] ACTION=CAPTURE attempted=2 saved=2 failed=0
  Details: Batch finished: 2 saved, 0 failed. Latest: mc-teachec/subj-educ91047-assessment (1158 chars).
  Queue: 57 program(s) prioritised — 1 still to assemble
------------------------------------------------------------
[2026-08-31 17:02:28] ACTION=CAPTURE attempted=28 saved=28 failed=0
  Details: Batch finished: 28 saved, 0 failed. Latest: mc-teachec/subj-educ91152-assessment (1703 chars).
  Queue: 57 program(s) prioritised — 1 still to assemble
------------------------------------------------------------
[2026-08-31 17:03:24] ACTION=CAPTURE attempted=2 saved=2 failed=0
  Details: Batch finished: 2 saved, 0 failed. Latest: mc-teachec/subj-educ90895-assessment (688 chars).
  Queue: 57 program(s) prioritised — 1 still to assemble
------------------------------------------------------------
[2026-08-31 17:10:00] ACTION=IDLE attempted=0 saved=0 failed=0
  Details: All target pages in flight or complete
  Queue: 57 program(s) prioritised — 1 still to assemble
------------------------------------------------------------
[2026-08-31 17:26:38] ACTION=IDLE attempted=0 saved=0 failed=0
  Details: All target pages in flight or complete
  Queue: 57 program(s) prioritised — 1 still to assemble
------------------------------------------------------------
[2026-08-31 17:30:36] ACTION=IDLE attempted=0 saved=0 failed=0
  Details: All target pages in flight or complete
  Queue: 57 program(s) prioritised — 1 still to assemble
------------------------------------------------------------
[2026-08-31 17:51:30] ACTION=IDLE attempted=0 saved=0 failed=0
  Details: All target pages in flight or complete
  Queue: 57 program(s) prioritised — 1 still to assemble
------------------------------------------------------------
[2026-08-31 18:12:49] ACTION=IDLE attempted=0 saved=0 failed=0
  Details: All target pages in flight or complete
  Queue: 57 program(s) prioritised — 1 still to assemble
------------------------------------------------------------
[2026-08-31 18:33:40] ACTION=IDLE attempted=0 saved=0 failed=0
  Details: All target pages in flight or complete
  Queue: 57 program(s) prioritised — 1 still to assemble
------------------------------------------------------------
[2026-08-31 18:53:51] ACTION=IDLE attempted=0 saved=0 failed=0
  Details: All target pages in flight or complete
  Queue: 57 program(s) prioritised — 1 still to assemble
------------------------------------------------------------
[2026-08-31 19:16:45] ACTION=IDLE attempted=0 saved=0 failed=0
  Details: All target pages in flight or complete
  Queue: 57 program(s) prioritised — 1 still to assemble
------------------------------------------------------------
[2026-08-31 19:21:15] ACTION=IDLE attempted=0 saved=0 failed=0
  Details: All target pages in flight or complete
  Queue: 57 program(s) prioritised — 1 still to assemble
------------------------------------------------------------
[2026-08-31 19:25:05] ACTION=IDLE attempted=0 saved=0 failed=0
  Details: All target pages in flight or complete
  Queue: 57 program(s) prioritised — 1 still to assemble
------------------------------------------------------------
[2026-08-31 19:30:14] ACTION=IDLE attempted=0 saved=0 failed=0
  Details: All target pages in flight or complete
  Queue: 57 program(s) prioritised — 1 still to assemble
------------------------------------------------------------
[2026-08-31 19:38:47] ACTION=IDLE attempted=0 saved=0 failed=0
  Details: All target pages in flight or complete
  Queue: 57 program(s) prioritised — 1 still to assemble
------------------------------------------------------------
[2026-08-31 20:16:58] ACTION=IDLE attempted=0 saved=0 failed=0
  Details: All target pages in flight or complete
  Queue: 57 program(s) prioritised — 1 still to assemble
------------------------------------------------------------
[2026-08-31 20:38:46] ACTION=IDLE attempted=0 saved=0 failed=0
  Details: All target pages in flight or complete
  Queue: 57 program(s) prioritised — 1 still to assemble
------------------------------------------------------------
[2026-08-31 20:58:47] ACTION=IDLE attempted=0 saved=0 failed=0
  Details: All target pages in flight or complete
  Queue: 57 program(s) prioritised — 1 still to assemble
------------------------------------------------------------
[2026-08-31 21:20:10] ACTION=IDLE attempted=0 saved=0 failed=0
  Details: All target pages in flight or complete
  Queue: 57 program(s) prioritised — 1 still to assemble
------------------------------------------------------------
[2026-08-31 21:41:50] ACTION=IDLE attempted=0 saved=0 failed=0
  Details: All target pages in flight or complete
  Queue: 57 program(s) prioritised — 1 still to assemble
------------------------------------------------------------
[2026-08-31 22:01:54] ACTION=IDLE attempted=0 saved=0 failed=0
  Details: All target pages in flight or complete
  Queue: 57 program(s) prioritised — 1 still to assemble
------------------------------------------------------------
[2026-08-31 22:22:56] ACTION=IDLE attempted=0 saved=0 failed=0
  Details: All target pages in flight or complete
  Queue: 57 program(s) prioritised — 1 still to assemble
------------------------------------------------------------
[2026-08-31 22:44:58] ACTION=IDLE attempted=0 saved=0 failed=0
  Details: All target pages in flight or complete
  Queue: 57 program(s) prioritised — 1 still to assemble
------------------------------------------------------------
tick: 2026-08-31T13:00:19Z | idle non-authoritative (live 2) | assembled 218/221 | failed 3 (mc-apling) | leased 2 (mc-bamktg)
[2026-08-31 23:04:57] ACTION=IDLE attempted=0 saved=0 failed=0
  Details: All target pages in flight or complete
  Queue: 57 program(s) prioritised — 1 still to assemble
------------------------------------------------------------
[2026-09-01 08:00:03] ACTION=CAPTURE attempted=2 saved=2 failed=0
  Details: Batch finished: 2 saved, 0 failed. Latest: mc-apling/comp-mc-apling-entry-3 (700 chars).
  Queue: 57 program(s) prioritised — 1 still to assemble
------------------------------------------------------------
[2026-09-01 08:00:29] ACTION=CAPTURE attempted=1 saved=1 failed=0
  Details: Batch finished: 1 saved, 0 failed. Latest: mc-apling/comp-mc-apling-entry-1 (700 chars).
  Queue: 57 program(s) prioritised — 1 still to assemble
------------------------------------------------------------
[2026-09-01 08:05:14] ACTION=CAPTURE attempted=8 saved=8 failed=0
  Details: Batch finished: 8 saved, 0 failed. Latest: mc-apling/comp-mc-apling-spec-2-200 (8400 chars).
  Queue: 57 program(s) prioritised — 1 still to assemble
------------------------------------------------------------
[2026-09-01 08:41:17] ACTION=CAPTURE attempted=34 saved=30 failed=4
  Details: Batch finished: 30 saved, 4 failed. Latest: mc-apling/subj-ling90044-assessment (1823 chars).
  Queue: 57 program(s) prioritised — 1 still to assemble
------------------------------------------------------------
[2026-09-01 10:14:26] ACTION=CAPTURE attempted=2 saved=2 failed=0
  Details: Batch finished: 2 saved, 0 failed. Latest: mc-mti/attributes (3604 chars).
  Queue: 57 program(s) prioritised — 1 still to assemble
------------------------------------------------------------
[2026-09-01 10:15:24] ACTION=CAPTURE attempted=1 saved=1 failed=0
  Details: Batch finished: 1 saved, 0 failed. Latest: mc-arclarc/course (3042 chars).
  Queue: 57 program(s) prioritised — 1 still to assemble
------------------------------------------------------------
[2026-09-01 12:48:53] ACTION=CAPTURE attempted=1 saved=1 failed=0
  Details: Batch finished: 1 saved, 0 failed. Latest: mc-comeco/course (1171 chars).
  Queue: 57 program(s) prioritised — 1 still to assemble
------------------------------------------------------------
[2026-09-01 12:49:09] ACTION=CAPTURE attempted=1 saved=1 failed=0
  Details: Batch finished: 1 saved, 0 failed. Latest: mc-filmtv/course (2365 chars).
  Queue: 57 program(s) prioritised — 1 still to assemble
------------------------------------------------------------
[2026-09-01 12:49:22] ACTION=CAPTURE attempted=1 saved=1 failed=0
  Details: Batch finished: 1 saved, 0 failed. Latest: mc-geosc/attributes (2259 chars).
  Queue: 57 program(s) prioritised — 1 still to assemble
------------------------------------------------------------
[2026-09-01 12:49:35] ACTION=CAPTURE attempted=1 saved=1 failed=0
  Details: Batch finished: 1 saved, 0 failed. Latest: mc-musop/course (1509 chars).
  Queue: 57 program(s) prioritised — 1 still to assemble
------------------------------------------------------------
